HistoricoID,ChamadoID,Status,Data_Status
1623,102445,Aberto,2025-01-01 07:00:00.000000000
1624,102445,Em Atendimento,2025-01-01 08:49:09.421106845
1323,101461,Aberto,2025-01-01 09:12:00.000000000
1324,101461,Em Atendimento,2025-01-01 11:34:21.344156658
1850,105209,Aberto,2025-01-01 12:34:00.000000000
2920,100574,Aberto,2025-01-01 12:47:00.000000000
4785,104046,Aberto,2025-01-01 13:52:00.000000000
1096,105472,Aberto,2025-01-01 14:04:00.000000000
1097,105472,Em Atendimento,2025-01-01 15:11:35.797058618
5423,102698,Aberto,2025-01-01 15:37:00.000000000
1851,105209,Em Atendimento,2025-01-01 15:39:09.666575479
1098,105472,Fechado,2025-01-01 15:46:26.318156958
3240,104899,Aberto,2025-01-01 17:20:00.000000000
2921,100574,Em Atendimento,2025-01-01 17:21:13.871862851
4450,109258,Aberto,2025-01-01 17:31:00.000000000
5424,102698,Em Atendimento,2025-01-01 17:59:50.077338188
4451,109258,Em Atendimento,2025-01-01 18:20:35.237297297
1852,105209,Fechado,2025-01-01 18:45:20.393514092
3242,104899,Fechado,2025-01-01 19:03:04.521960411
3241,104899,Em Atendimento,2025-01-01 21:56:53.318670927
4452,109258,Fechado,2025-01-01 22:39:16.879689096
1325,101461,Fechado,2025-01-01 23:12:11.852745868
2922,100574,Fechado,2025-01-02 00:34:08.000551143
2208,105702,Aberto,2025-01-02 08:27:00.000000000
9173,106512,Aberto,2025-01-02 10:31:00.000000000
9174,106512,Em Atendimento,2025-01-02 11:19:54.978181806
2209,105702,Em Atendimento,2025-01-02 12:00:12.215445636
428,101542,Aberto,2025-01-02 12:51:00.000000000
5425,102698,Fechado,2025-01-02 12:56:51.318042096
5699,105425,Aberto,2025-01-02 12:58:00.000000000
9175,106512,Fechado,2025-01-02 13:00:01.497389478
419,108370,Aberto,2025-01-02 13:45:00.000000000
429,101542,Em Atendimento,2025-01-02 15:03:55.761872997
2210,105702,Fechado,2025-01-02 15:15:06.189444338
382,108454,Aberto,2025-01-02 16:17:00.000000000
5700,105425,Em Atendimento,2025-01-02 16:38:46.451992206
384,108454,Fechado,2025-01-02 16:55:47.050654614
421,108370,Fechado,2025-01-02 17:27:53.388975603
420,108370,Em Atendimento,2025-01-02 18:34:11.587728094
383,108454,Em Atendimento,2025-01-02 20:06:40.613819513
5701,105425,Pendente,2025-01-02 21:50:16.112761911
430,101542,Fechado,2025-01-02 21:53:30.379479378
109,100492,Aberto,2025-01-03 07:21:00.000000000
1941,102988,Aberto,2025-01-03 07:25:00.000000000
4817,103629,Aberto,2025-01-03 09:51:00.000000000
4819,103629,Fechado,2025-01-03 10:09:00.000000000
110,100492,Em Atendimento,2025-01-03 10:51:21.671295808
120,105226,Aberto,2025-01-03 11:38:00.000000000
7440,102847,Aberto,2025-01-03 12:58:00.000000000
122,105226,Fechado,2025-01-03 13:47:24.614347096
4818,103629,Em Atendimento,2025-01-03 13:54:14.427172473
7441,102847,Em Atendimento,2025-01-03 15:38:04.676052297
6116,101504,Aberto,2025-01-03 16:20:00.000000000
121,105226,Em Atendimento,2025-01-03 16:32:33.471287789
111,100492,Fechado,2025-01-03 16:44:49.177622050
5696,101049,Aberto,2025-01-03 16:56:00.000000000
6118,101504,Fechado,2025-01-03 17:48:40.050143119
5698,101049,Fechado,2025-01-03 18:26:58.215499063
2018,101000,Aberto,2025-01-03 18:44:00.000000000
6117,101504,Em Atendimento,2025-01-03 19:59:14.027231379
5697,101049,Em Atendimento,2025-01-03 19:59:40.741493545
7398,106133,Aberto,2025-01-04 09:18:00.000000000
2468,108668,Aberto,2025-01-04 09:50:00.000000000
9503,107912,Aberto,2025-01-04 11:00:00.000000000
7399,106133,Em Atendimento,2025-01-04 11:17:17.157326581
7400,106133,Fechado,2025-01-04 12:37:11.674126268
9504,107912,Em Atendimento,2025-01-04 13:08:44.877201629
2469,108668,Em Atendimento,2025-01-04 13:43:48.092813871
2470,108668,Fechado,2025-01-04 13:44:49.639644576
7969,100554,Aberto,2025-01-04 16:05:00.000000000
9505,107912,Fechado,2025-01-04 16:07:37.085345205
7970,100554,Em Atendimento,2025-01-04 16:20:48.649217254
4216,103128,Aberto,2025-01-04 18:55:00.000000000
4217,103128,Em Atendimento,2025-01-04 21:05:45.710947262
4218,103128,Pendente,2025-01-05 03:37:21.338000827
4607,104246,Aberto,2025-01-05 07:43:00.000000000
7477,109685,Aberto,2025-01-05 09:51:00.000000000
4608,104246,Em Atendimento,2025-01-05 10:54:43.747716658
6735,100452,Aberto,2025-01-05 16:27:00.000000000
7392,100612,Aberto,2025-01-05 16:45:00.000000000
7393,100612,Em Atendimento,2025-01-05 17:02:01.152038735
8177,100109,Aberto,2025-01-05 18:39:00.000000000
6736,100452,Em Atendimento,2025-01-05 19:06:52.000170438
8178,100109,Em Atendimento,2025-01-05 19:23:55.698095280
6737,100452,Fechado,2025-01-05 20:22:11.154730202
7394,100612,Fechado,2025-01-05 22:33:17.066659989
8179,100109,Pendente,2025-01-06 06:10:47.238192806
7717,103505,Aberto,2025-01-06 08:46:00.000000000
7718,103505,Em Atendimento,2025-01-06 09:47:51.025773488
6846,107157,Aberto,2025-01-06 10:26:00.000000000
6847,107157,Em Atendimento,2025-01-06 11:44:05.511444329
1264,104315,Aberto,2025-01-06 13:25:00.000000000
1265,104315,Em Atendimento,2025-01-06 16:27:03.736100944
7335,108273,Aberto,2025-01-06 16:34:00.000000000
1266,104315,Fechado,2025-01-06 16:49:05.129733704
656,104083,Aberto,2025-01-06 17:51:00.000000000
6848,107157,Fechado,2025-01-06 18:36:48.068381438
7336,108273,Em Atendimento,2025-01-06 19:01:46.043095053
657,104083,Em Atendimento,2025-01-06 19:24:00.959374181
7719,103505,Fechado,2025-01-06 19:37:56.967483034
658,104083,Fechado,2025-01-06 22:37:05.864749647
6571,106506,Aberto,2025-01-07 07:06:00.000000000
6572,106506,Em Atendimento,2025-01-07 09:03:48.400998801
6954,109833,Aberto,2025-01-07 09:08:00.000000000
766,108464,Aberto,2025-01-07 09:52:00.000000000
6956,109833,Fechado,2025-01-07 09:56:28.361125026
6955,109833,Em Atendimento,2025-01-07 11:31:14.476838261
8782,100801,Aberto,2025-01-07 12:04:00.000000000
682,107095,Aberto,2025-01-07 12:06:00.000000000
2932,102532,Aberto,2025-01-07 12:10:00.000000000
3168,108784,Aberto,2025-01-07 12:53:00.000000000
767,108464,Em Atendimento,2025-01-07 13:24:47.090070914
8783,100801,Em Atendimento,2025-01-07 13:33:26.744538895
361,100491,Aberto,2025-01-07 14:02:00.000000000
8784,100801,Fechado,2025-01-07 14:19:46.579931910
363,100491,Fechado,2025-01-07 14:36:28.161792217
5838,107107,Aberto,2025-01-07 15:06:00.000000000
2933,102532,Em Atendimento,2025-01-07 15:54:02.159213370
8950,101709,Aberto,2025-01-07 16:34:00.000000000
768,108464,Pendente,2025-01-07 16:49:23.327740450
683,107095,Em Atendimento,2025-01-07 16:52:29.380373848
362,100491,Em Atendimento,2025-01-07 17:31:02.850749362
8951,101709,Em Atendimento,2025-01-07 18:32:52.625267867
1253,101289,Aberto,2025-01-07 18:58:00.000000000
1254,101289,Em Atendimento,2025-01-07 19:57:32.289418975
684,107095,Fechado,2025-01-07 20:00:13.821895101
1255,101289,Fechado,2025-01-08 00:32:48.011554736
7055,104636,Aberto,2025-01-08 07:50:00.000000000
1792,101849,Aberto,2025-01-08 07:58:00.000000000
7640,105097,Aberto,2025-01-08 08:18:00.000000000
441,107185,Aberto,2025-01-08 08:42:00.000000000
7641,105097,Em Atendimento,2025-01-08 09:13:30.195138393
172,109692,Aberto,2025-01-08 09:40:00.000000000
442,107185,Em Atendimento,2025-01-08 10:16:05.720561745
829,109722,Aberto,2025-01-08 10:35:00.000000000
7642,105097,Fechado,2025-01-08 10:36:07.388484260
830,109722,Em Atendimento,2025-01-08 10:49:09.328101155
8952,101709,Fechado,2025-01-08 11:07:30.847997163
5786,109172,Aberto,2025-01-08 11:14:00.000000000
7056,104636,Em Atendimento,2025-01-08 11:37:14.090906607
831,109722,Fechado,2025-01-08 13:17:51.305790661
6876,100478,Aberto,2025-01-08 15:45:00.000000000
6878,100478,Fechado,2025-01-08 16:22:33.878704519
373,105709,Aberto,2025-01-08 17:10:00.000000000
374,105709,Em Atendimento,2025-01-08 17:30:04.078948718
6877,100478,Em Atendimento,2025-01-08 17:36:58.471840262
9386,109676,Aberto,2025-01-08 18:41:00.000000000
8503,102371,Aberto,2025-01-08 18:42:00.000000000
7057,104636,Fechado,2025-01-08 19:02:46.489613202
443,107185,Pendente,2025-01-08 19:27:03.278816301
9388,109676,Fechado,2025-01-08 19:27:33.986797212
8504,102371,Em Atendimento,2025-01-08 19:37:17.285428932
375,105709,Fechado,2025-01-08 19:40:40.534300706
9387,109676,Em Atendimento,2025-01-08 23:37:37.131338004
8505,102371,Fechado,2025-01-09 02:26:08.758834717
1663,108854,Aberto,2025-01-09 15:29:00.000000000
5453,106588,Aberto,2025-01-09 18:17:00.000000000
1664,108854,Em Atendimento,2025-01-09 19:29:45.645914737
5455,106588,Fechado,2025-01-09 21:52:08.355558260
5454,106588,Em Atendimento,2025-01-09 23:00:46.799218738
1665,108854,Pendente,2025-01-10 03:28:43.498749480
1390,100581,Aberto,2025-01-10 07:18:00.000000000
1391,100581,Em Atendimento,2025-01-10 09:36:03.716854082
1552,103180,Aberto,2025-01-10 12:02:00.000000000
1392,100581,Fechado,2025-01-10 12:20:13.239571113
5331,104130,Aberto,2025-01-10 14:15:00.000000000
5333,104130,Fechado,2025-01-10 14:59:28.100663797
8860,101573,Aberto,2025-01-10 18:38:00.000000000
5332,104130,Em Atendimento,2025-01-10 19:07:02.480709207
8862,101573,Fechado,2025-01-10 20:49:57.492254148
8861,101573,Em Atendimento,2025-01-10 22:26:19.092675067
4553,100673,Aberto,2025-01-11 10:35:00.000000000
4554,100673,Em Atendimento,2025-01-11 12:23:45.529337913
4555,100673,Fechado,2025-01-11 14:12:51.239024655
7499,105836,Aberto,2025-01-11 15:59:00.000000000
8878,104511,Aberto,2025-01-12 07:58:00.000000000
5511,101989,Aberto,2025-01-12 08:09:00.000000000
2424,101417,Aberto,2025-01-12 08:17:00.000000000
5512,101989,Em Atendimento,2025-01-12 08:44:43.484143326
6675,107530,Aberto,2025-01-12 09:57:00.000000000
8879,104511,Em Atendimento,2025-01-12 10:03:17.421938458
8880,104511,Fechado,2025-01-12 10:08:59.792188227
2425,101417,Em Atendimento,2025-01-12 10:14:12.533419775
8749,100329,Aberto,2025-01-12 13:13:00.000000000
6927,108409,Aberto,2025-01-12 13:42:00.000000000
8506,105694,Aberto,2025-01-12 14:11:00.000000000
6676,107530,Em Atendimento,2025-01-12 14:36:17.374981443
5961,109438,Aberto,2025-01-12 14:43:00.000000000
8507,105694,Em Atendimento,2025-01-12 15:06:42.966431157
6929,108409,Fechado,2025-01-12 15:19:13.774139684
7687,108622,Aberto,2025-01-12 15:28:00.000000000
5513,101989,Fechado,2025-01-12 15:43:12.832427769
8750,100329,Em Atendimento,2025-01-12 16:00:39.628825940
4565,100183,Aberto,2025-01-12 16:46:00.000000000
5962,109438,Em Atendimento,2025-01-12 16:56:08.271471258
6928,108409,Em Atendimento,2025-01-12 17:52:29.235966398
4567,100183,Fechado,2025-01-12 18:50:09.300283464
2426,101417,Fechado,2025-01-12 19:10:00.556504652
4566,100183,Em Atendimento,2025-01-12 19:19:05.049925410
7688,108622,Em Atendimento,2025-01-12 19:47:47.159055228
8751,100329,Pendente,2025-01-12 20:59:48.028431381
6677,107530,Fechado,2025-01-13 00:45:47.301666642
7757,101800,Aberto,2025-01-13 07:41:00.000000000
6303,109956,Aberto,2025-01-13 09:24:00.000000000
6304,109956,Em Atendimento,2025-01-13 12:06:19.805598673
6305,109956,Fechado,2025-01-13 15:03:28.919201349
6436,102668,Aberto,2025-01-13 15:53:00.000000000
5554,104256,Aberto,2025-01-13 16:17:00.000000000
4720,102813,Aberto,2025-01-13 17:19:00.000000000
3735,100584,Aberto,2025-01-13 17:42:00.000000000
7665,106238,Aberto,2025-01-13 17:55:00.000000000
5555,104256,Em Atendimento,2025-01-13 19:23:40.538672050
4722,102813,Fechado,2025-01-13 19:29:38.031109388
6437,102668,Em Atendimento,2025-01-13 19:55:38.695580285
4721,102813,Em Atendimento,2025-01-13 19:57:45.311206844
3736,100584,Em Atendimento,2025-01-13 20:52:53.466520053
7666,106238,Em Atendimento,2025-01-13 22:46:38.489735028
3737,100584,Fechado,2025-01-13 23:02:21.373854111
5556,104256,Pendente,2025-01-14 01:12:30.118598050
6438,102668,Fechado,2025-01-14 05:00:08.558843523
7667,106238,Fechado,2025-01-14 07:22:12.661226769
3474,104957,Aberto,2025-01-14 07:40:00.000000000
7820,108066,Aberto,2025-01-14 08:17:00.000000000
7822,108066,Fechado,2025-01-14 09:44:59.032675177
4477,109845,Aberto,2025-01-14 11:19:00.000000000
4479,109845,Fechado,2025-01-14 11:37:00.000000000
3475,104957,Em Atendimento,2025-01-14 12:05:45.304655347
7821,108066,Em Atendimento,2025-01-14 12:30:56.733799760
3343,105678,Aberto,2025-01-14 13:32:00.000000000
4478,109845,Em Atendimento,2025-01-14 14:16:02.075082768
6417,101364,Aberto,2025-01-14 16:34:00.000000000
7435,103795,Aberto,2025-01-14 16:35:00.000000000
7436,103795,Em Atendimento,2025-01-14 16:57:49.382240719
3344,105678,Em Atendimento,2025-01-14 18:23:47.195960609
3345,105678,Fechado,2025-01-14 23:23:26.696454598
3770,104893,Aberto,2025-01-15 07:46:00.000000000
3771,104893,Em Atendimento,2025-01-15 11:29:56.596916020
3388,100641,Aberto,2025-01-15 13:44:00.000000000
3389,100641,Em Atendimento,2025-01-15 16:15:15.215081205
3772,104893,Fechado,2025-01-15 19:31:40.030064485
3390,100641,Fechado,2025-01-16 01:44:21.374995021
2453,106870,Aberto,2025-01-16 09:58:00.000000000
2454,106870,Em Atendimento,2025-01-16 10:38:59.174536231
6288,104484,Aberto,2025-01-16 11:18:00.000000000
2507,105816,Aberto,2025-01-16 11:44:00.000000000
6289,104484,Em Atendimento,2025-01-16 11:59:53.726607306
97,107956,Aberto,2025-01-16 12:25:00.000000000
2456,107446,Aberto,2025-01-16 13:13:00.000000000
98,107956,Em Atendimento,2025-01-16 13:55:11.352701381
2508,105816,Em Atendimento,2025-01-16 13:55:42.611924897
2458,107446,Fechado,2025-01-16 14:34:58.060493078
7860,104885,Aberto,2025-01-16 14:51:00.000000000
2509,105816,Fechado,2025-01-16 14:52:14.324444926
2457,107446,Em Atendimento,2025-01-16 15:52:07.374549776
7199,102351,Aberto,2025-01-16 16:51:00.000000000
2455,106870,Pendente,2025-01-16 18:26:20.660366759
7861,104885,Em Atendimento,2025-01-16 19:06:34.532332080
7862,104885,Fechado,2025-01-16 20:20:31.880314564
6290,104484,Fechado,2025-01-16 20:20:53.185049862
7201,102351,Fechado,2025-01-16 20:41:13.029165988
7200,102351,Em Atendimento,2025-01-16 21:09:20.184113600
547,103073,Aberto,2025-01-17 07:11:00.000000000
1142,103573,Aberto,2025-01-17 08:12:00.000000000
1143,103573,Em Atendimento,2025-01-17 08:24:44.461118403
549,103073,Fechado,2025-01-17 08:32:24.057909957
1738,108423,Aberto,2025-01-17 09:55:00.000000000
1740,108423,Fechado,2025-01-17 10:49:41.372617161
2427,106809,Aberto,2025-01-17 11:17:00.000000000
1144,103573,Fechado,2025-01-17 12:02:22.404947067
548,103073,Em Atendimento,2025-01-17 12:08:20.380812488
2428,106809,Em Atendimento,2025-01-17 13:17:14.373316509
2429,106809,Fechado,2025-01-17 13:44:59.355458881
1739,108423,Em Atendimento,2025-01-17 14:43:03.967245783
2658,106918,Aberto,2025-01-17 15:16:00.000000000
2659,106918,Em Atendimento,2025-01-17 16:27:40.359351858
2660,106918,Fechado,2025-01-18 00:38:52.055724579
99,107956,Fechado,2025-01-18 01:04:41.917870141
2381,105745,Aberto,2025-01-18 11:05:00.000000000
8083,109423,Aberto,2025-01-18 14:23:00.000000000
8084,109423,Em Atendimento,2025-01-18 16:31:20.468917124
1342,103530,Aberto,2025-01-18 18:44:00.000000000
2413,105639,Aberto,2025-01-18 18:47:00.000000000
2415,105639,Fechado,2025-01-18 19:08:07.744209307
2414,105639,Em Atendimento,2025-01-18 21:34:11.128891812
1344,103530,Fechado,2025-01-18 21:41:52.637230735
1343,103530,Em Atendimento,2025-01-18 23:05:25.876313785
2952,109379,Aberto,2025-01-19 07:21:00.000000000
2953,109379,Em Atendimento,2025-01-19 08:08:54.186906559
8649,109321,Aberto,2025-01-19 10:21:00.000000000
8650,109321,Em Atendimento,2025-01-19 11:52:37.106955393
1262,101482,Aberto,2025-01-19 12:08:00.000000000
8651,109321,Fechado,2025-01-19 12:15:28.258803550
470,105970,Aberto,2025-01-19 12:31:00.000000000
472,105970,Fechado,2025-01-19 12:57:33.082989824
2954,109379,Fechado,2025-01-19 13:16:18.336152244
8042,102447,Aberto,2025-01-19 14:24:00.000000000
471,105970,Em Atendimento,2025-01-19 14:43:00.792010966
562,108683,Aberto,2025-01-19 15:46:00.000000000
1263,101482,Em Atendimento,2025-01-19 16:53:41.587788715
8043,102447,Em Atendimento,2025-01-19 17:17:38.578148494
2442,108867,Aberto,2025-01-19 18:14:00.000000000
1765,104804,Aberto,2025-01-19 18:35:00.000000000
564,108683,Fechado,2025-01-19 18:36:20.000181336
563,108683,Em Atendimento,2025-01-19 18:48:17.825333144
1766,104804,Em Atendimento,2025-01-19 19:12:19.376440960
2443,108867,Em Atendimento,2025-01-19 19:29:11.615775617
1767,104804,Fechado,2025-01-20 02:49:58.020250617
2596,108649,Aberto,2025-01-20 08:11:00.000000000
5799,101042,Aberto,2025-01-20 09:12:00.000000000
79,106841,Aberto,2025-01-20 09:36:00.000000000
5800,101042,Em Atendimento,2025-01-20 10:07:09.987383674
3746,104663,Aberto,2025-01-20 10:19:00.000000000
80,106841,Em Atendimento,2025-01-20 10:29:25.546273416
5801,101042,Fechado,2025-01-20 12:32:28.888405890
9252,101995,Aberto,2025-01-20 12:36:00.000000000
2597,108649,Em Atendimento,2025-01-20 12:50:41.692504053
3747,104663,Em Atendimento,2025-01-20 12:52:42.009823963
7903,103337,Aberto,2025-01-20 13:05:00.000000000
1439,102003,Aberto,2025-01-20 14:10:00.000000000
3748,104663,Fechado,2025-01-20 14:38:51.002712026
9253,101995,Em Atendimento,2025-01-20 14:47:22.380725064
7905,103337,Fechado,2025-01-20 16:09:58.143497923
9254,101995,Fechado,2025-01-20 16:35:40.212988796
7904,103337,Em Atendimento,2025-01-20 16:51:00.134940746
7490,102638,Aberto,2025-01-20 17:10:00.000000000
1440,102003,Em Atendimento,2025-01-20 18:44:19.615251548
2598,108649,Fechado,2025-01-20 18:56:06.520649590
7491,102638,Em Atendimento,2025-01-20 20:05:07.498925956
1441,102003,Fechado,2025-01-21 01:38:29.065484442
7492,102638,Pendente,2025-01-21 02:43:28.461348387
1124,104428,Aberto,2025-01-21 08:16:00.000000000
3757,105191,Aberto,2025-01-21 08:37:00.000000000
2179,108633,Aberto,2025-01-21 09:16:00.000000000
3758,105191,Em Atendimento,2025-01-21 09:28:12.213445488
2180,108633,Em Atendimento,2025-01-21 10:31:39.099401715
1125,104428,Em Atendimento,2025-01-21 11:22:25.546074515
3759,105191,Fechado,2025-01-21 11:30:17.404533888
6459,106337,Aberto,2025-01-21 12:16:00.000000000
6460,106337,Em Atendimento,2025-01-21 14:16:17.064721949
1296,101190,Aberto,2025-01-21 16:53:00.000000000
3579,109214,Aberto,2025-01-21 17:40:00.000000000
3581,109214,Fechado,2025-01-21 18:33:29.105641086
2181,108633,Fechado,2025-01-21 19:18:41.827040552
1297,101190,Em Atendimento,2025-01-21 19:59:00.539562046
3580,109214,Em Atendimento,2025-01-21 21:49:00.645304008
1629,101295,Aberto,2025-01-22 08:36:00.000000000
6514,108870,Aberto,2025-01-22 08:38:00.000000000
6516,108870,Fechado,2025-01-22 09:09:12.237641713
3376,109637,Aberto,2025-01-22 09:13:00.000000000
1630,101295,Em Atendimento,2025-01-22 09:23:02.245098514
6746,103330,Aberto,2025-01-22 10:26:00.000000000
3378,109637,Fechado,2025-01-22 11:09:09.037942018
6747,103330,Em Atendimento,2025-01-22 11:36:21.397273957
6515,108870,Em Atendimento,2025-01-22 12:24:36.226638074
3377,109637,Em Atendimento,2025-01-22 12:38:06.676483432
468,102153,Aberto,2025-01-22 14:56:00.000000000
1631,101295,Pendente,2025-01-22 15:25:40.444182733
1298,101190,Fechado,2025-01-22 16:25:25.721505049
6748,103330,Pendente,2025-01-22 16:42:02.403105645
1187,103255,Aberto,2025-01-22 17:23:00.000000000
1189,103255,Fechado,2025-01-22 18:33:03.892883599
469,102153,Em Atendimento,2025-01-22 19:52:43.279092294
1188,103255,Em Atendimento,2025-01-22 21:30:23.895256592
7239,107851,Aberto,2025-01-23 09:19:00.000000000
2615,101953,Aberto,2025-01-23 13:21:00.000000000
7240,107851,Em Atendimento,2025-01-23 14:05:15.191017853
3952,102524,Aberto,2025-01-23 15:42:00.000000000
2617,101953,Fechado,2025-01-23 17:09:01.017489268
2224,100677,Aberto,2025-01-23 17:10:00.000000000
2616,101953,Em Atendimento,2025-01-23 17:38:47.728111923
5736,102758,Aberto,2025-01-23 18:48:00.000000000
3953,102524,Em Atendimento,2025-01-23 19:15:42.475280254
2225,100677,Em Atendimento,2025-01-23 19:21:49.883090198
3954,102524,Fechado,2025-01-23 20:28:02.574025503
5737,102758,Em Atendimento,2025-01-23 20:41:31.457667653
2226,100677,Fechado,2025-01-23 21:54:39.220838793
963,108967,Aberto,2025-01-24 07:42:00.000000000
965,108967,Fechado,2025-01-24 09:53:16.729798488
964,108967,Em Atendimento,2025-01-24 10:40:05.703547290
5738,102758,Fechado,2025-01-24 12:05:53.820869960
3156,106771,Aberto,2025-01-24 16:10:00.000000000
3158,106771,Fechado,2025-01-24 17:13:42.473687310
4174,106965,Aberto,2025-01-24 17:24:00.000000000
3157,106771,Em Atendimento,2025-01-24 19:34:13.953934047
4175,106965,Em Atendimento,2025-01-24 20:32:34.809573994
4176,106965,Fechado,2025-01-25 00:30:15.482262157
9377,102944,Aberto,2025-01-25 08:44:00.000000000
4576,104167,Aberto,2025-01-25 10:13:00.000000000
9378,102944,Em Atendimento,2025-01-25 10:18:00.246988643
8056,105753,Aberto,2025-01-25 10:27:00.000000000
7487,100904,Aberto,2025-01-25 10:44:00.000000000
4578,104167,Fechado,2025-01-25 10:46:39.028020663
6963,103370,Aberto,2025-01-25 10:58:00.000000000
7488,100904,Em Atendimento,2025-01-25 11:51:25.157545748
8057,105753,Em Atendimento,2025-01-25 12:16:21.158553763
4577,104167,Em Atendimento,2025-01-25 12:23:30.526873880
7489,100904,Fechado,2025-01-25 12:23:43.164597607
3844,108717,Aberto,2025-01-25 12:27:00.000000000
8227,108996,Aberto,2025-01-25 13:19:00.000000000
2618,105053,Aberto,2025-01-25 13:39:00.000000000
6237,103594,Aberto,2025-01-25 13:43:00.000000000
6965,103370,Fechado,2025-01-25 14:11:12.957653276
6964,103370,Em Atendimento,2025-01-25 14:20:07.894097067
7863,102696,Aberto,2025-01-25 17:31:00.000000000
6238,103594,Em Atendimento,2025-01-25 17:32:32.818518956
624,108344,Aberto,2025-01-25 18:36:00.000000000
625,108344,Em Atendimento,2025-01-25 19:45:32.571296345
6239,103594,Fechado,2025-01-25 20:05:45.705936306
7865,102696,Fechado,2025-01-25 21:24:24.308461694
7864,102696,Em Atendimento,2025-01-25 22:28:53.226383033
626,108344,Pendente,2025-01-26 01:31:12.738442545
8058,105753,Fechado,2025-01-26 01:53:09.933541836
9379,102944,Fechado,2025-01-26 02:46:38.673080401
7838,109808,Aberto,2025-01-26 08:49:00.000000000
7840,109808,Fechado,2025-01-26 11:39:40.223959810
7839,109808,Em Atendimento,2025-01-26 11:51:21.482409545
8944,105837,Aberto,2025-01-26 13:33:00.000000000
4033,104245,Aberto,2025-01-26 14:03:00.000000000
8933,106379,Aberto,2025-01-26 14:11:00.000000000
5727,106663,Aberto,2025-01-26 14:24:00.000000000
5729,106663,Fechado,2025-01-26 15:14:42.902775139
8934,106379,Em Atendimento,2025-01-26 15:38:17.742580751
8946,105837,Fechado,2025-01-26 16:10:04.493229110
7591,106693,Aberto,2025-01-26 16:23:00.000000000
7628,102382,Aberto,2025-01-26 16:55:00.000000000
8036,109991,Aberto,2025-01-26 17:35:00.000000000
7592,106693,Em Atendimento,2025-01-26 17:39:09.147748621
5728,106663,Em Atendimento,2025-01-26 18:05:49.983567559
8945,105837,Em Atendimento,2025-01-26 18:26:44.390090206
9213,106847,Aberto,2025-01-26 18:41:00.000000000
8038,109991,Fechado,2025-01-26 18:41:37.810265374
9214,106847,Em Atendimento,2025-01-26 19:21:30.384427790
8037,109991,Em Atendimento,2025-01-26 20:09:37.335407604
7629,102382,Em Atendimento,2025-01-26 20:12:18.885646568
7630,102382,Fechado,2025-01-26 21:05:18.176732342
22,106694,Aberto,2025-01-27 08:25:00.000000000
2910,106112,Aberto,2025-01-27 08:41:00.000000000
7369,102744,Aberto,2025-01-27 14:32:00.000000000
7371,102744,Fechado,2025-01-27 15:48:28.739383849
2553,109920,Aberto,2025-01-27 16:24:00.000000000
5636,100858,Aberto,2025-01-27 16:33:00.000000000
1383,100033,Aberto,2025-01-27 16:48:00.000000000
7370,102744,Em Atendimento,2025-01-27 17:16:09.282413976
5638,100858,Fechado,2025-01-27 18:55:20.384013439
2554,109920,Em Atendimento,2025-01-27 19:10:10.672022553
5637,100858,Em Atendimento,2025-01-27 19:46:01.262959940
4799,108126,Aberto,2025-01-28 07:54:00.000000000
6315,100484,Aberto,2025-01-28 10:43:00.000000000
4800,108126,Em Atendimento,2025-01-28 11:42:05.418389294
1644,100500,Aberto,2025-01-28 12:30:00.000000000
6317,100484,Fechado,2025-01-28 12:47:12.397282784
6316,100484,Em Atendimento,2025-01-28 13:47:37.618556881
1645,100500,Em Atendimento,2025-01-28 14:11:42.866527107
4801,108126,Fechado,2025-01-28 14:48:53.975573895
2584,108510,Aberto,2025-01-28 16:28:00.000000000
4389,102142,Aberto,2025-01-28 17:43:00.000000000
1646,100500,Fechado,2025-01-28 18:33:08.700164701
2585,108510,Em Atendimento,2025-01-28 18:44:09.535206972
4390,102142,Em Atendimento,2025-01-28 19:31:51.429512458
2586,108510,Fechado,2025-01-28 20:41:24.662296056
4391,102142,Fechado,2025-01-29 01:41:38.095805305
4542,104637,Aberto,2025-01-29 07:26:00.000000000
4739,109508,Aberto,2025-01-29 08:47:00.000000000
8287,109119,Aberto,2025-01-29 09:07:00.000000000
9515,104868,Aberto,2025-01-29 09:24:00.000000000
6774,103302,Aberto,2025-01-29 09:44:00.000000000
5745,100694,Aberto,2025-01-29 09:45:00.000000000
4544,104637,Fechado,2025-01-29 09:48:40.121236268
8288,109119,Em Atendimento,2025-01-29 10:37:45.275662030
9516,104868,Em Atendimento,2025-01-29 10:53:46.899217259
4543,104637,Em Atendimento,2025-01-29 10:56:54.500630017
5746,100694,Em Atendimento,2025-01-29 11:07:14.128619008
2794,103838,Aberto,2025-01-29 11:40:00.000000000
8097,109921,Aberto,2025-01-29 12:07:00.000000000
8245,100843,Aberto,2025-01-29 12:09:00.000000000
2796,103838,Fechado,2025-01-29 12:55:43.554000312
6776,103302,Fechado,2025-01-29 13:12:07.318509870
8247,100843,Fechado,2025-01-29 13:20:29.899826937
4740,109508,Em Atendimento,2025-01-29 13:40:29.501841585
6775,103302,Em Atendimento,2025-01-29 13:55:55.701306597
8099,109921,Fechado,2025-01-29 14:40:05.523152040
1290,101834,Aberto,2025-01-29 15:29:00.000000000
8098,109921,Em Atendimento,2025-01-29 15:50:22.646734755
1292,101834,Fechado,2025-01-29 15:56:50.382845982
2795,103838,Em Atendimento,2025-01-29 16:25:12.863503419
8246,100843,Em Atendimento,2025-01-29 16:34:47.595385874
1291,101834,Em Atendimento,2025-01-29 17:11:49.361607897
6306,100987,Aberto,2025-01-29 17:23:00.000000000
6308,100987,Fechado,2025-01-29 19:14:53.066443323
6307,100987,Em Atendimento,2025-01-29 19:23:54.852828513
9517,104868,Fechado,2025-01-29 21:36:29.528817681
4741,109508,Fechado,2025-01-29 22:57:44.157779720
8289,109119,Fechado,2025-01-30 03:32:38.929422403
8685,104198,Aberto,2025-01-30 07:36:00.000000000
553,104516,Aberto,2025-01-30 07:46:00.000000000
8686,104198,Em Atendimento,2025-01-30 09:57:38.474434446
8687,104198,Fechado,2025-01-30 10:30:39.114310474
554,104516,Em Atendimento,2025-01-30 12:07:00.856439371
9314,102515,Aberto,2025-01-30 14:44:00.000000000
9316,102515,Fechado,2025-01-30 16:45:48.181783512
8849,104438,Aberto,2025-01-30 17:33:00.000000000
9315,102515,Em Atendimento,2025-01-30 17:53:05.336793218
5217,106409,Aberto,2025-01-31 07:38:00.000000000
1173,107890,Aberto,2025-01-31 08:40:00.000000000
5219,106409,Fechado,2025-01-31 09:15:29.336817183
1175,107890,Fechado,2025-01-31 09:15:31.434276897
5218,106409,Em Atendimento,2025-01-31 09:23:27.906827503
7217,102553,Aberto,2025-01-31 11:39:00.000000000
1174,107890,Em Atendimento,2025-01-31 12:14:20.847536621
7218,102553,Em Atendimento,2025-01-31 14:03:00.935143973
3653,108673,Aberto,2025-01-31 15:33:00.000000000
3654,108673,Em Atendimento,2025-01-31 15:58:19.310589167
350,109586,Aberto,2025-01-31 16:08:00.000000000
4082,108143,Aberto,2025-01-31 17:19:00.000000000
351,109586,Em Atendimento,2025-01-31 17:22:35.746873193
4083,108143,Em Atendimento,2025-01-31 18:27:33.049688593
3655,108673,Fechado,2025-01-31 19:23:09.928986817
352,109586,Pendente,2025-01-31 22:46:59.088545997
4084,108143,Pendente,2025-02-01 04:06:52.470131533
2759,108411,Aberto,2025-02-01 10:09:00.000000000
2760,108411,Em Atendimento,2025-02-01 11:12:13.605874869
2761,108411,Fechado,2025-02-01 13:07:11.342666985
558,106624,Aberto,2025-02-01 13:54:00.000000000
559,106624,Em Atendimento,2025-02-01 18:43:38.142862031
560,106624,Pendente,2025-02-01 22:13:22.254776031
8018,103281,Aberto,2025-02-02 08:27:00.000000000
8019,103281,Em Atendimento,2025-02-02 09:24:39.667591101
7126,108956,Aberto,2025-02-02 13:44:00.000000000
7127,108956,Em Atendimento,2025-02-02 15:48:35.375288603
8800,108705,Aberto,2025-02-02 17:58:00.000000000
8020,103281,Fechado,2025-02-02 18:04:08.428055095
8802,108705,Fechado,2025-02-02 20:41:10.382786936
8801,108705,Em Atendimento,2025-02-02 21:46:49.278945982
7128,108956,Pendente,2025-02-02 23:58:30.978851176
1423,109433,Aberto,2025-02-03 08:17:00.000000000
5450,100522,Aberto,2025-02-03 08:24:00.000000000
1424,109433,Em Atendimento,2025-02-03 08:43:51.649971509
9283,106745,Aberto,2025-02-03 10:44:00.000000000
5452,100522,Fechado,2025-02-03 11:03:53.200444629
9284,106745,Em Atendimento,2025-02-03 11:26:11.928396791
5451,100522,Em Atendimento,2025-02-03 12:57:42.451478835
9444,107364,Aberto,2025-02-03 14:56:00.000000000
9446,107364,Fechado,2025-02-03 16:35:44.957836029
9445,107364,Em Atendimento,2025-02-03 17:59:22.195095297
4860,104441,Aberto,2025-02-03 18:18:00.000000000
4861,104441,Em Atendimento,2025-02-03 19:00:18.817496247
4862,104441,Fechado,2025-02-03 21:19:22.043348029
5876,104869,Aberto,2025-02-04 10:26:00.000000000
1628,101318,Aberto,2025-02-04 10:58:00.000000000
7720,107423,Aberto,2025-02-04 11:29:00.000000000
5878,104869,Fechado,2025-02-04 11:30:41.410199413
7721,107423,Em Atendimento,2025-02-04 12:04:29.846575625
9161,102578,Aberto,2025-02-04 12:52:00.000000000
9163,102578,Fechado,2025-02-04 13:33:12.245694230
9162,102578,Em Atendimento,2025-02-04 14:45:53.088479550
5877,104869,Em Atendimento,2025-02-04 15:14:09.536772876
5404,109247,Aberto,2025-02-04 16:22:00.000000000
7275,102367,Aberto,2025-02-04 17:06:00.000000000
7722,107423,Pendente,2025-02-04 17:19:15.393319154
5405,109247,Em Atendimento,2025-02-04 17:37:06.900853164
7276,102367,Em Atendimento,2025-02-04 20:07:41.517916385
7277,102367,Pendente,2025-02-04 20:10:20.180038774
4076,100086,Aberto,2025-02-05 09:19:00.000000000
4078,100086,Fechado,2025-02-05 10:08:11.198479130
4077,100086,Em Atendimento,2025-02-05 10:12:55.534384527
8613,103895,Aberto,2025-02-05 11:07:00.000000000
8614,103895,Em Atendimento,2025-02-05 12:15:11.036410255
2410,100209,Aberto,2025-02-06 13:10:00.000000000
2411,100209,Em Atendimento,2025-02-06 14:04:44.871856357
6530,109528,Aberto,2025-02-06 14:32:00.000000000
6531,109528,Em Atendimento,2025-02-06 16:39:44.734011053
1868,100053,Aberto,2025-02-06 18:37:00.000000000
1238,105960,Aberto,2025-02-06 18:54:00.000000000
1239,105960,Em Atendimento,2025-02-06 19:43:14.818903536
1870,100053,Fechado,2025-02-06 20:47:46.807794282
1869,100053,Em Atendimento,2025-02-06 21:32:13.310781965
2412,100209,Pendente,2025-02-06 22:56:18.151946159
6532,109528,Fechado,2025-02-07 00:56:47.594561410
9426,103947,Aberto,2025-02-07 09:45:00.000000000
9428,103947,Fechado,2025-02-07 11:28:51.908670530
9427,103947,Em Atendimento,2025-02-07 12:37:03.963898519
1240,105960,Fechado,2025-02-07 12:48:23.417377945
17,102010,Aberto,2025-02-07 13:47:00.000000000
1967,100027,Aberto,2025-02-07 14:41:00.000000000
7455,106121,Aberto,2025-02-07 16:06:00.000000000
1968,100027,Em Atendimento,2025-02-07 16:12:16.351838275
7456,106121,Em Atendimento,2025-02-07 19:31:12.636111439
1969,100027,Fechado,2025-02-08 00:20:20.180140779
7457,106121,Fechado,2025-02-08 04:11:06.490449672
37,107357,Aberto,2025-02-08 07:13:00.000000000
9293,100905,Aberto,2025-02-08 08:28:00.000000000
2165,100080,Aberto,2025-02-08 08:33:00.000000000
2166,100080,Em Atendimento,2025-02-08 09:17:21.158821775
38,107357,Em Atendimento,2025-02-08 10:03:44.497600279
1463,101552,Aberto,2025-02-08 10:16:00.000000000
4471,107129,Aberto,2025-02-08 10:22:00.000000000
1699,103508,Aberto,2025-02-08 10:38:00.000000000
4473,107129,Fechado,2025-02-08 11:34:11.436620670
9295,100905,Fechado,2025-02-08 11:54:26.531702062
9294,100905,Em Atendimento,2025-02-08 12:08:17.833922473
2904,103890,Aberto,2025-02-08 12:15:00.000000000
1464,101552,Em Atendimento,2025-02-08 13:00:09.013947413
39,107357,Fechado,2025-02-08 13:00:29.093113964
4472,107129,Em Atendimento,2025-02-08 13:18:35.098949359
5926,101427,Aberto,2025-02-08 14:26:00.000000000
5927,101427,Em Atendimento,2025-02-08 15:23:45.636147269
1700,103508,Em Atendimento,2025-02-08 15:25:10.371030481
3149,106504,Aberto,2025-02-08 15:35:00.000000000
2167,100080,Fechado,2025-02-08 15:48:32.724491673
5928,101427,Fechado,2025-02-08 15:52:34.136400627
6273,106548,Aberto,2025-02-08 16:31:00.000000000
5183,106327,Aberto,2025-02-08 16:32:00.000000000
3150,106504,Em Atendimento,2025-02-08 16:32:58.682742868
2905,103890,Em Atendimento,2025-02-08 16:35:04.621634896
2906,103890,Fechado,2025-02-08 17:03:56.127397640
6274,106548,Em Atendimento,2025-02-08 17:55:40.585636409
1701,103508,Fechado,2025-02-08 19:05:58.022266741
5185,106327,Fechado,2025-02-08 19:28:20.388570118
5184,106327,Em Atendimento,2025-02-08 20:29:59.155109492
1465,101552,Fechado,2025-02-08 21:13:21.238276251
6275,106548,Fechado,2025-02-08 22:24:33.945715302
4056,108946,Aberto,2025-02-09 08:21:00.000000000
6240,105830,Aberto,2025-02-09 09:09:00.000000000
4057,108946,Em Atendimento,2025-02-09 11:27:36.868818430
6242,105830,Fechado,2025-02-09 11:55:08.677477354
4357,102219,Aberto,2025-02-09 12:40:00.000000000
5978,101089,Aberto,2025-02-09 12:41:00.000000000
4058,108946,Fechado,2025-02-09 13:08:08.342885374
5979,101089,Em Atendimento,2025-02-09 13:21:30.740768508
6241,105830,Em Atendimento,2025-02-09 13:59:40.793785094
3319,101064,Aberto,2025-02-09 14:01:00.000000000
3321,101064,Fechado,2025-02-09 15:23:52.601777320
502,103941,Aberto,2025-02-09 15:44:00.000000000
504,103941,Fechado,2025-02-09 16:02:00.000000000
858,103631,Aberto,2025-02-09 17:15:00.000000000
3320,101064,Em Atendimento,2025-02-09 18:26:56.195449966
503,103941,Em Atendimento,2025-02-09 18:29:45.077494671
859,103631,Em Atendimento,2025-02-09 19:53:42.077229630
860,103631,Fechado,2025-02-09 20:48:09.840133029
5980,101089,Fechado,2025-02-09 21:13:36.978075275
1339,109042,Aberto,2025-02-10 07:18:00.000000000
3349,102345,Aberto,2025-02-10 08:24:00.000000000
1340,109042,Em Atendimento,2025-02-10 11:03:55.964856701
3351,102345,Fechado,2025-02-10 11:28:35.747066895
3350,102345,Em Atendimento,2025-02-10 11:49:23.722151098
1341,109042,Fechado,2025-02-10 12:16:31.371890062
8382,100850,Aberto,2025-02-10 15:32:00.000000000
8383,100850,Em Atendimento,2025-02-10 17:33:02.430374909
2015,102437,Aberto,2025-02-10 18:26:00.000000000
8384,100850,Fechado,2025-02-10 18:37:08.319130112
2016,102437,Em Atendimento,2025-02-10 19:19:24.037829665
2017,102437,Fechado,2025-02-11 04:32:14.321883646
8331,105057,Aberto,2025-02-11 08:58:00.000000000
8746,107712,Aberto,2025-02-11 10:13:00.000000000
8333,105057,Fechado,2025-02-11 11:21:07.386003420
8332,105057,Em Atendimento,2025-02-11 12:27:46.328994665
1466,104670,Aberto,2025-02-11 14:55:00.000000000
1467,104670,Em Atendimento,2025-02-11 15:38:20.486558420
4034,106062,Aberto,2025-02-11 16:47:00.000000000
1468,104670,Fechado,2025-02-11 17:28:12.786977530
7879,105786,Aberto,2025-02-11 17:37:00.000000000
1690,101701,Aberto,2025-02-11 17:50:00.000000000
7880,105786,Em Atendimento,2025-02-11 18:41:03.997951948
4035,106062,Em Atendimento,2025-02-11 19:07:55.791194407
1691,101701,Em Atendimento,2025-02-11 20:52:39.070550062
1692,101701,Fechado,2025-02-11 21:55:05.047810011
7881,105786,Pendente,2025-02-12 05:11:43.189910472
4036,106062,Fechado,2025-02-12 07:37:08.224603004
6176,101516,Aberto,2025-02-12 09:53:00.000000000
8734,100438,Aberto,2025-02-12 10:36:00.000000000
1348,101746,Aberto,2025-02-12 11:05:00.000000000
1349,101746,Em Atendimento,2025-02-12 11:33:22.775915774
8736,100438,Fechado,2025-02-12 13:10:51.378491092
8735,100438,Em Atendimento,2025-02-12 14:20:28.437158421
1350,101746,Fechado,2025-02-12 14:23:43.865890020
1220,103399,Aberto,2025-02-12 17:00:00.000000000
1221,103399,Em Atendimento,2025-02-12 18:46:23.592462155
1222,103399,Fechado,2025-02-12 22:13:16.992991624
6191,103663,Aberto,2025-02-13 07:45:00.000000000
6193,103663,Fechado,2025-02-13 09:09:14.770023908
6192,103663,Em Atendimento,2025-02-13 09:15:43.837911200
4249,104802,Aberto,2025-02-13 09:44:00.000000000
7044,100916,Aberto,2025-02-13 10:13:00.000000000
7046,100916,Fechado,2025-02-13 11:23:40.025495427
5670,102866,Aberto,2025-02-13 12:47:00.000000000
5671,102866,Em Atendimento,2025-02-13 13:19:28.172486175
2577,104268,Aberto,2025-02-13 13:24:00.000000000
7045,100916,Em Atendimento,2025-02-13 13:30:39.219562351
5672,102866,Fechado,2025-02-13 18:14:40.337899574
7322,103844,Aberto,2025-02-14 07:15:00.000000000
7324,103844,Fechado,2025-02-14 07:39:01.413416635
8865,105063,Aberto,2025-02-14 07:55:00.000000000
8866,105063,Em Atendimento,2025-02-14 11:57:17.205374499
4754,107379,Aberto,2025-02-14 12:05:00.000000000
7323,103844,Em Atendimento,2025-02-14 12:05:33.932245926
3082,105964,Aberto,2025-02-14 14:40:00.000000000
4756,107379,Fechado,2025-02-14 14:53:03.896110623
4755,107379,Em Atendimento,2025-02-14 15:44:39.478373700
2879,107501,Aberto,2025-02-15 08:53:00.000000000
7529,106340,Aberto,2025-02-15 08:58:00.000000000
2880,107501,Em Atendimento,2025-02-15 11:03:15.268798019
3650,108383,Aberto,2025-02-15 11:16:00.000000000
3949,100049,Aberto,2025-02-15 12:13:00.000000000
3950,100049,Em Atendimento,2025-02-15 13:01:47.904769226
3686,104691,Aberto,2025-02-15 13:14:00.000000000
3700,105573,Aberto,2025-02-15 13:51:00.000000000
3651,108383,Em Atendimento,2025-02-15 14:00:31.797615392
3951,100049,Fechado,2025-02-15 14:08:14.585173442
511,107352,Aberto,2025-02-15 14:19:00.000000000
3687,104691,Em Atendimento,2025-02-15 14:44:00.181986056
3688,104691,Fechado,2025-02-15 15:32:17.738876671
3701,105573,Em Atendimento,2025-02-15 16:10:02.052329506
3702,105573,Fechado,2025-02-15 16:14:00.819900664
3716,103382,Aberto,2025-02-15 16:24:00.000000000
512,107352,Em Atendimento,2025-02-15 17:39:54.310373302
3652,108383,Fechado,2025-02-15 17:46:53.573547358
5563,101254,Aberto,2025-02-15 18:41:00.000000000
513,107352,Fechado,2025-02-15 18:41:26.062801222
3717,103382,Em Atendimento,2025-02-15 19:01:45.373134852
5564,101254,Em Atendimento,2025-02-15 20:17:47.762590600
5565,101254,Fechado,2025-02-15 20:50:45.380614024
5291,100113,Aberto,2025-02-16 09:43:00.000000000
5292,100113,Em Atendimento,2025-02-16 12:57:40.747468866
4517,109912,Aberto,2025-02-16 13:00:00.000000000
4518,109912,Em Atendimento,2025-02-16 14:03:42.811111802
1232,104353,Aberto,2025-02-16 15:03:00.000000000
1234,104353,Fechado,2025-02-16 15:21:00.000000000
4519,109912,Fechado,2025-02-16 15:30:33.961078875
437,100318,Aberto,2025-02-16 17:02:00.000000000
4792,107852,Aberto,2025-02-16 17:19:00.000000000
8111,108279,Aberto,2025-02-16 17:45:00.000000000
4857,103411,Aberto,2025-02-16 17:50:00.000000000
8009,100466,Aberto,2025-02-16 18:52:00.000000000
1233,104353,Em Atendimento,2025-02-16 19:23:32.065850912
4793,107852,Em Atendimento,2025-02-16 20:57:35.181420902
4859,103411,Fechado,2025-02-16 21:13:03.811734517
8113,108279,Pendente,2025-02-16 21:14:08.273252026
8112,108279,Em Atendimento,2025-02-16 21:20:50.910091555
438,100318,Em Atendimento,2025-02-16 21:51:53.489341970
4858,103411,Em Atendimento,2025-02-16 22:15:28.174524692
8010,100466,Em Atendimento,2025-02-16 23:11:43.293249492
8011,100466,Fechado,2025-02-16 23:38:22.531300014
4794,107852,Fechado,2025-02-17 06:05:45.349652298
2086,102659,Aberto,2025-02-17 09:05:00.000000000
439,100318,Fechado,2025-02-17 09:16:26.059731406
3341,104372,Aberto,2025-02-17 09:20:00.000000000
7278,103952,Aberto,2025-02-17 10:57:00.000000000
3946,103649,Aberto,2025-02-17 11:04:00.000000000
3342,104372,Em Atendimento,2025-02-17 11:15:07.285789056
7279,103952,Em Atendimento,2025-02-17 11:22:37.326256108
2087,102659,Em Atendimento,2025-02-17 11:59:38.524470656
3947,103649,Em Atendimento,2025-02-17 12:04:15.723564186
3574,103785,Aberto,2025-02-17 13:43:00.000000000
3948,103649,Fechado,2025-02-17 13:58:11.635470532
7280,103952,Fechado,2025-02-17 14:02:16.949007783
6122,108874,Aberto,2025-02-17 14:41:00.000000000
6623,108354,Aberto,2025-02-17 14:54:00.000000000
2088,102659,Fechado,2025-02-17 15:11:09.884446851
9210,107675,Aberto,2025-02-17 15:31:00.000000000
8261,100473,Aberto,2025-02-17 16:07:00.000000000
6123,108874,Em Atendimento,2025-02-17 16:18:31.284390424
3575,103785,Em Atendimento,2025-02-17 16:53:43.579756367
9211,107675,Em Atendimento,2025-02-17 17:31:41.965680501
9212,107675,Fechado,2025-02-17 17:34:13.431513204
6624,108354,Em Atendimento,2025-02-17 18:29:39.294084734
6625,108354,Fechado,2025-02-18 06:44:18.381576760
7525,106280,Aberto,2025-02-18 08:53:00.000000000
5886,108366,Aberto,2025-02-18 08:58:00.000000000
5887,108366,Em Atendimento,2025-02-18 09:27:02.600386744
5226,103892,Aberto,2025-02-18 11:10:00.000000000
7873,100735,Aberto,2025-02-18 11:34:00.000000000
5227,103892,Em Atendimento,2025-02-18 12:04:31.849435153
1749,102862,Aberto,2025-02-18 12:41:00.000000000
7875,100735,Fechado,2025-02-18 13:24:47.164155176
3620,108008,Aberto,2025-02-18 13:43:00.000000000
266,102501,Aberto,2025-02-18 14:21:00.000000000
267,102501,Em Atendimento,2025-02-18 14:36:03.928504431
7874,100735,Em Atendimento,2025-02-18 14:54:47.831453621
311,106370,Aberto,2025-02-18 15:26:00.000000000
1750,102862,Em Atendimento,2025-02-18 15:26:56.938541044
4369,105569,Aberto,2025-02-18 16:00:00.000000000
3621,108008,Em Atendimento,2025-02-18 17:12:24.126396639
312,106370,Em Atendimento,2025-02-18 17:34:55.257085975
5888,108366,Pendente,2025-02-18 17:38:19.928151576
4371,105569,Fechado,2025-02-18 17:39:03.474759150
4370,105569,Em Atendimento,2025-02-18 18:08:14.739936834
3622,108008,Fechado,2025-02-18 18:36:48.033799573
1751,102862,Fechado,2025-02-18 20:30:47.801405143
268,102501,Fechado,2025-02-18 21:42:18.078612663
313,106370,Fechado,2025-02-19 02:31:23.688979378
8322,104456,Aberto,2025-02-19 08:26:00.000000000
3809,106718,Aberto,2025-02-19 09:39:00.000000000
5228,103892,Fechado,2025-02-19 11:05:52.826286547
8323,104456,Em Atendimento,2025-02-19 12:51:26.924403199
3810,106718,Em Atendimento,2025-02-19 13:25:27.555508990
7442,102998,Aberto,2025-02-19 13:34:00.000000000
3811,106718,Fechado,2025-02-19 14:17:37.587884906
7443,102998,Em Atendimento,2025-02-19 14:36:13.517041611
7131,101581,Aberto,2025-02-19 15:35:00.000000000
7133,101581,Fechado,2025-02-19 18:23:32.597832063
7132,101581,Em Atendimento,2025-02-19 20:27:24.954097766
7444,102998,Fechado,2025-02-20 04:23:32.899774792
2339,107558,Aberto,2025-02-20 07:42:00.000000000
8761,106354,Aberto,2025-02-20 08:07:00.000000000
2236,105933,Aberto,2025-02-20 09:07:00.000000000
2237,105933,Em Atendimento,2025-02-20 10:08:04.072693766
2238,105933,Fechado,2025-02-20 11:20:18.843936823
2341,107558,Pendente,2025-02-20 11:21:08.125821068
2340,107558,Em Atendimento,2025-02-20 12:33:16.391193268
746,105733,Aberto,2025-02-20 13:51:00.000000000
1037,108511,Aberto,2025-02-20 14:39:00.000000000
1039,108511,Fechado,2025-02-20 15:25:11.582014728
748,105733,Fechado,2025-02-20 15:45:24.358971718
1038,108511,Em Atendimento,2025-02-20 18:39:32.919253199
747,105733,Em Atendimento,2025-02-20 18:42:43.463998444
192,106281,Aberto,2025-02-21 07:54:00.000000000
8164,109855,Aberto,2025-02-21 09:41:00.000000000
8166,109855,Fechado,2025-02-21 10:29:12.169626541
9126,108125,Aberto,2025-02-21 12:35:00.000000000
8165,109855,Em Atendimento,2025-02-21 12:38:20.318306495
3260,104682,Aberto,2025-02-21 13:41:00.000000000
9127,108125,Em Atendimento,2025-02-21 14:08:55.247743279
9128,108125,Fechado,2025-02-21 15:29:33.805863216
5645,108502,Aberto,2025-02-21 15:51:00.000000000
5647,108502,Fechado,2025-02-21 16:16:36.470965026
5771,107479,Aberto,2025-02-21 16:50:00.000000000
5773,107479,Fechado,2025-02-21 17:34:03.842426112
3261,104682,Em Atendimento,2025-02-21 18:19:28.989675648
5772,107479,Em Atendimento,2025-02-21 18:28:14.355211442
5646,108502,Em Atendimento,2025-02-21 19:21:41.851970394
3262,104682,Fechado,2025-02-21 22:38:26.327948133
8477,107811,Aberto,2025-02-22 07:39:00.000000000
6562,106980,Aberto,2025-02-22 11:26:00.000000000
8478,107811,Em Atendimento,2025-02-22 12:05:43.794607308
8479,107811,Pendente,2025-02-22 16:38:33.930426540
4420,104859,Aberto,2025-02-22 18:49:00.000000000
4422,104859,Fechado,2025-02-22 21:27:10.784017986
4421,104859,Em Atendimento,2025-02-22 22:16:17.198026571
6579,100104,Aberto,2025-02-23 08:30:00.000000000
5066,100782,Aberto,2025-02-23 11:48:00.000000000
6580,100104,Em Atendimento,2025-02-23 12:20:17.795816633
6720,108140,Aberto,2025-02-23 12:53:00.000000000
6721,108140,Em Atendimento,2025-02-23 13:57:28.936853989
6722,108140,Fechado,2025-02-23 14:01:26.509739636
7582,103681,Aberto,2025-02-23 14:05:00.000000000
7583,103681,Em Atendimento,2025-02-23 15:37:42.730514388
5229,104384,Aberto,2025-02-23 16:02:00.000000000
5352,103387,Aberto,2025-02-23 17:59:00.000000000
5353,103387,Em Atendimento,2025-02-23 19:19:49.226310776
6581,100104,Pendente,2025-02-23 19:50:04.203471415
5354,103387,Fechado,2025-02-23 20:58:30.729526292
2176,105980,Aberto,2025-02-24 12:27:00.000000000
2177,105980,Em Atendimento,2025-02-24 12:48:04.646001768
3541,108564,Aberto,2025-02-24 13:36:00.000000000
3543,108564,Fechado,2025-02-24 14:38:06.077729857
3542,108564,Em Atendimento,2025-02-24 15:11:58.006772585
1332,102022,Aberto,2025-02-24 17:03:00.000000000
1333,102022,Em Atendimento,2025-02-24 19:01:16.705566029
1334,102022,Fechado,2025-02-24 22:21:13.022498073
7584,103681,Fechado,2025-02-24 22:31:45.091345268
2178,105980,Fechado,2025-02-25 01:35:06.686040030
4489,100481,Aberto,2025-02-25 07:04:00.000000000
4491,100481,Fechado,2025-02-25 09:05:59.222820698
6345,103730,Aberto,2025-02-25 10:16:00.000000000
4490,100481,Em Atendimento,2025-02-25 10:56:57.951080829
9539,105333,Aberto,2025-02-25 11:32:00.000000000
4283,108893,Aberto,2025-02-25 11:56:00.000000000
6347,103730,Fechado,2025-02-25 12:24:11.289006128
6788,103883,Aberto,2025-02-25 13:18:00.000000000
6346,103730,Em Atendimento,2025-02-25 14:37:01.592963877
6789,103883,Em Atendimento,2025-02-25 14:39:17.561308324
4284,108893,Em Atendimento,2025-02-25 15:14:42.815200467
6790,103883,Fechado,2025-02-25 15:43:42.923150860
3815,101757,Aberto,2025-02-25 16:25:00.000000000
2486,109718,Aberto,2025-02-25 16:28:00.000000000
4285,108893,Fechado,2025-02-25 17:47:43.835567598
2488,109718,Fechado,2025-02-25 18:39:23.835437214
3816,101757,Em Atendimento,2025-02-25 18:59:51.180233410
3817,101757,Fechado,2025-02-25 19:57:47.241898663
2487,109718,Em Atendimento,2025-02-25 20:33:40.243124635
7753,108379,Aberto,2025-02-26 07:26:00.000000000
7754,108379,Em Atendimento,2025-02-26 08:12:32.974623644
4682,109580,Aberto,2025-02-26 08:16:00.000000000
7407,102683,Aberto,2025-02-26 08:43:00.000000000
7755,108379,Fechado,2025-02-26 09:22:20.186614064
4683,109580,Em Atendimento,2025-02-26 09:22:43.425356997
8061,106030,Aberto,2025-02-26 09:34:00.000000000
7409,102683,Fechado,2025-02-26 09:35:58.895844013
7408,102683,Em Atendimento,2025-02-26 09:56:27.823884019
4708,106088,Aberto,2025-02-26 10:54:00.000000000
8062,106030,Em Atendimento,2025-02-26 12:27:16.118437278
4709,106088,Em Atendimento,2025-02-26 13:15:52.344919512
4684,109580,Fechado,2025-02-26 20:40:45.793594962
4710,106088,Fechado,2025-02-27 09:23:30.207045084
3503,106407,Aberto,2025-02-27 13:41:00.000000000
3504,106407,Em Atendimento,2025-02-27 14:18:13.557862724
2892,106838,Aberto,2025-02-27 15:22:00.000000000
2893,106838,Em Atendimento,2025-02-27 16:00:38.937970671
3505,106407,Fechado,2025-02-27 18:08:15.104856348
2894,106838,Fechado,2025-02-27 22:09:57.564290968
4782,105198,Aberto,2025-02-28 08:04:00.000000000
4783,105198,Em Atendimento,2025-02-28 08:56:25.481382329
9044,101414,Aberto,2025-02-28 09:21:00.000000000
2775,103820,Aberto,2025-02-28 12:26:00.000000000
9045,101414,Em Atendimento,2025-02-28 14:12:47.425197906
4805,108491,Aberto,2025-02-28 14:58:00.000000000
2777,103820,Fechado,2025-02-28 15:14:02.299028713
9046,101414,Fechado,2025-02-28 15:34:22.134108522
2776,103820,Em Atendimento,2025-02-28 16:12:06.468250920
2342,102583,Aberto,2025-02-28 17:03:00.000000000
2343,102583,Em Atendimento,2025-02-28 17:46:49.748121152
4165,103356,Aberto,2025-02-28 18:05:00.000000000
4784,105198,Fechado,2025-02-28 18:14:55.573682995
4806,108491,Em Atendimento,2025-02-28 19:01:31.665377808
2344,102583,Pendente,2025-02-28 20:32:31.680200313
4166,103356,Em Atendimento,2025-02-28 21:27:33.126346445
4807,108491,Fechado,2025-02-28 22:20:08.953841240
4835,101207,Aberto,2025-03-01 11:49:00.000000000
4836,101207,Em Atendimento,2025-03-01 13:00:50.140096806
4837,101207,Fechado,2025-03-01 13:38:11.010699872
6351,101583,Aberto,2025-03-01 14:27:00.000000000
6353,101583,Fechado,2025-03-01 15:03:06.623113842
6352,101583,Em Atendimento,2025-03-01 16:55:42.606896839
220,103490,Aberto,2025-03-02 08:40:00.000000000
221,103490,Em Atendimento,2025-03-02 11:47:13.602741023
4167,103356,Fechado,2025-03-02 12:54:01.711930990
7058,109337,Aberto,2025-03-02 14:35:00.000000000
621,100449,Aberto,2025-03-02 15:00:00.000000000
1935,103706,Aberto,2025-03-02 17:03:00.000000000
7060,109337,Fechado,2025-03-02 17:24:23.542419252
622,100449,Em Atendimento,2025-03-02 18:01:59.360438513
222,103490,Pendente,2025-03-02 18:23:02.382744809
7059,109337,Em Atendimento,2025-03-02 19:01:29.590728034
1936,103706,Em Atendimento,2025-03-02 19:08:11.508746553
623,100449,Fechado,2025-03-02 20:48:01.031902225
1937,103706,Fechado,2025-03-02 23:12:21.560671609
5462,106604,Aberto,2025-03-03 07:00:00.000000000
5463,106604,Em Atendimento,2025-03-03 07:12:26.474770354
5464,106604,Fechado,2025-03-03 08:03:29.658848878
2081,103641,Aberto,2025-03-03 09:50:00.000000000
2082,103641,Em Atendimento,2025-03-03 10:43:56.338393202
4090,101046,Aberto,2025-03-03 13:58:00.000000000
538,105967,Aberto,2025-03-03 16:38:00.000000000
205,103701,Aberto,2025-03-03 17:59:00.000000000
539,105967,Em Atendimento,2025-03-03 18:39:10.055646304
206,103701,Em Atendimento,2025-03-03 18:42:15.652498028
540,105967,Fechado,2025-03-03 20:43:40.600565059
207,103701,Fechado,2025-03-04 08:48:01.725167110
9435,101780,Aberto,2025-03-04 13:06:00.000000000
9437,101780,Fechado,2025-03-04 13:28:49.070771407
7329,102329,Aberto,2025-03-04 13:35:00.000000000
9436,101780,Em Atendimento,2025-03-04 15:25:09.345908967
7331,102329,Fechado,2025-03-04 15:39:47.999154651
7330,102329,Em Atendimento,2025-03-04 17:38:04.296116821
456,102626,Aberto,2025-03-05 10:29:00.000000000
4512,101234,Aberto,2025-03-05 11:17:00.000000000
8804,108335,Aberto,2025-03-05 13:03:00.000000000
8805,108335,Em Atendimento,2025-03-05 13:30:29.785484027
457,102626,Em Atendimento,2025-03-05 13:36:53.892649117
7263,103866,Aberto,2025-03-05 13:45:00.000000000
4513,101234,Em Atendimento,2025-03-05 14:39:12.437150306
7265,103866,Fechado,2025-03-05 16:15:23.603159610
7264,103866,Em Atendimento,2025-03-05 16:24:25.980809692
458,102626,Fechado,2025-03-05 16:48:12.787820378
8806,108335,Fechado,2025-03-05 20:06:28.741332657
4568,103361,Aberto,2025-03-06 07:56:00.000000000
9267,101799,Aberto,2025-03-06 08:19:00.000000000
6390,102854,Aberto,2025-03-06 08:38:00.000000000
4570,103361,Fechado,2025-03-06 09:20:16.633262952
6392,102854,Fechado,2025-03-06 09:22:20.074902568
6391,102854,Em Atendimento,2025-03-06 10:42:45.214166868
4569,103361,Em Atendimento,2025-03-06 11:08:08.840673546
4648,109899,Aberto,2025-03-06 14:03:00.000000000
3743,105367,Aberto,2025-03-06 14:16:00.000000000
4650,109899,Fechado,2025-03-06 15:25:32.754178218
4649,109899,Em Atendimento,2025-03-06 15:55:52.817072291
3744,105367,Em Atendimento,2025-03-06 15:59:38.430255283
6499,103222,Aberto,2025-03-06 17:50:00.000000000
3417,107208,Aberto,2025-03-06 17:59:00.000000000
3745,105367,Fechado,2025-03-06 18:18:45.284593632
6500,103222,Em Atendimento,2025-03-06 18:55:24.313238879
2876,107753,Aberto,2025-03-06 18:57:00.000000000
6501,103222,Fechado,2025-03-06 19:08:26.922767331
3418,107208,Em Atendimento,2025-03-06 20:02:26.712674584
2878,107753,Fechado,2025-03-06 20:23:03.473421774
2877,107753,Em Atendimento,2025-03-06 23:44:59.850798874
5236,107985,Aberto,2025-03-07 08:33:00.000000000
5237,107985,Em Atendimento,2025-03-07 08:46:26.331958917
8304,101979,Aberto,2025-03-07 09:14:00.000000000
1205,107511,Aberto,2025-03-07 12:06:00.000000000
6986,102726,Aberto,2025-03-07 12:07:00.000000000
1207,107511,Fechado,2025-03-07 13:01:11.001576478
3485,109322,Aberto,2025-03-07 15:39:00.000000000
1206,107511,Em Atendimento,2025-03-07 15:49:13.843650919
6987,102726,Em Atendimento,2025-03-07 16:31:48.106812939
3486,109322,Em Atendimento,2025-03-07 18:12:37.533534281
6988,102726,Pendente,2025-03-07 21:49:28.768726195
3487,109322,Pendente,2025-03-07 23:02:11.228137779
4141,101634,Aberto,2025-03-08 08:34:00.000000000
9255,108154,Aberto,2025-03-08 09:16:00.000000000
4143,101634,Fechado,2025-03-08 10:33:35.960483914
9256,108154,Em Atendimento,2025-03-08 12:30:17.069441043
4142,101634,Em Atendimento,2025-03-08 12:43:11.842564864
7191,107042,Aberto,2025-03-08 13:13:00.000000000
7192,107042,Em Atendimento,2025-03-08 14:38:35.129767240
7193,107042,Fechado,2025-03-08 14:48:23.406315651
5947,108756,Aberto,2025-03-08 16:34:00.000000000
3332,100514,Aberto,2025-03-08 17:16:00.000000000
3333,100514,Em Atendimento,2025-03-08 18:30:24.564996185
5948,108756,Em Atendimento,2025-03-08 20:34:10.391597649
9257,108154,Fechado,2025-03-08 21:22:28.625820170
5949,108756,Pendente,2025-03-09 00:31:26.390058306
3334,100514,Fechado,2025-03-09 06:41:18.063238152
5832,105849,Aberto,2025-03-09 10:54:00.000000000
7401,102346,Aberto,2025-03-09 11:16:00.000000000
5756,106146,Aberto,2025-03-09 12:19:00.000000000
5757,106146,Em Atendimento,2025-03-09 12:46:15.249752089
251,108508,Aberto,2025-03-09 13:01:00.000000000
5247,102588,Aberto,2025-03-09 13:27:00.000000000
7402,102346,Em Atendimento,2025-03-09 14:26:53.917697026
7016,103374,Aberto,2025-03-09 14:57:00.000000000
5248,102588,Em Atendimento,2025-03-09 16:20:44.729530894
7403,102346,Fechado,2025-03-09 20:21:01.197223303
5758,106146,Fechado,2025-03-09 22:10:03.617596569
394,103481,Aberto,2025-03-10 07:37:00.000000000
1789,106822,Aberto,2025-03-10 08:03:00.000000000
395,103481,Em Atendimento,2025-03-10 08:26:10.267873290
5249,102588,Fechado,2025-03-10 09:11:31.112837055
8197,105088,Aberto,2025-03-10 09:44:00.000000000
1790,106822,Em Atendimento,2025-03-10 11:06:17.302640357
6820,106862,Aberto,2025-03-10 11:20:00.000000000
2783,105655,Aberto,2025-03-10 12:26:00.000000000
6821,106862,Em Atendimento,2025-03-10 12:54:05.196259837
1781,100672,Aberto,2025-03-10 13:02:00.000000000
8198,105088,Em Atendimento,2025-03-10 13:31:58.346271447
8199,105088,Fechado,2025-03-10 13:56:09.566319787
6822,106862,Fechado,2025-03-10 14:20:01.514460852
1782,100672,Em Atendimento,2025-03-10 14:20:44.717460480
1112,106818,Aberto,2025-03-10 14:41:00.000000000
2785,105655,Fechado,2025-03-10 15:26:07.517181099
1113,106818,Em Atendimento,2025-03-10 15:57:49.637776526
1813,101466,Aberto,2025-03-10 16:22:00.000000000
2784,105655,Em Atendimento,2025-03-10 16:26:00.972105171
1114,106818,Fechado,2025-03-10 16:50:25.137216032
840,100144,Aberto,2025-03-10 17:58:00.000000000
1791,106822,Pendente,2025-03-10 18:39:42.198737781
1814,101466,Em Atendimento,2025-03-10 19:06:48.721350953
1815,101466,Fechado,2025-03-10 19:22:38.793619159
841,100144,Em Atendimento,2025-03-10 19:57:23.672382271
842,100144,Fechado,2025-03-10 23:53:31.787817711
5475,105065,Aberto,2025-03-11 07:55:00.000000000
5477,105065,Fechado,2025-03-11 09:05:13.080994035
5476,105065,Em Atendimento,2025-03-11 12:26:40.881970857
6861,104168,Aberto,2025-03-11 14:26:00.000000000
3431,103723,Aberto,2025-03-11 14:55:00.000000000
3432,103723,Em Atendimento,2025-03-11 15:43:22.547653908
6862,104168,Em Atendimento,2025-03-11 16:38:50.154554123
1382,108961,Aberto,2025-03-11 18:59:00.000000000
6863,104168,Fechado,2025-03-11 19:38:23.435013459
8345,107594,Aberto,2025-03-12 07:09:00.000000000
4132,104757,Aberto,2025-03-12 07:54:00.000000000
2459,105346,Aberto,2025-03-12 09:30:00.000000000
639,105646,Aberto,2025-03-12 09:45:00.000000000
4610,103871,Aberto,2025-03-12 09:47:00.000000000
4134,104757,Fechado,2025-03-12 09:53:17.178685735
8346,107594,Em Atendimento,2025-03-12 09:55:26.903274386
8347,107594,Fechado,2025-03-12 10:24:34.955555583
641,105646,Fechado,2025-03-12 11:04:17.133389860
4611,103871,Em Atendimento,2025-03-12 11:44:23.292085835
640,105646,Em Atendimento,2025-03-12 11:55:43.850796610
4133,104757,Em Atendimento,2025-03-12 12:00:42.209718578
2460,105346,Em Atendimento,2025-03-12 12:57:31.723545302
6547,109225,Aberto,2025-03-12 14:38:00.000000000
4612,103871,Fechado,2025-03-12 15:09:55.605768261
2461,105346,Fechado,2025-03-12 16:29:57.924964888
6548,109225,Em Atendimento,2025-03-12 17:37:31.577691990
6549,109225,Pendente,2025-03-12 22:01:12.678548895
1022,103983,Aberto,2025-03-13 07:25:00.000000000
302,108644,Aberto,2025-03-13 08:24:00.000000000
6052,106704,Aberto,2025-03-13 09:39:00.000000000
1023,103983,Em Atendimento,2025-03-13 10:14:52.603700232
5301,100392,Aberto,2025-03-13 12:20:00.000000000
1024,103983,Fechado,2025-03-13 12:39:08.809040040
6054,106704,Fechado,2025-03-13 13:08:01.879594537
6053,106704,Em Atendimento,2025-03-13 13:51:56.198467485
6651,107921,Aberto,2025-03-14 08:55:00.000000000
3283,104127,Aberto,2025-03-14 09:27:00.000000000
4381,103397,Aberto,2025-03-14 09:36:00.000000000
3284,104127,Em Atendimento,2025-03-14 10:03:06.583732650
2599,100464,Aberto,2025-03-14 10:05:00.000000000
719,106432,Aberto,2025-03-14 10:25:00.000000000
1804,101276,Aberto,2025-03-14 10:36:00.000000000
720,106432,Em Atendimento,2025-03-14 11:10:17.232239286
1806,101276,Fechado,2025-03-14 12:08:31.960041295
2600,100464,Em Atendimento,2025-03-14 12:42:50.746146287
6652,107921,Em Atendimento,2025-03-14 12:54:52.893810399
721,106432,Fechado,2025-03-14 13:25:36.634281411
4383,103397,Fechado,2025-03-14 13:29:40.792777688
4382,103397,Em Atendimento,2025-03-14 13:37:22.622413870
8701,102514,Aberto,2025-03-14 13:51:00.000000000
5149,103206,Aberto,2025-03-14 14:42:00.000000000
1805,101276,Em Atendimento,2025-03-14 14:46:01.259623042
8703,102514,Fechado,2025-03-14 14:46:10.858482008
3285,104127,Fechado,2025-03-14 14:59:53.865305170
1899,106917,Aberto,2025-03-14 16:11:00.000000000
2357,104646,Aberto,2025-03-14 16:20:00.000000000
5150,103206,Em Atendimento,2025-03-14 16:24:32.628324882
8521,107989,Aberto,2025-03-14 16:29:00.000000000
2601,100464,Pendente,2025-03-14 16:43:02.765333096
8702,102514,Em Atendimento,2025-03-14 17:17:02.460744717
5151,103206,Fechado,2025-03-14 17:24:09.728471106
4201,101622,Aberto,2025-03-14 17:50:00.000000000
4202,101622,Em Atendimento,2025-03-14 18:17:02.213971752
6653,107921,Fechado,2025-03-14 18:49:08.960593320
8618,103349,Aberto,2025-03-14 18:50:00.000000000
8522,107989,Em Atendimento,2025-03-14 19:28:37.156243257
1900,106917,Em Atendimento,2025-03-14 19:33:34.333462337
8619,103349,Em Atendimento,2025-03-14 20:32:16.986898861
2358,104646,Em Atendimento,2025-03-14 21:13:56.823562118
1901,106917,Fechado,2025-03-14 21:21:23.277095911
8620,103349,Fechado,2025-03-15 00:15:46.959734852
8523,107989,Pendente,2025-03-15 03:12:09.937945048
7859,103782,Aberto,2025-03-15 08:26:00.000000000
7395,103044,Aberto,2025-03-15 09:15:00.000000000
8426,108405,Aberto,2025-03-15 11:00:00.000000000
8427,108405,Em Atendimento,2025-03-15 11:14:40.059482197
9223,109304,Aberto,2025-03-15 11:52:00.000000000
7272,105485,Aberto,2025-03-15 12:59:00.000000000
2064,106582,Aberto,2025-03-15 12:59:00.000000000
9225,109304,Fechado,2025-03-15 13:08:30.399985534
4203,101622,Fechado,2025-03-15 13:14:51.066111232
7396,103044,Em Atendimento,2025-03-15 13:56:26.239578855
7273,105485,Em Atendimento,2025-03-15 14:51:57.478725332
9224,109304,Em Atendimento,2025-03-15 15:33:26.723615427
2065,106582,Em Atendimento,2025-03-15 15:34:02.379146208
2304,106184,Aberto,2025-03-15 17:54:00.000000000
2066,106582,Fechado,2025-03-15 18:19:25.344740223
2305,106184,Em Atendimento,2025-03-15 18:36:47.661028381
2306,106184,Fechado,2025-03-15 19:09:57.643994419
7274,105485,Fechado,2025-03-15 19:26:56.713110674
7397,103044,Fechado,2025-03-16 02:27:22.706395552
8428,108405,Fechado,2025-03-16 04:15:54.320615013
2269,105869,Aberto,2025-03-16 07:41:00.000000000
163,107843,Aberto,2025-03-16 08:28:00.000000000
2270,105869,Em Atendimento,2025-03-16 09:22:37.681459277
164,107843,Em Atendimento,2025-03-16 09:28:36.067789631
1926,102273,Aberto,2025-03-16 10:16:00.000000000
165,107843,Fechado,2025-03-16 10:23:32.502268135
7608,100408,Aberto,2025-03-16 11:09:00.000000000
7609,100408,Em Atendimento,2025-03-16 11:21:03.084736964
4144,100845,Aberto,2025-03-16 11:48:00.000000000
4677,105186,Aberto,2025-03-16 12:48:00.000000000
4145,100845,Em Atendimento,2025-03-16 13:01:16.429452216
1927,102273,Em Atendimento,2025-03-16 13:11:36.516277489
5115,100197,Aberto,2025-03-16 13:22:00.000000000
2768,103801,Aberto,2025-03-16 13:50:00.000000000
5116,100197,Em Atendimento,2025-03-16 14:28:30.943128861
4678,105186,Em Atendimento,2025-03-16 14:57:45.174772168
7610,100408,Pendente,2025-03-16 15:05:20.279222462
2769,103801,Em Atendimento,2025-03-16 15:07:06.480307398
7882,102560,Aberto,2025-03-16 15:46:00.000000000
1928,102273,Fechado,2025-03-16 15:54:14.177245527
7883,102560,Em Atendimento,2025-03-16 17:01:45.036564550
9071,102783,Aberto,2025-03-16 18:15:00.000000000
5117,100197,Fechado,2025-03-16 18:36:37.835014632
7723,101181,Aberto,2025-03-16 18:49:00.000000000
2271,105869,Fechado,2025-03-16 19:02:41.297248008
9072,102783,Em Atendimento,2025-03-16 20:29:31.509629229
4146,100845,Pendente,2025-03-16 21:20:50.940705305
9073,102783,Fechado,2025-03-16 21:21:20.023052187
7724,101181,Em Atendimento,2025-03-16 22:57:20.018567341
7725,101181,Fechado,2025-03-16 23:07:04.594681537
1273,108021,Aberto,2025-03-17 09:28:00.000000000
4326,108991,Aberto,2025-03-17 11:01:00.000000000
1274,108021,Em Atendimento,2025-03-17 11:01:03.954218263
4327,108991,Em Atendimento,2025-03-17 12:56:19.612318507
2107,106367,Aberto,2025-03-17 15:41:00.000000000
1275,108021,Fechado,2025-03-17 15:59:55.641075380
6899,104416,Aberto,2025-03-17 16:47:00.000000000
2109,106367,Fechado,2025-03-17 17:16:01.732482585
3835,102034,Aberto,2025-03-17 17:50:00.000000000
9201,104397,Aberto,2025-03-17 17:51:00.000000000
3628,104966,Aberto,2025-03-17 17:55:00.000000000
3837,102034,Fechado,2025-03-17 18:27:59.150421048
4328,108991,Fechado,2025-03-17 18:49:48.310615933
342,103989,Aberto,2025-03-17 18:59:00.000000000
2108,106367,Em Atendimento,2025-03-17 19:27:46.084620599
3630,104966,Fechado,2025-03-17 19:36:54.977770435
3836,102034,Em Atendimento,2025-03-17 20:41:45.674862854
9202,104397,Em Atendimento,2025-03-17 20:59:24.607417477
9203,104397,Fechado,2025-03-17 21:21:57.644277998
343,103989,Em Atendimento,2025-03-17 21:38:37.783605158
3629,104966,Em Atendimento,2025-03-17 22:25:11.968815937
6473,107932,Aberto,2025-03-18 08:04:00.000000000
6475,107932,Fechado,2025-03-18 09:21:28.250722374
6474,107932,Em Atendimento,2025-03-18 10:33:42.001048783
7129,103735,Aberto,2025-03-18 15:06:00.000000000
7130,103735,Em Atendimento,2025-03-18 19:03:24.669243499
9150,100463,Aberto,2025-03-19 09:17:00.000000000
7836,106178,Aberto,2025-03-19 10:44:00.000000000
9151,100463,Em Atendimento,2025-03-19 11:05:45.409777413
7837,106178,Em Atendimento,2025-03-19 11:17:40.022876746
3706,102057,Aberto,2025-03-19 11:23:00.000000000
3708,102057,Fechado,2025-03-19 12:22:00.115063929
601,109969,Aberto,2025-03-19 12:47:00.000000000
3707,102057,Em Atendimento,2025-03-19 13:54:39.207356787
4598,105189,Aberto,2025-03-19 15:12:00.000000000
1054,100792,Aberto,2025-03-19 15:47:00.000000000
4599,105189,Em Atendimento,2025-03-19 15:59:05.691279858
602,109969,Em Atendimento,2025-03-19 16:20:36.846865828
4600,105189,Fechado,2025-03-19 17:02:11.599877295
1055,100792,Em Atendimento,2025-03-19 17:55:06.065227178
603,109969,Fechado,2025-03-19 19:26:32.388345464
1056,100792,Fechado,2025-03-19 20:39:48.194470869
2489,105259,Aberto,2025-03-20 07:45:00.000000000
532,101167,Aberto,2025-03-20 10:44:00.000000000
533,101167,Em Atendimento,2025-03-20 11:00:05.160490937
3821,101841,Aberto,2025-03-20 12:01:00.000000000
534,101167,Fechado,2025-03-20 14:04:20.172240405
3822,101841,Em Atendimento,2025-03-20 16:43:27.047152141
6276,102921,Aberto,2025-03-20 18:06:00.000000000
3823,101841,Pendente,2025-03-20 20:50:57.772911974
6277,102921,Em Atendimento,2025-03-20 21:02:38.886686620
6278,102921,Fechado,2025-03-20 21:26:34.224347900
3044,108473,Aberto,2025-03-21 11:08:00.000000000
7004,101768,Aberto,2025-03-21 11:15:00.000000000
3045,108473,Em Atendimento,2025-03-21 11:58:51.378887281
6360,100310,Aberto,2025-03-21 12:26:00.000000000
3046,108473,Fechado,2025-03-21 12:27:17.449657330
7930,107432,Aberto,2025-03-21 13:01:00.000000000
7005,101768,Em Atendimento,2025-03-21 14:40:30.433381544
7954,105936,Aberto,2025-03-21 15:25:00.000000000
6362,100310,Fechado,2025-03-21 15:41:47.547739954
6361,100310,Em Atendimento,2025-03-21 16:42:13.200002492
7931,107432,Em Atendimento,2025-03-21 17:45:11.596895901
7955,105936,Em Atendimento,2025-03-21 17:45:57.555906466
4009,107234,Aberto,2025-03-21 18:51:00.000000000
4010,107234,Em Atendimento,2025-03-21 19:06:52.120893725
4011,107234,Fechado,2025-03-21 20:01:03.298364979
7956,105936,Fechado,2025-03-22 00:48:01.047925024
5593,108437,Aberto,2025-03-22 09:53:00.000000000
5594,108437,Em Atendimento,2025-03-22 12:12:20.183652395
4465,109106,Aberto,2025-03-22 17:09:00.000000000
5595,108437,Fechado,2025-03-22 20:00:50.056525491
4466,109106,Em Atendimento,2025-03-22 20:33:35.326789404
4467,109106,Fechado,2025-03-23 01:00:16.639607962
4195,108230,Aberto,2025-03-23 07:13:00.000000000
5572,105264,Aberto,2025-03-23 07:50:00.000000000
9188,101117,Aberto,2025-03-23 08:46:00.000000000
9189,101117,Em Atendimento,2025-03-23 09:37:02.420425261
5573,105264,Em Atendimento,2025-03-23 09:50:38.478754548
4196,108230,Em Atendimento,2025-03-23 09:57:10.588966433
4197,108230,Fechado,2025-03-23 13:33:15.288454474
9190,101117,Fechado,2025-03-23 14:28:49.067949466
3307,100809,Aberto,2025-03-23 14:38:00.000000000
3991,103077,Aberto,2025-03-23 15:42:00.000000000
4768,106459,Aberto,2025-03-23 16:20:00.000000000
173,109233,Aberto,2025-03-23 16:27:00.000000000
4769,106459,Em Atendimento,2025-03-23 16:51:01.146003493
5574,105264,Pendente,2025-03-23 17:06:20.168885586
3308,100809,Em Atendimento,2025-03-23 17:19:52.403907083
174,109233,Em Atendimento,2025-03-23 18:24:24.244274578
9380,105539,Aberto,2025-03-23 18:42:00.000000000
3992,103077,Em Atendimento,2025-03-23 18:57:12.998152455
9382,105539,Fechado,2025-03-23 19:07:22.085905353
9381,105539,Em Atendimento,2025-03-23 21:21:34.710299124
3309,100809,Fechado,2025-03-23 21:23:52.277522220
4770,106459,Pendente,2025-03-24 04:04:48.852160223
3993,103077,Fechado,2025-03-24 07:13:58.264853361
3133,100379,Aberto,2025-03-24 08:12:00.000000000
3134,100379,Em Atendimento,2025-03-24 08:56:39.725383687
7437,102802,Aberto,2025-03-24 09:06:00.000000000
6065,102722,Aberto,2025-03-24 09:12:00.000000000
6573,102323,Aberto,2025-03-24 09:16:00.000000000
7439,102802,Fechado,2025-03-24 10:41:02.118633151
7438,102802,Em Atendimento,2025-03-24 10:46:52.988924202
4619,105373,Aberto,2025-03-24 14:21:00.000000000
3135,100379,Fechado,2025-03-24 14:35:23.659044867
8248,108014,Aberto,2025-03-24 14:50:00.000000000
8250,108014,Fechado,2025-03-24 15:08:00.000000000
8249,108014,Em Atendimento,2025-03-24 15:11:52.090344477
4620,105373,Em Atendimento,2025-03-24 15:47:01.396303424
2000,108196,Aberto,2025-03-24 16:04:00.000000000
2001,108196,Em Atendimento,2025-03-24 17:05:45.896466328
4621,105373,Fechado,2025-03-24 18:14:10.888578913
2002,108196,Fechado,2025-03-25 03:34:58.852675983
7516,105954,Aberto,2025-03-25 08:23:00.000000000
2513,101560,Aberto,2025-03-25 11:25:00.000000000
2514,101560,Em Atendimento,2025-03-25 11:37:30.473543035
7225,105650,Aberto,2025-03-25 14:02:00.000000000
5027,100736,Aberto,2025-03-25 14:16:00.000000000
396,101192,Aberto,2025-03-25 14:46:00.000000000
2515,101560,Fechado,2025-03-25 15:02:57.773914816
7226,105650,Em Atendimento,2025-03-25 15:10:25.885384078
4018,106994,Aberto,2025-03-25 15:30:00.000000000
5028,100736,Em Atendimento,2025-03-25 15:43:53.229456338
397,101192,Em Atendimento,2025-03-25 17:28:21.523675051
6113,108839,Aberto,2025-03-25 18:17:00.000000000
6115,108839,Fechado,2025-03-25 18:43:42.248475510
4019,106994,Em Atendimento,2025-03-25 19:28:48.624975175
6114,108839,Em Atendimento,2025-03-25 19:42:31.369528528
5029,100736,Fechado,2025-03-25 20:38:19.932541471
398,101192,Fechado,2025-03-25 21:51:13.222999968
1590,101505,Aberto,2025-03-26 08:00:00.000000000
1591,101505,Em Atendimento,2025-03-26 08:44:28.222553629
8674,109521,Aberto,2025-03-26 11:36:00.000000000
8675,109521,Em Atendimento,2025-03-26 12:08:16.025679612
4020,106994,Fechado,2025-03-26 12:34:30.909933717
2043,107273,Aberto,2025-03-26 12:35:00.000000000
7960,100381,Aberto,2025-03-26 14:49:00.000000000
7961,100381,Em Atendimento,2025-03-26 16:04:57.577850097
2044,107273,Em Atendimento,2025-03-26 17:18:15.298377281
2842,100804,Aberto,2025-03-26 18:35:00.000000000
2843,100804,Em Atendimento,2025-03-26 20:43:11.516704741
2844,100804,Fechado,2025-03-26 23:02:08.860881117
1592,101505,Fechado,2025-03-26 23:36:29.417467582
7962,100381,Fechado,2025-03-27 00:12:24.344709208
2045,107273,Fechado,2025-03-27 06:38:49.764646814
1669,101258,Aberto,2025-03-27 08:01:00.000000000
661,103897,Aberto,2025-03-27 08:02:00.000000000
1671,101258,Fechado,2025-03-27 08:27:41.574938424
6939,102160,Aberto,2025-03-27 08:41:00.000000000
662,103897,Em Atendimento,2025-03-27 09:07:14.181152545
1670,101258,Em Atendimento,2025-03-27 10:50:50.325815945
6941,102160,Fechado,2025-03-27 11:50:32.563344225
663,103897,Fechado,2025-03-27 12:30:57.190860037
6940,102160,Em Atendimento,2025-03-27 12:50:57.740586224
5969,105727,Aberto,2025-03-27 13:24:00.000000000
2709,100141,Aberto,2025-03-27 15:05:00.000000000
5970,105727,Em Atendimento,2025-03-27 16:07:05.583263804
2710,100141,Em Atendimento,2025-03-27 16:13:49.057439917
7876,100504,Aberto,2025-03-27 16:16:00.000000000
7878,100504,Fechado,2025-03-27 17:33:04.871341579
5971,105727,Fechado,2025-03-27 19:08:44.842133752
7877,100504,Em Atendimento,2025-03-27 20:51:31.090041988
2711,100141,Fechado,2025-03-28 07:24:51.137860702
5387,101852,Aberto,2025-03-28 08:51:00.000000000
2603,109985,Aberto,2025-03-28 10:07:00.000000000
5389,101852,Fechado,2025-03-28 10:30:58.781784110
5388,101852,Em Atendimento,2025-03-28 10:35:09.319738854
7181,103512,Aberto,2025-03-28 11:26:00.000000000
2605,109985,Fechado,2025-03-28 12:03:25.865943910
7183,103512,Fechado,2025-03-28 12:24:45.112452272
7182,103512,Em Atendimento,2025-03-28 12:39:32.763984107
2604,109985,Em Atendimento,2025-03-28 13:07:01.795577364
4867,104738,Aberto,2025-03-28 13:49:00.000000000
3538,105615,Aberto,2025-03-28 14:57:00.000000000
3539,105615,Em Atendimento,2025-03-28 15:49:37.831693743
3540,105615,Fechado,2025-03-28 18:02:44.808218905
8173,100772,Aberto,2025-03-28 18:26:00.000000000
4474,109281,Aberto,2025-03-28 18:32:00.000000000
4868,104738,Em Atendimento,2025-03-28 18:45:24.277616088
9441,102579,Aberto,2025-03-28 18:49:00.000000000
9442,102579,Em Atendimento,2025-03-28 19:02:48.824714674
4869,104738,Fechado,2025-03-28 19:53:31.294629091
4476,109281,Fechado,2025-03-28 20:27:59.175473908
8174,100772,Em Atendimento,2025-03-28 20:59:14.722131836
4475,109281,Em Atendimento,2025-03-28 21:17:53.458233910
9443,102579,Fechado,2025-03-28 21:35:31.820985760
822,108395,Aberto,2025-03-29 08:09:00.000000000
8461,107930,Aberto,2025-03-29 09:39:00.000000000
1684,109831,Aberto,2025-03-29 10:18:00.000000000
5873,105771,Aberto,2025-03-29 10:52:00.000000000
5714,103849,Aberto,2025-03-29 11:32:00.000000000
5874,105771,Em Atendimento,2025-03-29 11:37:58.327146644
6267,107613,Aberto,2025-03-29 11:46:00.000000000
1685,109831,Em Atendimento,2025-03-29 12:04:18.508276474
5875,105771,Fechado,2025-03-29 12:45:57.088742233
1796,102793,Aberto,2025-03-29 12:48:00.000000000
7678,109203,Aberto,2025-03-29 13:21:00.000000000
8354,101945,Aberto,2025-03-29 13:23:00.000000000
6268,107613,Em Atendimento,2025-03-29 13:34:04.916317527
8462,107930,Em Atendimento,2025-03-29 14:01:04.536641146
6992,108396,Aberto,2025-03-29 14:27:00.000000000
1797,102793,Em Atendimento,2025-03-29 14:47:25.633351469
7679,109203,Em Atendimento,2025-03-29 16:09:13.424574441
6993,108396,Em Atendimento,2025-03-29 16:21:15.234707741
7680,109203,Fechado,2025-03-29 17:03:58.839205676
5214,101250,Aberto,2025-03-29 17:32:00.000000000
8355,101945,Em Atendimento,2025-03-29 17:32:00.226923085
8822,106148,Aberto,2025-03-29 17:49:00.000000000
1686,109831,Fechado,2025-03-29 18:26:25.168489209
8463,107930,Pendente,2025-03-29 18:27:10.544684876
5216,101250,Fechado,2025-03-29 19:18:28.691001706
6994,108396,Fechado,2025-03-29 20:37:51.709826859
5215,101250,Em Atendimento,2025-03-29 20:38:31.816186012
8823,106148,Em Atendimento,2025-03-29 20:44:51.157400429
6269,107613,Pendente,2025-03-29 21:44:24.343562288
8356,101945,Fechado,2025-03-29 22:23:37.961471779
5129,108243,Aberto,2025-03-30 09:34:00.000000000
5130,108243,Em Atendimento,2025-03-30 10:25:12.528807725
6249,103931,Aberto,2025-03-30 10:35:00.000000000
3460,109367,Aberto,2025-03-30 11:24:00.000000000
9182,102341,Aberto,2025-03-30 11:27:00.000000000
3462,109367,Fechado,2025-03-30 12:34:49.006599499
9458,103248,Aberto,2025-03-30 13:06:00.000000000
9460,103248,Fechado,2025-03-30 14:19:02.393851260
3461,109367,Em Atendimento,2025-03-30 14:37:04.986897003
5131,108243,Fechado,2025-03-30 15:04:47.755462338
6250,103931,Em Atendimento,2025-03-30 15:16:19.750356622
9183,102341,Em Atendimento,2025-03-30 16:11:01.356469249
9459,103248,Em Atendimento,2025-03-30 16:50:50.798023949
7963,108793,Aberto,2025-03-30 17:07:00.000000000
4736,100932,Aberto,2025-03-30 17:36:00.000000000
7964,108793,Em Atendimento,2025-03-30 18:35:33.057518372
3597,108063,Aberto,2025-03-30 18:47:00.000000000
4737,100932,Em Atendimento,2025-03-30 19:29:47.260581323
6251,103931,Fechado,2025-03-30 19:41:21.742854681
4738,100932,Fechado,2025-03-30 22:22:07.333597257
9184,102341,Pendente,2025-03-30 23:23:01.166276495
3598,108063,Em Atendimento,2025-03-30 23:27:51.446829953
7965,108793,Fechado,2025-03-31 00:11:43.004328463
7662,101268,Aberto,2025-03-31 07:14:00.000000000
6357,105804,Aberto,2025-03-31 07:42:00.000000000
3838,100189,Aberto,2025-03-31 08:29:00.000000000
7663,101268,Em Atendimento,2025-03-31 08:35:26.576457769
6359,105804,Fechado,2025-03-31 08:51:18.357419329
6358,105804,Em Atendimento,2025-03-31 10:05:51.181278884
7664,101268,Fechado,2025-03-31 10:33:17.840149539
3840,100189,Fechado,2025-03-31 10:35:37.492152577
5796,103830,Aberto,2025-03-31 11:23:00.000000000
5797,103830,Em Atendimento,2025-03-31 11:53:48.910733485
2211,105594,Aberto,2025-03-31 12:51:00.000000000
9479,106394,Aberto,2025-03-31 13:11:00.000000000
3839,100189,Em Atendimento,2025-03-31 13:11:43.341155632
9480,106394,Em Atendimento,2025-03-31 13:38:19.827717208
5842,104414,Aberto,2025-03-31 13:39:00.000000000
3798,106892,Aberto,2025-03-31 14:05:00.000000000
5843,104414,Em Atendimento,2025-03-31 14:16:38.406301117
9481,106394,Fechado,2025-03-31 15:27:15.350628594
5844,104414,Fechado,2025-03-31 16:06:17.468086539
3799,106892,Em Atendimento,2025-03-31 16:13:06.495760280
2212,105594,Em Atendimento,2025-03-31 16:57:17.442041177
2213,105594,Fechado,2025-03-31 18:59:24.666518428
3800,106892,Fechado,2025-03-31 19:35:36.383545702
5798,103830,Fechado,2025-03-31 21:46:46.536055454
8989,106272,Aberto,2025-04-01 08:17:00.000000000
7420,102627,Aberto,2025-04-01 10:28:00.000000000
8991,106272,Fechado,2025-04-01 10:44:18.947039695
5708,106761,Aberto,2025-04-01 10:47:00.000000000
7421,102627,Em Atendimento,2025-04-01 10:54:30.368802537
8990,106272,Em Atendimento,2025-04-01 11:37:16.563450464
5709,106761,Em Atendimento,2025-04-01 14:05:35.701819793
3272,103745,Aberto,2025-04-01 16:03:00.000000000
5710,106761,Fechado,2025-04-01 16:37:33.953193985
1305,107517,Aberto,2025-04-01 17:07:00.000000000
3274,103745,Fechado,2025-04-01 18:01:39.802987351
3273,103745,Em Atendimento,2025-04-01 18:13:40.677017780
1306,107517,Em Atendimento,2025-04-01 18:14:14.271910750
7422,102627,Fechado,2025-04-01 19:51:57.405963206
1307,107517,Fechado,2025-04-01 21:40:28.323519944
5663,103667,Aberto,2025-04-02 07:36:00.000000000
3414,101259,Aberto,2025-04-02 11:34:00.000000000
5664,103667,Em Atendimento,2025-04-02 12:05:51.811894162
5665,103667,Fechado,2025-04-02 12:52:53.667020902
8571,105560,Aberto,2025-04-02 13:05:00.000000000
3500,104923,Aberto,2025-04-02 13:48:00.000000000
3415,101259,Em Atendimento,2025-04-02 14:20:18.882322440
3502,104923,Fechado,2025-04-02 14:48:32.425138198
5196,101786,Aberto,2025-04-02 15:00:00.000000000
8572,105560,Em Atendimento,2025-04-02 15:52:05.928003478
3416,101259,Pendente,2025-04-02 16:36:58.846557851
3178,109636,Aberto,2025-04-02 16:49:00.000000000
5197,101786,Em Atendimento,2025-04-02 17:09:19.310510459
3501,104923,Em Atendimento,2025-04-02 18:04:42.442749623
3179,109636,Em Atendimento,2025-04-02 18:41:20.545492233
7469,106020,Aberto,2025-04-02 18:44:00.000000000
3180,109636,Fechado,2025-04-02 22:08:00.809836881
7470,106020,Em Atendimento,2025-04-02 22:56:50.953515178
8573,105560,Fechado,2025-04-02 23:49:49.630855246
813,109853,Aberto,2025-04-03 08:08:00.000000000
814,109853,Em Atendimento,2025-04-03 09:16:03.275292901
2735,103813,Aberto,2025-04-03 09:18:00.000000000
2737,103813,Fechado,2025-04-03 09:37:55.319175976
1155,109352,Aberto,2025-04-03 10:22:00.000000000
1157,109352,Fechado,2025-04-03 10:40:00.000000000
2609,106189,Aberto,2025-04-03 10:58:00.000000000
2736,103813,Em Atendimento,2025-04-03 12:04:36.805400850
815,109853,Fechado,2025-04-03 12:22:49.172502775
7028,103039,Aberto,2025-04-03 13:03:00.000000000
2610,106189,Em Atendimento,2025-04-03 13:03:07.805561304
1156,109352,Em Atendimento,2025-04-03 13:30:48.191737625
2611,106189,Fechado,2025-04-03 13:53:28.420346398
5198,101786,Fechado,2025-04-03 14:58:38.652182223
664,105278,Aberto,2025-04-03 15:40:00.000000000
7029,103039,Em Atendimento,2025-04-03 16:54:54.003902899
367,108106,Aberto,2025-04-03 17:13:00.000000000
7030,103039,Fechado,2025-04-03 17:20:32.990294018
115,100448,Aberto,2025-04-03 17:41:00.000000000
116,100448,Em Atendimento,2025-04-03 18:07:15.861943966
665,105278,Em Atendimento,2025-04-03 19:19:04.226487178
368,108106,Em Atendimento,2025-04-03 19:20:47.795461426
7471,106020,Fechado,2025-04-03 19:34:31.317249987
369,108106,Fechado,2025-04-03 21:28:53.749478696
666,105278,Pendente,2025-04-03 22:20:41.209051235
117,100448,Pendente,2025-04-04 04:33:47.101691523
2150,103831,Aberto,2025-04-04 11:23:00.000000000
2151,103831,Em Atendimento,2025-04-04 14:04:28.220862414
2152,103831,Fechado,2025-04-04 14:58:49.717721133
4208,100391,Aberto,2025-04-05 09:59:00.000000000
3372,105096,Aberto,2025-04-05 11:00:00.000000000
8525,108780,Aberto,2025-04-05 12:10:00.000000000
7648,106015,Aberto,2025-04-05 12:27:00.000000000
8526,108780,Em Atendimento,2025-04-05 13:17:31.279547204
7649,106015,Em Atendimento,2025-04-05 13:32:35.684907381
4209,100391,Em Atendimento,2025-04-05 14:06:40.273639160
3373,105096,Em Atendimento,2025-04-05 14:19:56.606838430
8536,109182,Aberto,2025-04-05 14:26:00.000000000
8527,108780,Fechado,2025-04-05 15:13:34.677531554
4789,100593,Aberto,2025-04-05 15:45:00.000000000
4790,100593,Em Atendimento,2025-04-05 18:01:19.876183102
7650,106015,Pendente,2025-04-05 18:46:10.536935945
4791,100593,Fechado,2025-04-06 02:40:28.288165144
4067,100207,Aberto,2025-04-06 08:08:00.000000000
5273,103909,Aberto,2025-04-06 08:19:00.000000000
8290,104518,Aberto,2025-04-06 08:41:00.000000000
8292,104518,Fechado,2025-04-06 08:59:00.000000000
5274,103909,Em Atendimento,2025-04-06 09:11:38.315451902
8291,104518,Em Atendimento,2025-04-06 12:06:21.716426442
4068,100207,Em Atendimento,2025-04-06 12:43:41.225595247
4646,104328,Aberto,2025-04-06 13:35:00.000000000
4210,100391,Fechado,2025-04-06 14:48:11.624834452
4069,100207,Fechado,2025-04-06 15:36:07.167376462
5952,103194,Aberto,2025-04-06 17:28:00.000000000
4647,104328,Em Atendimento,2025-04-06 17:44:31.464483228
5275,103909,Pendente,2025-04-06 18:36:11.318037910
5954,103194,Fechado,2025-04-06 18:43:26.887584488
5953,103194,Em Atendimento,2025-04-06 21:41:25.368052725
1250,105448,Aberto,2025-04-07 07:41:00.000000000
6094,103275,Aberto,2025-04-07 08:37:00.000000000
5483,106333,Aberto,2025-04-07 09:04:00.000000000
731,105484,Aberto,2025-04-07 09:27:00.000000000
5484,106333,Em Atendimento,2025-04-07 09:31:37.698920656
732,105484,Em Atendimento,2025-04-07 10:20:45.624433919
1251,105448,Em Atendimento,2025-04-07 10:57:51.991232870
1252,105448,Fechado,2025-04-07 11:55:11.415619528
8044,108597,Aberto,2025-04-07 12:49:00.000000000
9396,105440,Aberto,2025-04-07 13:20:00.000000000
733,105484,Fechado,2025-04-07 13:48:32.559004710
8045,108597,Em Atendimento,2025-04-07 13:56:24.469022174
8046,108597,Fechado,2025-04-07 15:35:36.246512434
1810,109291,Aberto,2025-04-07 16:30:00.000000000
9397,105440,Em Atendimento,2025-04-07 16:45:39.923263327
2520,108695,Aberto,2025-04-07 17:30:00.000000000
6672,100649,Aberto,2025-04-07 18:14:00.000000000
1811,109291,Em Atendimento,2025-04-07 18:23:33.566160448
6673,100649,Em Atendimento,2025-04-07 18:48:50.877304397
2522,108695,Fechado,2025-04-07 20:14:24.907854174
9398,105440,Fechado,2025-04-07 20:37:53.516361969
2521,108695,Em Atendimento,2025-04-07 20:38:07.325355268
6674,100649,Fechado,2025-04-07 20:49:38.364614124
1812,109291,Fechado,2025-04-08 00:05:55.979624540
1040,100413,Aberto,2025-04-08 11:27:00.000000000
1042,100413,Fechado,2025-04-08 12:02:01.044161890
3637,100960,Aberto,2025-04-08 12:27:00.000000000
1093,103870,Aberto,2025-04-08 13:56:00.000000000
1041,100413,Em Atendimento,2025-04-08 13:58:57.395445961
8215,105263,Aberto,2025-04-08 14:12:00.000000000
1095,103870,Fechado,2025-04-08 14:19:18.215870895
8216,105263,Em Atendimento,2025-04-08 15:47:38.737780455
3638,100960,Em Atendimento,2025-04-08 15:51:25.524060400
1094,103870,Em Atendimento,2025-04-08 16:26:35.583334727
8217,105263,Fechado,2025-04-08 17:16:34.500569725
3639,100960,Fechado,2025-04-09 02:57:12.353497646
6533,101041,Aberto,2025-04-09 07:38:00.000000000
8621,100060,Aberto,2025-04-09 08:16:00.000000000
8622,100060,Em Atendimento,2025-04-09 08:44:00.438507770
8623,100060,Fechado,2025-04-09 09:52:39.364834701
8189,109798,Aberto,2025-04-09 09:59:00.000000000
8190,109798,Em Atendimento,2025-04-09 11:17:03.070984113
8191,109798,Fechado,2025-04-09 12:56:17.936839954
754,108245,Aberto,2025-04-09 13:08:00.000000000
3187,105134,Aberto,2025-04-09 14:04:00.000000000
1451,100233,Aberto,2025-04-09 14:49:00.000000000
8643,100205,Aberto,2025-04-09 15:24:00.000000000
1882,100369,Aberto,2025-04-09 15:47:00.000000000
5987,107775,Aberto,2025-04-09 16:31:00.000000000
8644,100205,Em Atendimento,2025-04-09 16:37:00.663678092
1453,100233,Fechado,2025-04-09 16:48:56.740689639
3188,105134,Em Atendimento,2025-04-09 17:03:16.915132460
755,108245,Em Atendimento,2025-04-09 17:11:50.173301587
5988,107775,Em Atendimento,2025-04-09 17:34:25.715906933
1452,100233,Em Atendimento,2025-04-09 17:43:09.791847426
3189,105134,Fechado,2025-04-09 17:43:51.736622022
6066,109372,Aberto,2025-04-09 18:11:00.000000000
1883,100369,Em Atendimento,2025-04-09 19:37:54.813175382
6068,109372,Fechado,2025-04-09 19:50:20.171802301
6067,109372,Em Atendimento,2025-04-09 21:11:58.767046459
1884,100369,Fechado,2025-04-09 22:00:37.075750341
8645,100205,Fechado,2025-04-10 05:50:51.913185986
756,108245,Fechado,2025-04-10 06:07:13.328987146
944,106984,Aberto,2025-04-10 10:39:00.000000000
2382,101351,Aberto,2025-04-10 12:19:00.000000000
945,106984,Em Atendimento,2025-04-10 14:52:31.305219250
946,106984,Fechado,2025-04-10 15:57:14.031084718
2383,101351,Em Atendimento,2025-04-10 16:11:12.325945074
6576,102836,Aberto,2025-04-10 17:34:00.000000000
6577,102836,Em Atendimento,2025-04-10 18:11:43.434088047
5992,107084,Aberto,2025-04-10 18:18:00.000000000
5993,107084,Em Atendimento,2025-04-10 18:35:44.375171025
5994,107084,Fechado,2025-04-10 19:24:10.567513407
6578,102836,Fechado,2025-04-10 21:25:39.715797211
2384,101351,Fechado,2025-04-10 21:38:53.899295685
3625,105537,Aberto,2025-04-11 07:30:00.000000000
909,109954,Aberto,2025-04-11 07:37:00.000000000
2233,102822,Aberto,2025-04-11 08:52:00.000000000
910,109954,Em Atendimento,2025-04-11 09:12:55.088704029
2234,102822,Em Atendimento,2025-04-11 09:15:27.770564238
3627,105537,Fechado,2025-04-11 11:10:34.573266854
3626,105537,Em Atendimento,2025-04-11 11:57:38.597570241
2622,102814,Aberto,2025-04-11 13:19:00.000000000
8015,108938,Aberto,2025-04-11 13:20:00.000000000
2623,102814,Em Atendimento,2025-04-11 14:09:34.597181668
8016,108938,Em Atendimento,2025-04-11 14:14:45.769896676
3447,107034,Aberto,2025-04-11 14:37:00.000000000
3449,107034,Fechado,2025-04-11 15:22:52.300517176
3448,107034,Em Atendimento,2025-04-11 15:42:08.113759666
1359,105022,Aberto,2025-04-11 16:00:00.000000000
2624,102814,Fechado,2025-04-11 16:08:57.082918760
8017,108938,Fechado,2025-04-11 16:09:38.420953104
1360,105022,Em Atendimento,2025-04-11 19:50:27.643943840
2235,102822,Fechado,2025-04-11 20:49:35.481815150
5435,101246,Aberto,2025-04-12 10:11:00.000000000
5436,101246,Em Atendimento,2025-04-12 10:32:40.494180784
6930,106339,Aberto,2025-04-12 11:16:00.000000000
6931,106339,Em Atendimento,2025-04-12 11:37:42.294100753
6597,102871,Aberto,2025-04-12 16:07:00.000000000
6599,102871,Fechado,2025-04-12 16:31:18.226813150
905,104648,Aberto,2025-04-12 16:41:00.000000000
6932,106339,Fechado,2025-04-12 16:43:11.301143389
6598,102871,Em Atendimento,2025-04-12 16:45:05.229319386
5437,101246,Fechado,2025-04-12 18:20:52.594331698
2572,100110,Aberto,2025-04-13 09:00:00.000000000
7645,106464,Aberto,2025-04-13 09:44:00.000000000
7646,106464,Em Atendimento,2025-04-13 10:45:23.413942055
1798,101265,Aberto,2025-04-13 10:53:00.000000000
7519,106499,Aberto,2025-04-13 11:10:00.000000000
2619,108112,Aberto,2025-04-13 11:31:00.000000000
1799,101265,Em Atendimento,2025-04-13 11:32:57.710635722
2620,108112,Em Atendimento,2025-04-13 12:20:47.229783610
2573,100110,Em Atendimento,2025-04-13 12:28:21.445894643
3169,102457,Aberto,2025-04-13 12:41:00.000000000
2574,100110,Fechado,2025-04-13 13:19:07.983128816
1800,101265,Fechado,2025-04-13 13:21:58.443502321
7521,106499,Fechado,2025-04-13 13:43:32.293298455
7520,106499,Em Atendimento,2025-04-13 14:57:07.390458247
5711,105477,Aberto,2025-04-13 15:06:00.000000000
7647,106464,Fechado,2025-04-13 16:16:55.388169272
5712,105477,Em Atendimento,2025-04-13 17:08:01.017480287
3170,102457,Em Atendimento,2025-04-13 17:39:51.430201019
5713,105477,Fechado,2025-04-13 23:51:33.755635198
3171,102457,Fechado,2025-04-14 01:53:43.117339363
5485,103734,Aberto,2025-04-14 09:01:00.000000000
2791,106733,Aberto,2025-04-14 09:17:00.000000000
2649,107361,Aberto,2025-04-14 09:20:00.000000000
5487,103734,Fechado,2025-04-14 09:32:40.859215608
2793,106733,Fechado,2025-04-14 09:57:17.575388936
2792,106733,Em Atendimento,2025-04-14 11:40:41.597144698
2650,107361,Em Atendimento,2025-04-14 12:47:58.667224377
8377,100632,Aberto,2025-04-14 12:56:00.000000000
5486,103734,Em Atendimento,2025-04-14 14:00:15.674486598
1847,107746,Aberto,2025-04-14 14:15:00.000000000
2214,108846,Aberto,2025-04-14 14:40:00.000000000
1848,107746,Em Atendimento,2025-04-14 14:50:20.408807198
2215,108846,Em Atendimento,2025-04-14 15:02:33.808028132
8378,100632,Em Atendimento,2025-04-14 17:12:48.665300167
2216,108846,Fechado,2025-04-14 17:34:33.095148580
1849,107746,Fechado,2025-04-14 18:01:18.003568000
3904,100003,Aberto,2025-04-14 18:06:00.000000000
2651,107361,Pendente,2025-04-14 18:30:52.263815093
3905,100003,Em Atendimento,2025-04-14 20:48:32.565044862
3906,100003,Fechado,2025-04-15 00:55:36.169943818
1217,102475,Aberto,2025-04-15 08:08:00.000000000
1837,109333,Aberto,2025-04-15 08:13:00.000000000
5966,101824,Aberto,2025-04-15 10:51:00.000000000
7386,109910,Aberto,2025-04-15 11:31:00.000000000
5967,101824,Em Atendimento,2025-04-15 11:37:23.291518745
1218,102475,Em Atendimento,2025-04-15 11:43:51.624069177
2373,100368,Aberto,2025-04-15 12:01:00.000000000
9306,108146,Aberto,2025-04-15 12:10:00.000000000
9307,108146,Em Atendimento,2025-04-15 13:08:44.797615037
7387,109910,Em Atendimento,2025-04-15 13:13:44.456037017
5968,101824,Fechado,2025-04-15 13:24:42.004092949
1219,102475,Fechado,2025-04-15 17:08:56.143934632
7388,109910,Fechado,2025-04-15 18:27:05.585727318
2465,105687,Aberto,2025-04-16 08:16:00.000000000
2467,105687,Fechado,2025-04-16 11:16:53.558451676
5279,107805,Aberto,2025-04-16 11:25:00.000000000
2466,105687,Em Atendimento,2025-04-16 13:10:38.889902355
6942,106705,Aberto,2025-04-16 13:37:00.000000000
5281,107805,Fechado,2025-04-16 13:48:51.190623171
6943,106705,Em Atendimento,2025-04-16 13:54:12.483531995
6327,103935,Aberto,2025-04-16 14:32:00.000000000
5280,107805,Em Atendimento,2025-04-16 15:14:25.500639191
6328,103935,Em Atendimento,2025-04-16 16:22:13.176501019
2523,108625,Aberto,2025-04-16 17:35:00.000000000
6453,107751,Aberto,2025-04-16 18:16:00.000000000
7449,106719,Aberto,2025-04-16 18:22:00.000000000
1604,106580,Aberto,2025-04-16 18:33:00.000000000
7451,106719,Fechado,2025-04-16 18:49:42.072679778
1605,106580,Em Atendimento,2025-04-16 20:48:53.905071540
2524,108625,Em Atendimento,2025-04-16 21:28:50.233109563
6454,107751,Em Atendimento,2025-04-16 21:41:53.811443379
7450,106719,Em Atendimento,2025-04-16 22:32:41.960186774
6455,107751,Pendente,2025-04-17 00:22:12.172821814
1606,106580,Fechado,2025-04-17 01:53:40.486570357
2525,108625,Fechado,2025-04-17 02:12:15.026220883
6944,106705,Fechado,2025-04-17 04:26:37.291922090
5,108878,Aberto,2025-04-17 09:25:00.000000000
1737,100472,Aberto,2025-04-17 10:00:00.000000000
3887,106229,Aberto,2025-04-17 13:30:00.000000000
7,108878,Fechado,2025-04-17 13:45:40.854252588
8873,104057,Aberto,2025-04-17 14:16:00.000000000
6,108878,Em Atendimento,2025-04-17 14:17:06.967550222
5406,108985,Aberto,2025-04-17 14:53:00.000000000
4945,102510,Aberto,2025-04-17 14:53:00.000000000
3889,106229,Fechado,2025-04-17 15:03:19.754069590
5407,108985,Em Atendimento,2025-04-17 15:21:32.308956563
8875,104057,Fechado,2025-04-17 15:47:54.490410969
4946,102510,Em Atendimento,2025-04-17 16:51:57.350105537
2873,101032,Aberto,2025-04-17 18:05:00.000000000
3888,106229,Em Atendimento,2025-04-17 18:14:42.210841073
8874,104057,Em Atendimento,2025-04-17 18:56:02.241821700
5408,108985,Fechado,2025-04-17 20:09:25.932997063
2874,101032,Em Atendimento,2025-04-17 20:38:20.496862299
2875,101032,Fechado,2025-04-18 03:49:17.321827066
7994,101956,Aberto,2025-04-18 07:38:00.000000000
8998,100975,Aberto,2025-04-18 08:44:00.000000000
5790,104199,Aberto,2025-04-18 08:52:00.000000000
5791,104199,Em Atendimento,2025-04-18 09:52:48.935183527
4500,101550,Aberto,2025-04-18 10:05:00.000000000
3286,104787,Aberto,2025-04-18 10:37:00.000000000
8999,100975,Em Atendimento,2025-04-18 10:39:18.099831164
7995,101956,Em Atendimento,2025-04-18 11:44:56.978910719
7996,101956,Fechado,2025-04-18 12:16:56.397203793
4501,101550,Em Atendimento,2025-04-18 12:23:27.973829927
3287,104787,Em Atendimento,2025-04-18 13:03:32.679826873
4502,101550,Fechado,2025-04-18 13:23:27.640283266
3288,104787,Fechado,2025-04-18 16:45:32.245717581
5792,104199,Fechado,2025-04-18 19:45:06.851424566
9000,100975,Fechado,2025-04-19 06:32:23.598028537
1607,102451,Aberto,2025-04-19 08:02:00.000000000
129,108164,Aberto,2025-04-19 09:16:00.000000000
2973,104011,Aberto,2025-04-19 12:22:00.000000000
130,108164,Em Atendimento,2025-04-19 12:26:49.688108448
2564,103506,Aberto,2025-04-19 13:02:00.000000000
2975,104011,Fechado,2025-04-19 13:20:26.384759144
5426,102033,Aberto,2025-04-19 14:43:00.000000000
2565,103506,Em Atendimento,2025-04-19 14:53:03.991434122
2974,104011,Em Atendimento,2025-04-19 15:05:46.070104464
1284,105014,Aberto,2025-04-19 16:11:00.000000000
2566,103506,Fechado,2025-04-19 16:18:08.302299423
1285,105014,Em Atendimento,2025-04-19 16:42:09.628442879
8255,102231,Aberto,2025-04-19 17:48:00.000000000
8256,102231,Em Atendimento,2025-04-19 18:08:29.245049512
5427,102033,Em Atendimento,2025-04-19 18:43:50.789110618
1286,105014,Fechado,2025-04-19 21:16:21.697244469
5428,102033,Pendente,2025-04-19 21:59:30.803543568
8257,102231,Fechado,2025-04-20 03:23:05.898665598
4237,103885,Aberto,2025-04-20 08:14:00.000000000
4238,103885,Em Atendimento,2025-04-20 08:28:52.512939883
4492,105394,Aberto,2025-04-20 11:19:00.000000000
1393,107761,Aberto,2025-04-20 12:14:00.000000000
1394,107761,Em Atendimento,2025-04-20 13:14:46.744140523
4494,105394,Fechado,2025-04-20 13:48:23.505602503
9482,108670,Aberto,2025-04-20 15:07:00.000000000
4493,105394,Em Atendimento,2025-04-20 15:21:24.987671807
9483,108670,Em Atendimento,2025-04-20 16:38:25.118244625
4239,103885,Pendente,2025-04-20 17:04:10.108792293
9484,108670,Pendente,2025-04-21 01:15:50.366367532
5666,101961,Aberto,2025-04-21 07:24:00.000000000
5042,100439,Aberto,2025-04-21 07:52:00.000000000
5043,100439,Em Atendimento,2025-04-21 08:45:40.297403267
2859,103408,Aberto,2025-04-21 09:11:00.000000000
966,102613,Aberto,2025-04-21 09:28:00.000000000
1497,106344,Aberto,2025-04-21 09:47:00.000000000
968,102613,Fechado,2025-04-21 10:33:00.949578756
2860,103408,Em Atendimento,2025-04-21 11:11:58.584081129
8492,104927,Aberto,2025-04-21 11:16:00.000000000
1499,106344,Fechado,2025-04-21 11:37:19.088503314
967,102613,Em Atendimento,2025-04-21 11:54:54.903505471
2861,103408,Fechado,2025-04-21 12:01:18.074891637
8493,104927,Em Atendimento,2025-04-21 13:31:38.373443283
8494,104927,Fechado,2025-04-21 13:50:56.759618280
1498,106344,Em Atendimento,2025-04-21 14:42:44.028896636
1874,109938,Aberto,2025-04-21 15:03:00.000000000
3517,104951,Aberto,2025-04-21 16:58:00.000000000
4902,102875,Aberto,2025-04-21 17:58:00.000000000
1875,109938,Em Atendimento,2025-04-21 19:49:21.358888023
3518,104951,Em Atendimento,2025-04-21 21:36:27.228311251
4903,102875,Em Atendimento,2025-04-21 21:57:56.454930590
3519,104951,Fechado,2025-04-21 23:23:13.241939768
4904,102875,Fechado,2025-04-22 02:02:46.565480280
5412,100006,Aberto,2025-04-22 09:10:00.000000000
9495,109441,Aberto,2025-04-22 10:39:00.000000000
1876,109938,Fechado,2025-04-22 11:01:57.723549564
5413,100006,Em Atendimento,2025-04-22 11:40:34.079053141
5414,100006,Fechado,2025-04-22 11:53:27.470186709
4965,105386,Aberto,2025-04-22 12:30:00.000000000
9496,109441,Em Atendimento,2025-04-22 14:17:48.345960511
6698,105708,Aberto,2025-04-22 18:33:00.000000000
1992,101980,Aberto,2025-04-22 18:35:00.000000000
7548,108571,Aberto,2025-04-22 18:56:00.000000000
1993,101980,Em Atendimento,2025-04-22 20:29:44.830556592
1994,101980,Fechado,2025-04-22 21:37:50.862310749
6699,105708,Em Atendimento,2025-04-22 23:01:41.872484226
7549,108571,Em Atendimento,2025-04-22 23:55:42.622657162
7550,108571,Fechado,2025-04-23 00:24:36.698984778
2471,103267,Aberto,2025-04-23 07:40:00.000000000
8143,103792,Aberto,2025-04-23 09:31:00.000000000
6206,105337,Aberto,2025-04-23 10:03:00.000000000
6208,105337,Fechado,2025-04-23 10:40:11.052211195
7979,108598,Aberto,2025-04-23 11:02:00.000000000
7980,108598,Em Atendimento,2025-04-23 11:56:19.044424568
2472,103267,Em Atendimento,2025-04-23 12:30:03.606449417
6207,105337,Em Atendimento,2025-04-23 12:32:25.749477375
8144,103792,Em Atendimento,2025-04-23 13:23:46.756191066
1771,101915,Aberto,2025-04-23 14:35:00.000000000
1773,101915,Fechado,2025-04-23 16:21:46.412602996
2473,103267,Fechado,2025-04-23 17:27:38.090695380
1772,101915,Em Atendimento,2025-04-23 17:31:03.571490151
6700,105708,Fechado,2025-04-23 17:56:53.721910914
8145,103792,Pendente,2025-04-23 19:58:23.072523902
9533,103079,Aberto,2025-04-24 08:46:00.000000000
9534,103079,Em Atendimento,2025-04-24 09:09:39.667763271
7143,105946,Aberto,2025-04-24 10:00:00.000000000
282,109239,Aberto,2025-04-24 10:21:00.000000000
7145,105946,Fechado,2025-04-24 11:15:00.224068445
9535,103079,Fechado,2025-04-24 11:16:29.968854346
1625,109000,Aberto,2025-04-24 11:31:00.000000000
7144,105946,Em Atendimento,2025-04-24 11:49:18.720988144
283,109239,Em Atendimento,2025-04-24 12:37:46.417270556
1626,109000,Em Atendimento,2025-04-24 14:38:16.201972300
9478,104950,Aberto,2025-04-24 15:10:00.000000000
9272,105499,Aberto,2025-04-24 15:45:00.000000000
1627,109000,Fechado,2025-04-24 17:02:24.025196712
284,109239,Fechado,2025-04-24 17:58:54.577150906
7981,108598,Fechado,2025-04-24 18:30:16.167816624
9273,105499,Em Atendimento,2025-04-24 19:53:39.749496112
9274,105499,Fechado,2025-04-24 20:58:59.064223864
2978,106685,Aberto,2025-04-25 09:28:00.000000000
3881,102304,Aberto,2025-04-25 11:54:00.000000000
2979,106685,Em Atendimento,2025-04-25 12:02:02.714728444
5112,109735,Aberto,2025-04-25 14:08:00.000000000
5114,109735,Fechado,2025-04-25 16:17:50.247186238
2980,106685,Fechado,2025-04-25 16:23:51.824134228
3882,102304,Em Atendimento,2025-04-25 16:46:08.066152474
5113,109735,Em Atendimento,2025-04-25 16:59:00.262966143
5429,108430,Aberto,2025-04-25 17:10:00.000000000
2401,106491,Aberto,2025-04-25 18:10:00.000000000
2402,106491,Em Atendimento,2025-04-25 19:53:33.750153268
3883,102304,Fechado,2025-04-25 20:41:33.698941519
5430,108430,Em Atendimento,2025-04-25 21:44:51.988959290
5431,108430,Fechado,2025-04-26 01:11:47.544922282
3143,106254,Aberto,2025-04-26 11:12:00.000000000
3145,106254,Fechado,2025-04-26 12:37:12.241130376
3144,106254,Em Atendimento,2025-04-26 13:11:24.564969210
2851,104371,Aberto,2025-04-26 15:38:00.000000000
2403,106491,Fechado,2025-04-26 23:49:57.812920815
4453,100712,Aberto,2025-04-27 11:47:00.000000000
9348,105975,Aberto,2025-04-27 12:42:00.000000000
6028,101229,Aberto,2025-04-27 13:13:00.000000000
5560,108428,Aberto,2025-04-27 13:49:00.000000000
4454,100712,Em Atendimento,2025-04-27 14:08:47.562593984
5561,108428,Em Atendimento,2025-04-27 15:20:22.136128434
5390,100304,Aberto,2025-04-27 15:45:00.000000000
9349,105975,Em Atendimento,2025-04-27 16:14:26.261010772
4455,100712,Fechado,2025-04-27 16:24:12.709515025
5807,101336,Aberto,2025-04-27 16:31:00.000000000
3269,104818,Aberto,2025-04-27 17:02:00.000000000
6029,101229,Em Atendimento,2025-04-27 17:50:52.005444184
3270,104818,Em Atendimento,2025-04-27 18:06:28.407241995
5808,101336,Em Atendimento,2025-04-27 18:26:30.784527057
5562,108428,Fechado,2025-04-27 19:00:59.739395334
5809,101336,Fechado,2025-04-27 19:11:34.366617242
5391,100304,Em Atendimento,2025-04-27 19:15:21.512149005
3271,104818,Fechado,2025-04-27 19:38:38.619031147
6030,101229,Fechado,2025-04-27 20:35:41.159352147
9350,105975,Fechado,2025-04-27 22:06:29.420321936
9083,103279,Aberto,2025-04-28 08:31:00.000000000
6511,104943,Aberto,2025-04-28 09:18:00.000000000
6512,104943,Em Atendimento,2025-04-28 13:02:56.077484238
6523,100568,Aberto,2025-04-28 13:58:00.000000000
6524,100568,Em Atendimento,2025-04-28 14:17:23.648982694
6513,104943,Fechado,2025-04-28 15:09:48.131369744
5137,107010,Aberto,2025-04-28 16:03:00.000000000
2724,107370,Aberto,2025-04-28 18:04:00.000000000
5138,107010,Em Atendimento,2025-04-28 18:27:14.323125526
5739,102528,Aberto,2025-04-28 18:46:00.000000000
7102,100128,Aberto,2025-04-28 18:51:00.000000000
2725,107370,Em Atendimento,2025-04-28 19:01:08.351922832
5740,102528,Em Atendimento,2025-04-28 20:29:03.840068476
7103,100128,Em Atendimento,2025-04-28 20:43:07.661728287
2726,107370,Fechado,2025-04-28 21:19:38.857911753
5741,102528,Fechado,2025-04-28 21:35:44.162684295
7104,100128,Fechado,2025-04-28 22:20:40.480014498
5139,107010,Fechado,2025-04-29 00:43:42.976519352
8610,102885,Aberto,2025-04-29 08:21:00.000000000
8611,102885,Em Atendimento,2025-04-29 08:52:57.465344140
4497,106170,Aberto,2025-04-29 11:05:00.000000000
8612,102885,Fechado,2025-04-29 12:10:07.104636832
4499,106170,Fechado,2025-04-29 13:04:29.860487354
4498,106170,Em Atendimento,2025-04-29 14:17:19.991226436
2738,101893,Aberto,2025-04-29 16:12:00.000000000
2740,101893,Fechado,2025-04-29 18:10:41.112795986
2739,101893,Em Atendimento,2025-04-29 18:38:32.274958898
6203,100794,Aberto,2025-04-30 09:24:00.000000000
67,108587,Aberto,2025-04-30 09:34:00.000000000
2022,102334,Aberto,2025-04-30 10:03:00.000000000
2024,102334,Fechado,2025-04-30 11:04:32.501912311
68,108587,Em Atendimento,2025-04-30 12:03:24.909186371
69,108587,Fechado,2025-04-30 12:51:12.146454106
8795,106242,Aberto,2025-04-30 12:59:00.000000000
6204,100794,Em Atendimento,2025-04-30 13:37:53.899247834
2023,102334,Em Atendimento,2025-04-30 14:05:05.291786998
6205,100794,Fechado,2025-04-30 16:41:52.927799582
8796,106242,Em Atendimento,2025-04-30 17:33:52.597410869
7013,106757,Aberto,2025-05-01 12:46:00.000000000
2981,108602,Aberto,2025-05-01 14:52:00.000000000
6294,105690,Aberto,2025-05-01 15:44:00.000000000
2982,108602,Em Atendimento,2025-05-01 16:49:08.869860562
7015,106757,Fechado,2025-05-01 17:16:32.549230353
7014,106757,Em Atendimento,2025-05-01 17:25:24.387280280
9399,109462,Aberto,2025-05-01 17:57:00.000000000
6295,105690,Em Atendimento,2025-05-01 20:06:10.659837975
9400,109462,Em Atendimento,2025-05-01 22:50:32.407730546
6296,105690,Fechado,2025-05-02 00:15:56.853998040
9401,109462,Pendente,2025-05-02 01:33:23.598038875
8441,108546,Aberto,2025-05-02 08:02:00.000000000
8443,108546,Fechado,2025-05-02 08:55:48.190215699
7156,100335,Aberto,2025-05-02 10:05:00.000000000
8146,104878,Aberto,2025-05-02 11:56:00.000000000
8442,108546,Em Atendimento,2025-05-02 12:50:53.016075342
7157,100335,Em Atendimento,2025-05-02 13:39:30.204454664
7158,100335,Fechado,2025-05-02 14:11:13.761442306
8147,104878,Em Atendimento,2025-05-02 14:59:45.304064157
5505,101306,Aberto,2025-05-02 16:46:00.000000000
6381,108025,Aberto,2025-05-02 17:31:00.000000000
6382,108025,Em Atendimento,2025-05-02 17:43:13.139657828
8148,104878,Fechado,2025-05-02 18:04:48.268941255
5506,101306,Em Atendimento,2025-05-02 18:58:52.632220430
6383,108025,Fechado,2025-05-02 20:19:20.739749594
5507,101306,Pendente,2025-05-03 00:13:36.819263997
7247,108704,Aberto,2025-05-03 07:58:00.000000000
5667,106568,Aberto,2025-05-03 09:25:00.000000000
4462,106383,Aberto,2025-05-03 12:19:00.000000000
5613,107003,Aberto,2025-05-03 12:28:00.000000000
5668,106568,Em Atendimento,2025-05-03 12:35:58.808818654
4463,106383,Em Atendimento,2025-05-03 14:25:59.621117777
1345,102723,Aberto,2025-05-03 17:15:00.000000000
5669,106568,Fechado,2025-05-03 17:23:10.431827212
1346,102723,Em Atendimento,2025-05-03 20:51:22.669149647
1347,102723,Fechado,2025-05-04 01:09:01.527606532
214,102577,Aberto,2025-05-04 07:00:00.000000000
6879,102286,Aberto,2025-05-04 07:43:00.000000000
216,102577,Fechado,2025-05-04 08:36:12.127462372
6881,102286,Fechado,2025-05-04 09:31:59.201541741
215,102577,Em Atendimento,2025-05-04 10:22:43.045016316
1012,101777,Aberto,2025-05-04 11:03:00.000000000
1013,101777,Em Atendimento,2025-05-04 11:41:18.267281385
6880,102286,Em Atendimento,2025-05-04 11:43:42.401804739
911,101526,Aberto,2025-05-04 13:45:00.000000000
4214,103266,Aberto,2025-05-04 14:21:00.000000000
912,101526,Em Atendimento,2025-05-04 17:05:18.011866370
913,101526,Fechado,2025-05-04 19:35:40.453915419
1014,101777,Fechado,2025-05-04 23:05:28.926290097
6888,107556,Aberto,2025-05-05 09:01:00.000000000
6889,107556,Em Atendimento,2025-05-05 09:29:21.958305674
3783,104563,Aberto,2025-05-05 09:32:00.000000000
6890,107556,Fechado,2025-05-05 09:46:42.601474634
4774,105317,Aberto,2025-05-05 10:26:00.000000000
3785,104563,Fechado,2025-05-05 11:36:06.050270168
3784,104563,Em Atendimento,2025-05-05 13:45:59.806945502
4775,105317,Em Atendimento,2025-05-05 14:06:05.229681413
1090,100098,Aberto,2025-05-05 14:38:00.000000000
1091,100098,Em Atendimento,2025-05-05 16:01:36.708024960
1092,100098,Fechado,2025-05-05 22:41:21.698701603
6042,101423,Aberto,2025-05-06 09:11:00.000000000
3902,100287,Aberto,2025-05-06 09:16:00.000000000
6411,105379,Aberto,2025-05-06 10:04:00.000000000
7844,106665,Aberto,2025-05-06 10:53:00.000000000
7845,106665,Em Atendimento,2025-05-06 11:13:06.743763869
3903,100287,Em Atendimento,2025-05-06 11:54:46.593953815
6412,105379,Em Atendimento,2025-05-06 12:11:48.250297016
6043,101423,Em Atendimento,2025-05-06 12:43:55.138167907
6044,101423,Pendente,2025-05-06 12:44:36.233862435
6413,105379,Pendente,2025-05-06 13:45:31.005565814
7846,106665,Fechado,2025-05-06 14:23:51.320739844
7913,105482,Aberto,2025-05-06 17:49:00.000000000
7914,105482,Em Atendimento,2025-05-06 22:36:44.262287670
440,107469,Aberto,2025-05-07 09:44:00.000000000
3997,102349,Aberto,2025-05-07 11:53:00.000000000
3998,102349,Em Atendimento,2025-05-07 12:28:03.550357559
4628,107159,Aberto,2025-05-07 12:43:00.000000000
1541,109167,Aberto,2025-05-07 13:42:00.000000000
4629,107159,Em Atendimento,2025-05-07 14:18:00.213434223
4630,107159,Fechado,2025-05-07 15:02:11.693481157
1542,109167,Em Atendimento,2025-05-07 17:03:51.078239129
3999,102349,Fechado,2025-05-07 20:29:08.073847648
6004,107375,Aberto,2025-05-08 07:42:00.000000000
7493,104565,Aberto,2025-05-08 07:53:00.000000000
7494,104565,Em Atendimento,2025-05-08 08:15:35.373713507
6681,103226,Aberto,2025-05-08 09:42:00.000000000
4115,109490,Aberto,2025-05-08 10:23:00.000000000
7211,105364,Aberto,2025-05-08 10:27:00.000000000
4117,109490,Fechado,2025-05-08 11:07:55.612763008
4116,109490,Em Atendimento,2025-05-08 11:47:17.811712999
6682,103226,Em Atendimento,2025-05-08 11:47:20.817226714
6348,107437,Aberto,2025-05-08 12:46:00.000000000
7212,105364,Em Atendimento,2025-05-08 12:54:02.621408705
7213,105364,Fechado,2025-05-08 12:57:53.931861205
2502,109208,Aberto,2025-05-08 14:45:00.000000000
6349,107437,Em Atendimento,2025-05-08 15:27:36.033111669
6350,107437,Pendente,2025-05-08 17:02:34.918480833
2503,109208,Em Atendimento,2025-05-08 17:43:44.932033210
6683,103226,Fechado,2025-05-08 17:45:26.306526301
2504,109208,Pendente,2025-05-08 19:00:42.549944620
7495,104565,Fechado,2025-05-08 19:53:02.667223202
2670,104153,Aberto,2025-05-09 07:34:00.000000000
5267,105433,Aberto,2025-05-09 08:14:00.000000000
2672,104153,Fechado,2025-05-09 08:16:51.905701663
3866,103707,Aberto,2025-05-09 08:38:00.000000000
2519,102222,Aberto,2025-05-09 09:45:00.000000000
6487,105577,Aberto,2025-05-09 09:56:00.000000000
5268,105433,Em Atendimento,2025-05-09 10:10:30.307961872
2671,104153,Em Atendimento,2025-05-09 10:37:00.999602468
3867,103707,Em Atendimento,2025-05-09 10:46:06.292165241
5269,105433,Fechado,2025-05-09 11:45:26.111447252
6489,105577,Fechado,2025-05-09 11:53:26.573753073
3868,103707,Fechado,2025-05-09 12:07:25.670038365
6488,105577,Em Atendimento,2025-05-09 13:19:17.266428876
3523,102229,Aberto,2025-05-09 13:20:00.000000000
5963,104490,Aberto,2025-05-09 13:39:00.000000000
3524,102229,Em Atendimento,2025-05-09 13:52:52.380879350
5964,104490,Em Atendimento,2025-05-09 14:54:43.587294477
5733,103469,Aberto,2025-05-09 15:01:00.000000000
5734,103469,Em Atendimento,2025-05-09 15:34:12.024761869
9029,108517,Aberto,2025-05-09 15:46:00.000000000
4153,103482,Aberto,2025-05-09 16:13:00.000000000
4154,103482,Em Atendimento,2025-05-09 17:05:25.112914065
9031,108517,Fechado,2025-05-09 17:23:19.337347232
1077,106760,Aberto,2025-05-09 17:33:00.000000000
9030,108517,Em Atendimento,2025-05-09 17:44:55.902054553
3525,102229,Pendente,2025-05-09 18:23:01.989443511
5735,103469,Fechado,2025-05-09 19:01:47.921517288
5965,104490,Fechado,2025-05-09 19:25:27.271709828
4155,103482,Fechado,2025-05-10 06:29:12.349124853
5233,106993,Aberto,2025-05-10 08:41:00.000000000
5261,107789,Aberto,2025-05-10 09:11:00.000000000
5747,105522,Aberto,2025-05-10 09:16:00.000000000
5749,105522,Fechado,2025-05-10 09:38:04.224807177
8489,106649,Aberto,2025-05-10 09:42:00.000000000
5748,105522,Em Atendimento,2025-05-10 10:25:22.003224008
5234,106993,Em Atendimento,2025-05-10 10:41:54.905420491
6405,105622,Aberto,2025-05-10 10:44:00.000000000
5401,106768,Aberto,2025-05-10 11:04:00.000000000
6406,105622,Em Atendimento,2025-05-10 11:41:23.646069643
8490,106649,Em Atendimento,2025-05-10 11:59:43.195819206
5403,106768,Fechado,2025-05-10 12:13:06.301526846
8568,107802,Aberto,2025-05-10 12:17:00.000000000
2816,105117,Aberto,2025-05-10 12:39:00.000000000
6407,105622,Fechado,2025-05-10 12:41:31.446165704
5235,106993,Fechado,2025-05-10 13:33:59.648206915
2818,105117,Fechado,2025-05-10 13:36:13.735445526
5262,107789,Em Atendimento,2025-05-10 13:48:11.178214677
5402,106768,Em Atendimento,2025-05-10 14:01:02.987516087
5263,107789,Fechado,2025-05-10 14:19:19.840944354
7360,106833,Aberto,2025-05-10 14:35:00.000000000
7361,106833,Em Atendimento,2025-05-10 15:11:00.632609193
8569,107802,Em Atendimento,2025-05-10 15:15:15.476818631
2817,105117,Em Atendimento,2025-05-10 15:18:42.662182842
7362,106833,Fechado,2025-05-10 15:31:40.638524694
1718,101748,Aberto,2025-05-10 15:42:00.000000000
802,107655,Aberto,2025-05-10 16:50:00.000000000
1549,104480,Aberto,2025-05-10 18:48:00.000000000
1719,101748,Em Atendimento,2025-05-10 20:00:39.480025525
8570,107802,Fechado,2025-05-10 20:27:34.980507354
1720,101748,Fechado,2025-05-10 20:37:30.271861675
1550,104480,Em Atendimento,2025-05-10 22:58:30.308225894
5076,107999,Aberto,2025-05-11 07:10:00.000000000
5432,100906,Aberto,2025-05-11 08:19:00.000000000
8491,106649,Fechado,2025-05-11 08:49:38.272401886
8817,100961,Aberto,2025-05-11 09:32:00.000000000
5077,107999,Em Atendimento,2025-05-11 09:38:53.774555555
1551,104480,Fechado,2025-05-11 09:40:52.713417644
5433,100906,Em Atendimento,2025-05-11 09:59:11.711794594
8818,100961,Em Atendimento,2025-05-11 10:25:39.397910592
4956,102260,Aberto,2025-05-11 10:57:00.000000000
4957,102260,Em Atendimento,2025-05-11 14:34:47.480045481
8819,100961,Fechado,2025-05-11 15:32:12.676937108
5434,100906,Fechado,2025-05-11 17:10:56.122082334
4958,102260,Fechado,2025-05-11 18:09:01.150721845
5078,107999,Fechado,2025-05-11 22:10:08.906039452
6660,107791,Aberto,2025-05-12 08:02:00.000000000
6661,107791,Em Atendimento,2025-05-12 08:33:46.445217457
280,105291,Aberto,2025-05-12 09:35:00.000000000
8391,105545,Aberto,2025-05-12 09:44:00.000000000
3587,100617,Aberto,2025-05-12 10:19:00.000000000
6662,107791,Fechado,2025-05-12 10:19:37.016475234
281,105291,Em Atendimento,2025-05-12 11:01:08.997340675
2025,105691,Aberto,2025-05-12 11:39:00.000000000
3588,100617,Em Atendimento,2025-05-12 12:19:56.037992925
2027,105691,Fechado,2025-05-12 12:23:12.865687242
8392,105545,Em Atendimento,2025-05-12 12:54:28.624664679
2026,105691,Em Atendimento,2025-05-12 14:31:10.039546432
9414,105920,Aberto,2025-05-12 14:32:00.000000000
9415,105920,Em Atendimento,2025-05-12 15:04:09.115645782
6537,104149,Aberto,2025-05-12 15:22:00.000000000
8554,105315,Aberto,2025-05-12 16:23:00.000000000
3000,109955,Aberto,2025-05-12 16:44:00.000000000
8393,105545,Fechado,2025-05-12 17:10:36.830449068
8556,105315,Fechado,2025-05-12 17:29:45.390780957
6538,104149,Em Atendimento,2025-05-12 17:49:01.250185486
8555,105315,Em Atendimento,2025-05-12 17:55:51.319217074
3002,109955,Fechado,2025-05-12 19:15:06.859009639
9416,105920,Fechado,2025-05-12 20:49:48.774590617
3001,109955,Em Atendimento,2025-05-12 21:06:38.406245796
4335,101108,Aberto,2025-05-13 07:21:00.000000000
1715,100426,Aberto,2025-05-13 07:44:00.000000000
4336,101108,Em Atendimento,2025-05-13 09:07:15.663255332
1293,109148,Aberto,2025-05-13 11:01:00.000000000
1716,100426,Em Atendimento,2025-05-13 11:50:51.845764446
1294,109148,Em Atendimento,2025-05-13 11:57:56.771265087
4192,107602,Aberto,2025-05-13 12:15:00.000000000
1717,100426,Fechado,2025-05-13 12:37:27.452197640
1295,109148,Fechado,2025-05-13 13:24:27.038408121
4337,101108,Fechado,2025-05-13 14:20:04.076007810
4193,107602,Em Atendimento,2025-05-13 14:59:01.159249910
4194,107602,Fechado,2025-05-13 15:58:01.674077224
3323,101388,Aberto,2025-05-13 18:42:00.000000000
3324,101388,Em Atendimento,2025-05-13 22:43:46.936922014
3325,101388,Fechado,2025-05-13 23:55:11.802272008
3761,102893,Aberto,2025-05-14 09:57:00.000000000
3762,102893,Em Atendimento,2025-05-14 12:41:40.962266872
3763,102893,Fechado,2025-05-14 13:18:30.274601745
1326,107550,Aberto,2025-05-14 14:45:00.000000000
6983,101707,Aberto,2025-05-14 15:40:00.000000000
1327,107550,Em Atendimento,2025-05-14 17:37:53.424342233
6984,101707,Em Atendimento,2025-05-14 20:32:32.049586851
1328,107550,Pendente,2025-05-14 22:11:35.337940606
6985,101707,Fechado,2025-05-15 00:42:56.880842978
1368,104463,Aberto,2025-05-15 08:46:00.000000000
1369,104463,Em Atendimento,2025-05-15 09:32:42.764293657
1370,104463,Fechado,2025-05-15 12:33:23.045361111
4030,103465,Aberto,2025-05-15 14:29:00.000000000
8947,105007,Aberto,2025-05-15 15:03:00.000000000
4301,105720,Aberto,2025-05-15 16:00:00.000000000
8948,105007,Em Atendimento,2025-05-15 16:15:25.003025530
8949,105007,Fechado,2025-05-15 16:41:50.798577534
4031,103465,Em Atendimento,2025-05-15 17:05:05.812923910
4032,103465,Fechado,2025-05-15 19:17:15.684164262
4302,105720,Em Atendimento,2025-05-15 19:23:31.997276526
4303,105720,Fechado,2025-05-15 23:34:22.667512119
5639,102422,Aberto,2025-05-16 07:42:00.000000000
5640,102422,Em Atendimento,2025-05-16 08:08:59.935962543
6544,107899,Aberto,2025-05-16 09:47:00.000000000
6546,107899,Fechado,2025-05-16 11:17:26.111549242
6657,104884,Aberto,2025-05-16 11:33:00.000000000
5641,102422,Fechado,2025-05-16 12:16:03.460013349
6658,104884,Em Atendimento,2025-05-16 12:50:45.709369353
453,107299,Aberto,2025-05-16 12:59:00.000000000
454,107299,Em Atendimento,2025-05-16 13:19:13.149331144
6545,107899,Em Atendimento,2025-05-16 13:57:56.949949907
784,107190,Aberto,2025-05-16 14:05:00.000000000
8995,109260,Aberto,2025-05-16 14:08:00.000000000
8996,109260,Em Atendimento,2025-05-16 15:08:59.496131302
6659,104884,Fechado,2025-05-16 16:10:47.178679936
8997,109260,Fechado,2025-05-16 16:26:10.657839949
2692,108715,Aberto,2025-05-16 17:40:00.000000000
785,107190,Em Atendimento,2025-05-16 17:41:08.339813159
455,107299,Fechado,2025-05-16 17:51:08.618889795
2694,108715,Fechado,2025-05-16 18:50:39.919564491
2693,108715,Em Atendimento,2025-05-16 20:34:45.282581496
786,107190,Fechado,2025-05-17 00:58:40.198978107
2334,104662,Aberto,2025-05-17 09:08:00.000000000
2335,104662,Em Atendimento,2025-05-17 11:14:08.101865310
2336,104662,Fechado,2025-05-17 12:05:23.807308489
2870,103042,Aberto,2025-05-17 13:09:00.000000000
7581,106973,Aberto,2025-05-17 13:12:00.000000000
7233,108882,Aberto,2025-05-17 14:04:00.000000000
2871,103042,Em Atendimento,2025-05-17 14:08:32.366325797
52,100946,Aberto,2025-05-17 14:25:00.000000000
7234,108882,Em Atendimento,2025-05-17 16:58:51.138904133
2058,103376,Aberto,2025-05-17 17:15:00.000000000
2392,104928,Aberto,2025-05-17 17:19:00.000000000
2394,104928,Fechado,2025-05-17 17:37:00.000000000
2872,103042,Fechado,2025-05-17 17:45:12.904170537
2060,103376,Fechado,2025-05-17 18:24:10.662715080
53,100946,Em Atendimento,2025-05-17 18:46:21.801561697
984,100543,Aberto,2025-05-17 18:55:00.000000000
2059,103376,Em Atendimento,2025-05-17 19:46:53.963056388
985,100543,Em Atendimento,2025-05-17 20:15:27.143005500
2393,104928,Em Atendimento,2025-05-17 20:23:05.829310551
54,100946,Pendente,2025-05-18 00:13:10.860305645
7235,108882,Fechado,2025-05-18 02:28:08.850576038
2331,108762,Aberto,2025-05-18 12:20:00.000000000
2332,108762,Em Atendimento,2025-05-18 14:26:01.312105394
6951,102873,Aberto,2025-05-18 15:25:00.000000000
9325,103773,Aberto,2025-05-18 17:11:00.000000000
986,100543,Fechado,2025-05-18 17:46:44.931660253
7366,107642,Aberto,2025-05-18 17:57:00.000000000
2333,108762,Pendente,2025-05-18 18:30:48.166213961
5051,101878,Aberto,2025-05-18 18:35:00.000000000
5053,101878,Fechado,2025-05-18 19:02:06.683609178
6952,102873,Em Atendimento,2025-05-18 19:11:17.640661538
7368,107642,Fechado,2025-05-18 19:42:25.359004000
9326,103773,Em Atendimento,2025-05-18 20:34:24.553042198
7367,107642,Em Atendimento,2025-05-18 21:27:05.221649239
5052,101878,Em Atendimento,2025-05-18 21:31:16.787848926
6953,102873,Fechado,2025-05-19 02:19:55.664253601
6566,103607,Aberto,2025-05-19 09:02:00.000000000
3266,107907,Aberto,2025-05-19 09:55:00.000000000
3267,107907,Em Atendimento,2025-05-19 10:18:12.137952515
4723,105778,Aberto,2025-05-19 10:40:00.000000000
8915,103460,Aberto,2025-05-19 11:29:00.000000000
9327,103773,Fechado,2025-05-19 12:04:44.159409675
6567,103607,Em Atendimento,2025-05-19 12:30:20.889687916
8916,103460,Em Atendimento,2025-05-19 14:30:06.212517871
4724,105778,Em Atendimento,2025-05-19 14:50:06.326139968
4725,105778,Fechado,2025-05-19 14:52:42.476195030
2260,107820,Aberto,2025-05-19 16:42:00.000000000
1998,100578,Aberto,2025-05-19 17:23:00.000000000
4332,106775,Aberto,2025-05-19 18:41:00.000000000
1999,100578,Em Atendimento,2025-05-19 19:05:31.980941953
4333,106775,Em Atendimento,2025-05-19 19:28:31.159158527
4334,106775,Fechado,2025-05-19 19:28:46.742004160
2261,107820,Em Atendimento,2025-05-19 20:26:42.649435886
2262,107820,Fechado,2025-05-20 02:21:06.854588964
8917,103460,Fechado,2025-05-20 04:49:13.554232440
5399,102631,Aberto,2025-05-20 08:54:00.000000000
5400,102631,Em Atendimento,2025-05-20 10:29:18.647443502
3268,107907,Fechado,2025-05-20 14:01:17.525584155
7108,103484,Aberto,2025-05-20 17:53:00.000000000
4771,106572,Aberto,2025-05-20 18:41:00.000000000
4773,106572,Fechado,2025-05-20 19:52:01.209502230
4772,106572,Em Atendimento,2025-05-20 20:17:32.115513247
6378,107573,Aberto,2025-05-21 07:13:00.000000000
3851,104406,Aberto,2025-05-21 07:16:00.000000000
131,102700,Aberto,2025-05-21 07:40:00.000000000
3852,104406,Em Atendimento,2025-05-21 08:17:28.304946745
133,102700,Fechado,2025-05-21 08:46:30.249564926
6380,107573,Fechado,2025-05-21 09:02:38.241566871
2217,107260,Aberto,2025-05-21 10:29:00.000000000
3853,104406,Fechado,2025-05-21 10:36:30.635962789
2219,107260,Fechado,2025-05-21 11:29:33.206464141
8816,101567,Aberto,2025-05-21 12:01:00.000000000
6379,107573,Em Atendimento,2025-05-21 12:05:15.097672974
132,102700,Em Atendimento,2025-05-21 12:29:57.203864134
2218,107260,Em Atendimento,2025-05-21 13:15:31.962545996
1504,101530,Aberto,2025-05-21 14:59:00.000000000
6177,102801,Aberto,2025-05-21 16:25:00.000000000
8852,108940,Aberto,2025-05-21 17:45:00.000000000
6179,102801,Fechado,2025-05-21 18:20:54.900803247
8853,108940,Em Atendimento,2025-05-21 19:00:57.843932956
6178,102801,Em Atendimento,2025-05-21 19:24:51.460715255
4726,104591,Aberto,2025-05-22 15:12:00.000000000
9424,101002,Aberto,2025-05-22 16:58:00.000000000
9425,101002,Em Atendimento,2025-05-22 21:38:10.896091300
3494,107942,Aberto,2025-05-23 08:00:00.000000000
3495,107942,Em Atendimento,2025-05-23 08:37:21.668143255
4269,100628,Aberto,2025-05-23 09:07:00.000000000
4270,100628,Em Atendimento,2025-05-23 11:00:30.891405167
291,102292,Aberto,2025-05-23 12:15:00.000000000
292,102292,Em Atendimento,2025-05-23 13:19:46.697011259
293,102292,Fechado,2025-05-23 14:42:05.797089360
314,104164,Aberto,2025-05-23 15:44:00.000000000
3780,101270,Aberto,2025-05-23 17:11:00.000000000
316,104164,Fechado,2025-05-23 17:15:46.400956777
3782,101270,Fechado,2025-05-23 18:45:59.206209985
315,104164,Em Atendimento,2025-05-23 18:48:57.727840812
4271,100628,Pendente,2025-05-23 20:16:08.465039300
3781,101270,Em Atendimento,2025-05-23 20:27:20.433397806
3496,107942,Fechado,2025-05-23 20:56:45.605703573
8559,107854,Aberto,2025-05-24 07:26:00.000000000
8314,108966,Aberto,2025-05-24 07:56:00.000000000
8560,107854,Em Atendimento,2025-05-24 08:35:21.300949074
8315,108966,Em Atendimento,2025-05-24 09:21:16.804287650
8561,107854,Fechado,2025-05-24 10:04:21.181054308
2652,108560,Aberto,2025-05-24 11:18:00.000000000
2653,108560,Em Atendimento,2025-05-24 11:31:09.063653808
716,100240,Aberto,2025-05-24 12:06:00.000000000
4344,105846,Aberto,2025-05-24 12:38:00.000000000
717,100240,Em Atendimento,2025-05-24 13:51:35.187548416
2654,108560,Pendente,2025-05-24 15:47:01.134127748
718,100240,Fechado,2025-05-24 16:48:44.826109506
8316,108966,Fechado,2025-05-24 22:00:10.076385237
6628,107835,Aberto,2025-05-25 08:46:00.000000000
6629,107835,Em Atendimento,2025-05-25 09:32:32.930309300
5094,109275,Aberto,2025-05-25 10:00:00.000000000
3193,100380,Aberto,2025-05-25 10:47:00.000000000
5095,109275,Em Atendimento,2025-05-25 13:07:27.573643457
5096,109275,Fechado,2025-05-25 15:04:02.441952742
3194,100380,Em Atendimento,2025-05-25 15:44:42.881547667
6630,107835,Fechado,2025-05-25 18:26:19.034105682
5778,107672,Aberto,2025-05-26 07:33:00.000000000
6062,109064,Aberto,2025-05-26 07:52:00.000000000
2162,100846,Aberto,2025-05-26 08:59:00.000000000
2164,100846,Fechado,2025-05-26 09:53:50.941401120
6063,109064,Em Atendimento,2025-05-26 10:51:10.582907266
5779,107672,Em Atendimento,2025-05-26 11:17:42.074289314
5780,107672,Fechado,2025-05-26 12:20:59.867751858
8149,104251,Aberto,2025-05-26 12:39:00.000000000
2163,100846,Em Atendimento,2025-05-26 13:05:42.006165313
6064,109064,Fechado,2025-05-26 16:05:56.761821400
8151,104251,Fechado,2025-05-26 16:58:31.723347846
8150,104251,Em Atendimento,2025-05-26 17:05:04.748841773
8480,101586,Aberto,2025-05-26 18:09:00.000000000
4219,108723,Aberto,2025-05-26 18:13:00.000000000
3280,108248,Aberto,2025-05-26 18:14:00.000000000
5611,104437,Aberto,2025-05-26 18:35:00.000000000
8482,101586,Fechado,2025-05-26 19:30:51.082232810
3282,108248,Fechado,2025-05-26 19:40:55.141890586
4220,108723,Em Atendimento,2025-05-26 19:46:20.213691157
5612,104437,Em Atendimento,2025-05-26 21:14:23.989326103
3281,108248,Em Atendimento,2025-05-26 21:54:33.141694614
8481,101586,Em Atendimento,2025-05-26 22:30:12.179996063
2348,106322,Aberto,2025-05-27 10:21:00.000000000
7884,101307,Aberto,2025-05-27 10:30:00.000000000
7885,101307,Em Atendimento,2025-05-27 11:58:35.335987188
2686,108831,Aberto,2025-05-27 13:46:00.000000000
2349,106322,Em Atendimento,2025-05-27 14:38:07.382683626
2534,108435,Aberto,2025-05-27 15:14:00.000000000
6620,101093,Aberto,2025-05-27 15:36:00.000000000
6621,101093,Em Atendimento,2025-05-27 16:10:01.968214462
6252,100805,Aberto,2025-05-27 16:53:00.000000000
2535,108435,Em Atendimento,2025-05-27 16:59:51.410730694
2350,106322,Fechado,2025-05-27 17:05:00.766478432
2687,108831,Em Atendimento,2025-05-27 17:22:26.602572628
7886,101307,Fechado,2025-05-27 17:44:14.574767942
6253,100805,Em Atendimento,2025-05-27 17:56:29.925879658
2688,108831,Pendente,2025-05-27 20:03:46.392276217
6622,101093,Fechado,2025-05-27 20:59:17.580456952
6995,104942,Aberto,2025-05-28 13:54:00.000000000
6996,104942,Em Atendimento,2025-05-28 15:44:52.910525920
7414,100738,Aberto,2025-05-28 17:07:00.000000000
7429,104452,Aberto,2025-05-28 17:29:00.000000000
7431,104452,Fechado,2025-05-28 18:46:03.596895905
6997,104942,Fechado,2025-05-28 20:25:24.810243765
7430,104452,Em Atendimento,2025-05-28 20:27:59.665369550
7416,100738,Fechado,2025-05-28 21:31:23.165831260
7415,100738,Em Atendimento,2025-05-28 22:03:29.949256949
7694,109870,Aberto,2025-05-29 07:33:00.000000000
3238,100872,Aberto,2025-05-29 07:43:00.000000000
3239,100872,Em Atendimento,2025-05-29 08:04:56.386827553
9389,101631,Aberto,2025-05-29 08:38:00.000000000
7695,109870,Em Atendimento,2025-05-29 08:38:28.447907333
9390,101631,Em Atendimento,2025-05-29 09:07:50.040547031
7696,109870,Fechado,2025-05-29 11:34:15.100842363
5191,101923,Aberto,2025-05-29 11:51:00.000000000
2833,104158,Aberto,2025-05-29 12:48:00.000000000
5193,101923,Fechado,2025-05-29 12:52:57.578308744
9391,101631,Fechado,2025-05-29 12:57:58.016608244
6254,100805,Fechado,2025-05-29 13:03:42.750768648
6978,107024,Aberto,2025-05-29 13:42:00.000000000
1048,106391,Aberto,2025-05-29 14:17:00.000000000
2834,104158,Em Atendimento,2025-05-29 14:46:15.825747959
5192,101923,Em Atendimento,2025-05-29 14:52:12.756350826
1049,106391,Em Atendimento,2025-05-29 16:12:16.216661917
6979,107024,Em Atendimento,2025-05-29 17:27:47.219990273
1050,106391,Fechado,2025-05-29 17:29:24.587821220
2835,104158,Pendente,2025-05-30 00:42:25.907388481
2836,107671,Aberto,2025-05-30 10:07:00.000000000
3228,104568,Aberto,2025-05-30 10:38:00.000000000
2837,107671,Em Atendimento,2025-05-30 10:50:14.975578998
5719,106141,Aberto,2025-05-30 12:38:00.000000000
2838,107671,Fechado,2025-05-30 12:48:44.971246381
5721,106141,Fechado,2025-05-30 12:56:00.000000000
7171,104337,Aberto,2025-05-30 14:39:00.000000000
7172,104337,Em Atendimento,2025-05-30 17:15:38.207832802
5720,106141,Em Atendimento,2025-05-30 17:23:30.810288487
7173,104337,Fechado,2025-05-30 20:50:54.027220675
2661,103252,Aberto,2025-05-31 08:19:00.000000000
3379,101435,Aberto,2025-05-31 08:24:00.000000000
3380,101435,Em Atendimento,2025-05-31 09:05:06.067037837
2662,103252,Em Atendimento,2025-05-31 11:09:47.279238815
2663,103252,Pendente,2025-05-31 11:40:49.677282553
2807,105817,Aberto,2025-05-31 15:44:00.000000000
9239,100239,Aberto,2025-05-31 17:46:00.000000000
2808,105817,Em Atendimento,2025-05-31 17:53:13.822437850
3381,101435,Fechado,2025-05-31 17:58:13.308451964
9241,100239,Fechado,2025-05-31 18:04:33.217757697
2809,105817,Fechado,2025-05-31 21:20:29.994459785
9240,100239,Em Atendimento,2025-05-31 21:55:42.200962504
3611,107182,Aberto,2025-06-01 07:40:00.000000000
1774,107945,Aberto,2025-06-01 07:55:00.000000000
4702,104132,Aberto,2025-06-01 08:21:00.000000000
5177,105532,Aberto,2025-06-01 08:28:00.000000000
4688,101576,Aberto,2025-06-01 09:08:00.000000000
3613,107182,Fechado,2025-06-01 09:31:05.148995972
3612,107182,Em Atendimento,2025-06-01 10:34:01.418785752
4703,104132,Em Atendimento,2025-06-01 11:08:12.173285447
5179,105532,Pendente,2025-06-01 11:34:11.202628693
5178,105532,Em Atendimento,2025-06-01 11:36:40.275347096
4690,101576,Fechado,2025-06-01 11:39:28.228891591
4689,101576,Em Atendimento,2025-06-01 12:48:08.161914660
4704,104132,Fechado,2025-06-01 13:18:39.377985976
2374,101331,Aberto,2025-06-01 16:28:00.000000000
2375,101331,Em Atendimento,2025-06-01 17:09:26.914869754
2376,101331,Fechado,2025-06-01 19:41:21.770735264
508,106042,Aberto,2025-06-02 09:47:00.000000000
9264,103493,Aberto,2025-06-02 10:31:00.000000000
509,106042,Em Atendimento,2025-06-02 11:27:20.850318197
9266,103493,Fechado,2025-06-02 14:23:03.622224990
9265,103493,Em Atendimento,2025-06-02 14:28:01.530669703
510,106042,Fechado,2025-06-02 23:15:15.050342593
9179,101510,Aberto,2025-06-03 07:58:00.000000000
9181,101510,Fechado,2025-06-03 08:57:08.613582918
6912,105669,Aberto,2025-06-03 09:03:00.000000000
4534,103331,Aberto,2025-06-03 10:09:00.000000000
4535,103331,Em Atendimento,2025-06-03 11:16:40.510090169
3089,108661,Aberto,2025-06-03 11:21:00.000000000
2278,100895,Aberto,2025-06-03 11:25:00.000000000
3018,100139,Aberto,2025-06-03 11:50:00.000000000
6914,105669,Pendente,2025-06-03 12:13:45.337938731
9374,103101,Aberto,2025-06-03 12:18:00.000000000
9180,101510,Em Atendimento,2025-06-03 12:32:13.328578445
4668,107825,Aberto,2025-06-03 12:48:00.000000000
6913,105669,Em Atendimento,2025-06-03 13:18:26.329105753
9489,103081,Aberto,2025-06-03 13:21:00.000000000
2279,100895,Em Atendimento,2025-06-03 13:28:31.562699629
9375,103101,Em Atendimento,2025-06-03 13:43:29.243267939
3019,100139,Em Atendimento,2025-06-03 13:47:03.566983461
1365,101578,Aberto,2025-06-03 13:59:00.000000000
9490,103081,Em Atendimento,2025-06-03 14:26:10.599144806
1638,105458,Aberto,2025-06-03 14:33:00.000000000
2280,100895,Fechado,2025-06-03 14:38:22.875566473
3090,108661,Em Atendimento,2025-06-03 15:16:58.429201381
7389,109197,Aberto,2025-06-03 16:01:00.000000000
1367,101578,Fechado,2025-06-03 16:10:26.538435445
7390,109197,Em Atendimento,2025-06-03 16:22:52.480727786
4669,107825,Em Atendimento,2025-06-03 16:52:32.367815801
1639,105458,Em Atendimento,2025-06-03 17:49:36.669178128
3020,100139,Fechado,2025-06-03 17:50:35.007341536
3529,109486,Aberto,2025-06-03 18:10:00.000000000
1366,101578,Em Atendimento,2025-06-03 18:54:12.965374188
7391,109197,Fechado,2025-06-03 19:33:13.425379069
9491,103081,Fechado,2025-06-03 19:51:37.404499669
3531,109486,Fechado,2025-06-03 21:45:20.279340902
3530,109486,Em Atendimento,2025-06-03 22:16:47.092053949
9376,103101,Fechado,2025-06-04 01:08:46.727943885
1640,105458,Fechado,2025-06-04 01:54:47.158141957
7325,102562,Aberto,2025-06-04 08:37:00.000000000
1661,109768,Aberto,2025-06-04 09:03:00.000000000
7326,102562,Em Atendimento,2025-06-04 11:25:00.182024708
1662,109768,Em Atendimento,2025-06-04 12:30:42.798861633
4429,104926,Aberto,2025-06-04 13:06:00.000000000
2970,107162,Aberto,2025-06-04 14:38:00.000000000
7832,106393,Aberto,2025-06-04 16:01:00.000000000
7833,106393,Em Atendimento,2025-06-04 16:35:04.787228730
157,103846,Aberto,2025-06-04 17:22:00.000000000
2971,107162,Em Atendimento,2025-06-04 17:37:15.861870257
4430,104926,Em Atendimento,2025-06-04 17:50:33.246388878
4431,104926,Fechado,2025-06-04 18:10:04.428555805
158,103846,Em Atendimento,2025-06-04 18:35:39.946991753
9207,100073,Aberto,2025-06-04 18:45:00.000000000
159,103846,Fechado,2025-06-04 20:03:31.929521334
9208,100073,Em Atendimento,2025-06-04 20:49:46.462550633
2972,107162,Fechado,2025-06-05 04:41:25.787144149
9209,100073,Fechado,2025-06-05 05:39:13.899799890
4823,103708,Aberto,2025-06-05 10:13:00.000000000
4824,103708,Em Atendimento,2025-06-05 10:51:51.585237270
6891,104561,Aberto,2025-06-05 17:34:00.000000000
4825,103708,Pendente,2025-06-05 18:57:42.547984586
6892,104561,Em Atendimento,2025-06-05 21:40:29.911526370
8385,100646,Aberto,2025-06-06 07:35:00.000000000
7767,105586,Aberto,2025-06-06 07:56:00.000000000
8386,100646,Em Atendimento,2025-06-06 08:28:31.995319366
7769,105586,Fechado,2025-06-06 09:00:09.330059042
7768,105586,Em Atendimento,2025-06-06 09:14:32.859623249
4411,101180,Aberto,2025-06-06 13:17:00.000000000
8387,100646,Fechado,2025-06-06 14:07:36.195848070
4412,101180,Em Atendimento,2025-06-06 15:21:51.366224503
8438,105544,Aberto,2025-06-06 16:13:00.000000000
8439,105544,Em Atendimento,2025-06-06 17:07:03.801311950
8440,105544,Fechado,2025-06-06 17:11:57.903929234
4413,101180,Pendente,2025-06-06 17:15:34.696122512
9463,100662,Aberto,2025-06-06 17:56:00.000000000
9464,100662,Em Atendimento,2025-06-06 22:11:54.564119431
9465,100662,Pendente,2025-06-07 05:46:44.900766053
9185,109625,Aberto,2025-06-07 07:06:00.000000000
9186,109625,Em Atendimento,2025-06-07 09:35:51.239467348
1500,106817,Aberto,2025-06-07 10:55:00.000000000
9187,109625,Fechado,2025-06-07 12:17:07.275277741
5514,107946,Aberto,2025-06-07 12:53:00.000000000
160,108152,Aberto,2025-06-07 15:42:00.000000000
161,108152,Em Atendimento,2025-06-07 16:11:35.678698778
5515,107946,Em Atendimento,2025-06-07 16:42:29.233454774
162,108152,Fechado,2025-06-07 17:02:56.254762428
5516,107946,Fechado,2025-06-08 02:25:13.756435533
2019,106142,Aberto,2025-06-08 11:31:00.000000000
8211,102027,Aberto,2025-06-08 12:50:00.000000000
8212,102027,Em Atendimento,2025-06-08 14:26:30.248725531
2020,106142,Em Atendimento,2025-06-08 15:53:43.660632684
8543,104468,Aberto,2025-06-08 16:23:00.000000000
8213,102027,Fechado,2025-06-08 16:31:07.977683641
8545,104468,Fechado,2025-06-08 17:39:24.194026941
1320,106427,Aberto,2025-06-08 17:58:00.000000000
8544,104468,Em Atendimento,2025-06-08 18:16:29.010737430
2021,106142,Fechado,2025-06-08 18:56:41.870176176
1321,106427,Em Atendimento,2025-06-08 20:01:41.799898451
1322,106427,Fechado,2025-06-08 21:31:26.160953990
4021,108731,Aberto,2025-06-09 07:45:00.000000000
2116,108412,Aberto,2025-06-09 09:14:00.000000000
4022,108731,Em Atendimento,2025-06-09 09:21:17.974970674
4023,108731,Fechado,2025-06-09 09:25:27.622685290
1015,101597,Aberto,2025-06-09 10:51:00.000000000
2117,108412,Em Atendimento,2025-06-09 12:19:14.786013833
3980,101899,Aberto,2025-06-09 14:24:00.000000000
2119,101630,Aberto,2025-06-09 14:47:00.000000000
2121,101630,Fechado,2025-06-09 15:05:00.000000000
2118,108412,Fechado,2025-06-09 16:28:12.314051962
2120,101630,Em Atendimento,2025-06-09 17:01:49.203614121
3981,101899,Em Atendimento,2025-06-09 18:54:21.898620169
3982,101899,Fechado,2025-06-09 21:46:12.076009888
8091,103718,Aberto,2025-06-10 07:15:00.000000000
3391,107197,Aberto,2025-06-10 08:18:00.000000000
9115,102995,Aberto,2025-06-10 09:44:00.000000000
473,106509,Aberto,2025-06-10 10:19:00.000000000
8456,106865,Aberto,2025-06-10 10:21:00.000000000
9518,102050,Aberto,2025-06-10 10:58:00.000000000
8092,103718,Em Atendimento,2025-06-10 11:14:07.262199921
8047,105783,Aberto,2025-06-10 11:17:00.000000000
8457,106865,Em Atendimento,2025-06-10 11:24:14.460452328
3392,107197,Em Atendimento,2025-06-10 12:07:56.193356410
7933,100013,Aberto,2025-06-10 12:09:00.000000000
9258,105322,Aberto,2025-06-10 12:56:00.000000000
474,106509,Em Atendimento,2025-06-10 13:03:00.960324854
9519,102050,Em Atendimento,2025-06-10 13:23:05.909810667
9117,102995,Fechado,2025-06-10 14:32:57.437892871
9116,102995,Em Atendimento,2025-06-10 14:37:59.729966680
8048,105783,Em Atendimento,2025-06-10 15:19:43.152795629
3393,107197,Fechado,2025-06-10 15:20:43.822605436
8049,105783,Fechado,2025-06-10 15:38:20.908345878
6885,107362,Aberto,2025-06-10 15:48:00.000000000
9259,105322,Em Atendimento,2025-06-10 15:53:04.454245064
6886,107362,Em Atendimento,2025-06-10 16:11:32.257307466
9086,100729,Aberto,2025-06-10 17:08:00.000000000
475,106509,Fechado,2025-06-10 18:27:21.549674569
8093,103718,Fechado,2025-06-10 20:30:19.458667735
9260,105322,Fechado,2025-06-10 21:45:15.542448549
6887,107362,Fechado,2025-06-10 22:00:47.033318282
7076,101199,Aberto,2025-06-11 07:47:00.000000000
7078,101199,Fechado,2025-06-11 08:34:28.479578193
7077,101199,Em Atendimento,2025-06-11 09:21:04.614300820
5891,106255,Aberto,2025-06-11 09:45:00.000000000
7410,107359,Aberto,2025-06-11 09:52:00.000000000
5893,106255,Fechado,2025-06-11 12:18:05.178696278
5892,106255,Em Atendimento,2025-06-11 14:00:28.591662863
7411,107359,Em Atendimento,2025-06-11 14:16:46.485059993
7948,100012,Aberto,2025-06-12 07:00:00.000000000
1202,102095,Aberto,2025-06-12 07:17:00.000000000
1203,102095,Em Atendimento,2025-06-12 08:56:11.556876746
7949,100012,Em Atendimento,2025-06-12 10:57:48.326612560
1099,107333,Aberto,2025-06-12 12:16:00.000000000
1204,102095,Pendente,2025-06-12 13:30:44.964123118
1100,107333,Em Atendimento,2025-06-12 14:29:40.229123225
1101,107333,Fechado,2025-06-12 14:36:20.863046209
81,102685,Aberto,2025-06-12 14:47:00.000000000
7950,100012,Fechado,2025-06-12 16:31:16.199408064
82,102685,Em Atendimento,2025-06-12 19:46:53.591826695
83,102685,Pendente,2025-06-12 23:44:48.063268545
4845,102202,Aberto,2025-06-13 07:02:00.000000000
4846,102202,Em Atendimento,2025-06-13 07:15:30.233783376
7805,107736,Aberto,2025-06-13 07:39:00.000000000
8296,108837,Aberto,2025-06-13 08:12:00.000000000
8297,108837,Em Atendimento,2025-06-13 09:05:38.897460102
6695,104277,Aberto,2025-06-13 09:47:00.000000000
2989,101807,Aberto,2025-06-13 09:59:00.000000000
8298,108837,Fechado,2025-06-13 10:03:15.446858468
642,106343,Aberto,2025-06-13 10:53:00.000000000
5343,108904,Aberto,2025-06-13 10:56:00.000000000
4847,102202,Fechado,2025-06-13 10:58:18.857309967
7806,107736,Em Atendimento,2025-06-13 11:11:42.361714892
2991,101807,Fechado,2025-06-13 11:16:39.197612565
6490,102625,Aberto,2025-06-13 11:57:00.000000000
644,106343,Fechado,2025-06-13 12:07:30.777091026
4887,103430,Aberto,2025-06-13 12:13:00.000000000
6696,104277,Em Atendimento,2025-06-13 13:30:07.914502216
2990,101807,Em Atendimento,2025-06-13 13:57:37.535868629
5345,108904,Fechado,2025-06-13 14:16:02.603078037
643,106343,Em Atendimento,2025-06-13 14:48:36.528234298
5344,108904,Em Atendimento,2025-06-13 15:00:51.816744351
4888,103430,Em Atendimento,2025-06-13 15:10:33.866101632
6491,102625,Em Atendimento,2025-06-13 15:32:57.561009102
4926,107222,Aberto,2025-06-13 16:42:00.000000000
4889,103430,Fechado,2025-06-13 16:45:14.872720135
3235,105782,Aberto,2025-06-13 17:08:00.000000000
4928,107222,Fechado,2025-06-13 17:37:09.953941987
6697,104277,Fechado,2025-06-13 17:41:26.651643451
4927,107222,Em Atendimento,2025-06-13 18:01:22.802945796
3236,105782,Em Atendimento,2025-06-13 18:52:03.300277534
9229,104435,Aberto,2025-06-13 18:58:00.000000000
9230,104435,Em Atendimento,2025-06-13 21:26:06.809852743
9231,104435,Fechado,2025-06-13 22:14:52.289089165
3237,105782,Fechado,2025-06-14 03:07:42.195646636
7807,107736,Fechado,2025-06-14 03:55:41.616794521
3322,109894,Aberto,2025-06-14 08:22:00.000000000
6492,102625,Fechado,2025-06-14 08:33:47.163264206
9248,100611,Aberto,2025-06-14 12:56:00.000000000
3184,102120,Aberto,2025-06-14 13:12:00.000000000
3185,102120,Em Atendimento,2025-06-14 16:08:32.006349697
3186,102120,Fechado,2025-06-14 16:50:53.073275564
7503,109424,Aberto,2025-06-14 17:18:00.000000000
7504,109424,Em Atendimento,2025-06-14 20:23:24.650891706
7788,103901,Aberto,2025-06-15 07:51:00.000000000
7789,103901,Em Atendimento,2025-06-15 09:47:33.016380628
7296,102840,Aberto,2025-06-15 10:06:00.000000000
7790,103901,Fechado,2025-06-15 10:58:41.971550178
8242,109002,Aberto,2025-06-15 11:02:00.000000000
9098,103385,Aberto,2025-06-15 11:49:00.000000000
7622,105514,Aberto,2025-06-15 11:56:00.000000000
7624,105514,Fechado,2025-06-15 12:14:00.000000000
7297,102840,Em Atendimento,2025-06-15 12:19:07.997738534
7298,102840,Fechado,2025-06-15 12:23:25.951334035
9099,103385,Em Atendimento,2025-06-15 14:39:53.936975634
8243,109002,Em Atendimento,2025-06-15 15:46:01.032365560
7623,105514,Em Atendimento,2025-06-15 16:00:39.061383920
4262,101242,Aberto,2025-06-15 16:24:00.000000000
4264,101242,Fechado,2025-06-15 16:57:17.751369560
589,109614,Aberto,2025-06-15 17:30:00.000000000
591,109614,Fechado,2025-06-15 18:25:26.962956606
590,109614,Em Atendimento,2025-06-15 20:35:49.171885786
8244,109002,Pendente,2025-06-15 20:37:38.639877076
4263,101242,Em Atendimento,2025-06-15 20:46:35.296596262
9100,103385,Fechado,2025-06-15 22:04:12.717173862
3059,109500,Aberto,2025-06-16 07:09:00.000000000
3060,109500,Em Atendimento,2025-06-16 09:57:26.371366715
3243,103200,Aberto,2025-06-16 11:16:00.000000000
3244,103200,Em Atendimento,2025-06-16 12:23:04.602472058
3245,103200,Fechado,2025-06-16 13:16:31.614461830
23,108027,Aberto,2025-06-16 14:37:00.000000000
6980,101619,Aberto,2025-06-16 15:42:00.000000000
25,108027,Fechado,2025-06-16 17:08:18.831347788
24,108027,Em Atendimento,2025-06-16 17:39:21.418588761
178,107674,Aberto,2025-06-16 18:48:00.000000000
4266,100283,Aberto,2025-06-16 18:59:00.000000000
6981,101619,Em Atendimento,2025-06-16 19:17:26.771339968
4268,100283,Fechado,2025-06-16 21:05:10.835803278
4267,100283,Em Atendimento,2025-06-16 21:47:54.272809158
6982,101619,Fechado,2025-06-16 23:39:16.441709342
179,107674,Em Atendimento,2025-06-16 23:46:53.590379816
6921,101095,Aberto,2025-06-17 07:21:00.000000000
6923,101095,Fechado,2025-06-17 08:52:10.066491372
6439,106208,Aberto,2025-06-17 09:35:00.000000000
8183,107667,Aberto,2025-06-17 09:40:00.000000000
6785,100178,Aberto,2025-06-17 09:44:00.000000000
8959,103235,Aberto,2025-06-17 11:02:00.000000000
6440,106208,Em Atendimento,2025-06-17 11:18:55.188268195
6787,100178,Fechado,2025-06-17 11:38:12.327752732
6922,101095,Em Atendimento,2025-06-17 11:43:34.265415989
5264,100585,Aberto,2025-06-17 12:58:00.000000000
6786,100178,Em Atendimento,2025-06-17 13:17:31.658602908
8185,107667,Fechado,2025-06-17 13:18:20.869612321
8184,107667,Em Atendimento,2025-06-17 13:58:14.993858510
5266,100585,Fechado,2025-06-17 14:06:33.153258638
5265,100585,Em Atendimento,2025-06-17 14:24:18.584660989
1731,104977,Aberto,2025-06-17 18:36:00.000000000
1733,104977,Fechado,2025-06-17 19:32:18.440921446
1732,104977,Em Atendimento,2025-06-17 22:42:41.934155220
3514,108261,Aberto,2025-06-18 07:30:00.000000000
3515,108261,Em Atendimento,2025-06-18 08:00:05.921713053
2003,101890,Aberto,2025-06-18 08:30:00.000000000
3516,108261,Fechado,2025-06-18 11:39:30.259729112
2004,101890,Em Atendimento,2025-06-18 12:47:04.152232760
3595,106886,Aberto,2025-06-18 14:30:00.000000000
3596,106886,Em Atendimento,2025-06-18 15:01:46.694315970
2005,101890,Fechado,2025-06-18 19:52:46.455214674
8574,103050,Aberto,2025-06-19 15:35:00.000000000
5367,105914,Aberto,2025-06-19 16:07:00.000000000
5369,105914,Fechado,2025-06-19 17:17:20.810854700
5368,105914,Em Atendimento,2025-06-19 18:19:50.333417878
8575,103050,Em Atendimento,2025-06-19 19:22:43.540724775
8576,103050,Fechado,2025-06-19 19:24:14.661834596
787,104291,Aberto,2025-06-20 08:44:00.000000000
788,104291,Em Atendimento,2025-06-20 09:22:32.554696743
789,104291,Fechado,2025-06-20 09:34:08.024897608
6505,104649,Aberto,2025-06-20 10:04:00.000000000
6506,104649,Em Atendimento,2025-06-20 13:13:29.860530418
6507,104649,Fechado,2025-06-20 13:52:32.586286942
5673,104307,Aberto,2025-06-20 18:15:00.000000000
5674,104307,Em Atendimento,2025-06-20 21:23:43.460291142
2313,102521,Aberto,2025-06-21 07:49:00.000000000
2314,102521,Em Atendimento,2025-06-21 08:11:07.689372733
2325,109755,Aberto,2025-06-21 09:49:00.000000000
1889,101912,Aberto,2025-06-21 12:00:00.000000000
2326,109755,Em Atendimento,2025-06-21 12:40:21.395737797
8400,106600,Aberto,2025-06-21 12:44:00.000000000
1890,101912,Em Atendimento,2025-06-21 13:13:52.326643645
7085,101640,Aberto,2025-06-21 13:25:00.000000000
1891,101912,Fechado,2025-06-21 14:14:27.485150964
7897,104838,Aberto,2025-06-21 14:26:00.000000000
8401,106600,Em Atendimento,2025-06-21 17:10:11.180911163
7087,101640,Fechado,2025-06-21 17:28:04.916675408
7086,101640,Em Atendimento,2025-06-21 17:38:54.636144846
3301,100045,Aberto,2025-06-21 18:03:00.000000000
7898,104838,Em Atendimento,2025-06-21 18:29:15.014810692
3303,100045,Fechado,2025-06-21 18:49:34.236081883
7899,104838,Fechado,2025-06-21 18:54:05.286459950
3302,100045,Em Atendimento,2025-06-21 21:27:15.017333725
2315,102521,Fechado,2025-06-22 01:39:20.600519460
6297,109068,Aberto,2025-06-22 08:02:00.000000000
9322,108667,Aberto,2025-06-22 08:42:00.000000000
6299,109068,Fechado,2025-06-22 11:13:53.540196446
6298,109068,Em Atendimento,2025-06-22 11:58:22.627693537
9323,108667,Em Atendimento,2025-06-22 12:10:53.958810510
4691,107125,Aberto,2025-06-22 12:16:00.000000000
4692,107125,Em Atendimento,2025-06-22 12:50:02.260290155
2327,109755,Fechado,2025-06-22 12:55:20.806116782
3151,102327,Aberto,2025-06-22 15:34:00.000000000
9221,100308,Aberto,2025-06-22 16:24:00.000000000
6957,106770,Aberto,2025-06-22 16:39:00.000000000
4693,107125,Fechado,2025-06-22 17:17:39.224125840
9222,100308,Em Atendimento,2025-06-22 17:54:52.423687077
9324,108667,Fechado,2025-06-22 18:18:53.745650316
3152,102327,Em Atendimento,2025-06-22 19:57:46.279626717
6958,106770,Em Atendimento,2025-06-22 20:14:37.967375062
517,106396,Aberto,2025-06-23 12:41:00.000000000
518,106396,Em Atendimento,2025-06-23 16:32:07.623208490
519,106396,Fechado,2025-06-23 17:49:25.801900875
8667,106826,Aberto,2025-06-23 18:24:00.000000000
7287,103553,Aberto,2025-06-24 07:01:00.000000000
9268,100761,Aberto,2025-06-24 07:21:00.000000000
6959,106770,Fechado,2025-06-24 07:22:51.086173699
4338,104947,Aberto,2025-06-24 09:25:00.000000000
3584,109993,Aberto,2025-06-24 09:31:00.000000000
7288,103553,Em Atendimento,2025-06-24 10:11:34.958250161
8887,108969,Aberto,2025-06-24 10:30:00.000000000
3457,109268,Aberto,2025-06-24 10:54:00.000000000
2191,104351,Aberto,2025-06-24 11:13:00.000000000
3585,109993,Em Atendimento,2025-06-24 11:13:24.640278526
9269,100761,Em Atendimento,2025-06-24 12:00:15.432221981
9270,100761,Fechado,2025-06-24 12:02:15.518931698
7834,103218,Aberto,2025-06-24 12:13:00.000000000
4339,104947,Em Atendimento,2025-06-24 12:32:25.537382290
7835,103218,Em Atendimento,2025-06-24 12:40:43.578668277
3458,109268,Em Atendimento,2025-06-24 12:48:44.357975006
7289,103553,Fechado,2025-06-24 13:17:08.340474540
3459,109268,Fechado,2025-06-24 13:19:13.514628813
2192,104351,Em Atendimento,2025-06-24 14:20:50.984649751
2193,104351,Fechado,2025-06-24 14:27:12.333461413
3586,109993,Fechado,2025-06-24 14:29:15.880356393
2862,109003,Aberto,2025-06-24 15:40:00.000000000
2863,109003,Em Atendimento,2025-06-24 16:40:28.657742941
4340,104947,Fechado,2025-06-24 19:59:00.920062030
186,106510,Aberto,2025-06-25 08:52:00.000000000
187,106510,Em Atendimento,2025-06-25 11:43:02.163875456
7991,109496,Aberto,2025-06-25 13:55:00.000000000
7992,109496,Em Atendimento,2025-06-25 14:28:08.647273803
3614,105511,Aberto,2025-06-25 14:33:00.000000000
188,106510,Pendente,2025-06-25 15:25:34.405589151
8892,109706,Aberto,2025-06-25 15:43:00.000000000
7993,109496,Fechado,2025-06-25 15:43:07.604415298
1121,102275,Aberto,2025-06-25 16:12:00.000000000
3616,105511,Fechado,2025-06-25 16:15:21.257071466
3024,103384,Aberto,2025-06-25 16:49:00.000000000
1122,102275,Em Atendimento,2025-06-25 17:03:14.653637463
2964,107704,Aberto,2025-06-25 17:07:00.000000000
3025,103384,Em Atendimento,2025-06-25 17:49:35.768232468
3615,105511,Em Atendimento,2025-06-25 18:12:49.621417772
3026,103384,Fechado,2025-06-25 18:19:11.508985475
2965,107704,Em Atendimento,2025-06-25 20:33:14.554878079
8893,109706,Em Atendimento,2025-06-25 20:36:36.352840697
2966,107704,Pendente,2025-06-26 00:36:42.090726994
1123,102275,Fechado,2025-06-26 01:16:09.796660705
8894,109706,Fechado,2025-06-26 02:14:22.639026356
6418,105020,Aberto,2025-06-26 07:26:00.000000000
6419,105020,Em Atendimento,2025-06-26 10:39:56.408177608
6420,105020,Fechado,2025-06-26 10:55:03.621586884
196,104972,Aberto,2025-06-26 11:23:00.000000000
197,104972,Em Atendimento,2025-06-26 13:52:39.277228232
9339,100730,Aberto,2025-06-26 14:06:00.000000000
198,104972,Fechado,2025-06-26 15:35:21.633962551
9341,100730,Fechado,2025-06-26 15:52:13.920855301
6906,107384,Aberto,2025-06-26 16:06:00.000000000
6908,107384,Fechado,2025-06-26 16:55:38.754993172
8797,102146,Aberto,2025-06-26 17:18:00.000000000
6907,107384,Em Atendimento,2025-06-26 17:50:04.677869322
9340,100730,Em Atendimento,2025-06-26 18:20:29.831890372
8798,102146,Em Atendimento,2025-06-26 19:21:02.089309527
8799,102146,Pendente,2025-06-27 00:31:57.434273288
1396,106155,Aberto,2025-06-27 07:09:00.000000000
4914,101432,Aberto,2025-06-27 07:22:00.000000000
523,100775,Aberto,2025-06-27 07:52:00.000000000
524,100775,Em Atendimento,2025-06-27 08:57:44.949925042
1025,108468,Aberto,2025-06-27 09:00:00.000000000
4915,101432,Em Atendimento,2025-06-27 09:28:57.732564364
1026,108468,Em Atendimento,2025-06-27 09:38:25.815872079
1532,103695,Aberto,2025-06-27 09:48:00.000000000
1027,108468,Fechado,2025-06-27 10:10:27.328105981
1533,103695,Em Atendimento,2025-06-27 11:14:46.141184646
525,100775,Fechado,2025-06-27 13:24:58.448071611
4916,101432,Pendente,2025-06-27 16:17:30.615045888
1534,103695,Fechado,2025-06-27 18:24:27.602303940
1244,109789,Aberto,2025-06-27 18:36:00.000000000
1245,109789,Em Atendimento,2025-06-27 23:01:08.716588309
1019,105403,Aberto,2025-06-28 09:04:00.000000000
199,103853,Aberto,2025-06-28 09:32:00.000000000
9500,108895,Aberto,2025-06-28 10:18:00.000000000
4697,103262,Aberto,2025-06-28 10:36:00.000000000
4699,103262,Fechado,2025-06-28 11:15:06.595628821
9501,108895,Em Atendimento,2025-06-28 11:30:42.899735608
4392,109644,Aberto,2025-06-28 11:33:00.000000000
1020,105403,Em Atendimento,2025-06-28 13:56:30.863113153
200,103853,Em Atendimento,2025-06-28 14:13:32.071698795
201,103853,Fechado,2025-06-28 14:33:58.753517699
4698,103262,Em Atendimento,2025-06-28 15:24:12.815913161
5123,106326,Aberto,2025-06-28 16:12:00.000000000
5124,106326,Em Atendimento,2025-06-28 16:36:54.645739906
5125,106326,Fechado,2025-06-28 16:49:00.936871773
9502,108895,Fechado,2025-06-28 17:55:21.618814976
1021,105403,Fechado,2025-06-28 19:05:10.005023272
1246,109789,Fechado,2025-06-29 04:27:32.815555714
3225,107231,Aberto,2025-06-29 09:40:00.000000000
9345,109346,Aberto,2025-06-29 09:52:00.000000000
3070,104037,Aberto,2025-06-29 10:36:00.000000000
3071,104037,Em Atendimento,2025-06-29 11:11:07.113437200
6444,109266,Aberto,2025-06-29 11:30:00.000000000
3072,104037,Fechado,2025-06-29 11:37:20.586724629
3227,107231,Fechado,2025-06-29 12:09:13.096078404
3226,107231,Em Atendimento,2025-06-29 12:41:58.710875249
9346,109346,Em Atendimento,2025-06-29 13:58:52.386594561
6445,109266,Em Atendimento,2025-06-29 16:11:50.156675316
3656,105475,Aberto,2025-06-29 18:54:00.000000000
5057,104419,Aberto,2025-06-29 18:59:00.000000000
5058,104419,Em Atendimento,2025-06-29 19:13:04.418290690
6446,109266,Pendente,2025-06-29 20:55:39.557086407
9347,109346,Pendente,2025-06-29 21:01:31.378003309
5059,104419,Fechado,2025-06-29 21:20:58.494870172
3657,105475,Em Atendimento,2025-06-29 21:35:03.380678842
3658,105475,Fechado,2025-06-30 07:21:40.362917320
5302,105872,Aberto,2025-06-30 07:53:00.000000000
6823,103928,Aberto,2025-06-30 08:07:00.000000000
5303,105872,Em Atendimento,2025-06-30 09:06:54.724680312
5304,105872,Fechado,2025-06-30 09:12:39.799233141
8039,108414,Aberto,2025-06-30 10:46:00.000000000
8041,108414,Fechado,2025-06-30 12:12:36.066784660
6738,104501,Aberto,2025-06-30 13:35:00.000000000
6740,104501,Fechado,2025-06-30 14:29:31.659646237
8040,108414,Em Atendimento,2025-06-30 15:02:24.749175706
7320,103847,Aberto,2025-06-30 15:21:00.000000000
7900,106539,Aberto,2025-06-30 17:08:00.000000000
7321,103847,Em Atendimento,2025-06-30 17:14:31.179352042
6739,104501,Em Atendimento,2025-06-30 17:40:17.084075559
2073,106535,Aberto,2025-06-30 18:50:00.000000000
2074,106535,Em Atendimento,2025-06-30 19:08:19.272499556
7901,106539,Em Atendimento,2025-06-30 20:24:54.672625338
2075,106535,Fechado,2025-06-30 21:16:24.571797021
7902,106539,Fechado,2025-07-01 03:40:10.289708768
4000,109506,Aberto,2025-07-01 11:13:00.000000000
4002,109506,Fechado,2025-07-01 14:37:13.344784304
4001,109506,Em Atendimento,2025-07-01 16:12:40.924091626
5070,107336,Aberto,2025-07-01 18:09:00.000000000
5071,107336,Em Atendimento,2025-07-01 18:58:07.712002640
5072,107336,Fechado,2025-07-02 02:41:08.816946979
3103,102436,Aberto,2025-07-02 09:07:00.000000000
7551,101908,Aberto,2025-07-02 09:32:00.000000000
3104,102436,Em Atendimento,2025-07-02 09:32:25.665225721
3403,103220,Aberto,2025-07-02 10:19:00.000000000
3091,105126,Aberto,2025-07-02 10:37:00.000000000
7553,101908,Fechado,2025-07-02 10:52:35.501778585
3405,103220,Fechado,2025-07-02 11:07:32.619530462
8876,108092,Aberto,2025-07-02 11:29:00.000000000
3093,105126,Fechado,2025-07-02 11:39:29.392313254
4298,108494,Aberto,2025-07-02 12:12:00.000000000
7552,101908,Em Atendimento,2025-07-02 13:12:13.750986183
4299,108494,Em Atendimento,2025-07-02 14:00:28.546121301
8877,108092,Em Atendimento,2025-07-02 14:05:32.039619439
3092,105126,Em Atendimento,2025-07-02 14:30:59.192772463
3404,103220,Em Atendimento,2025-07-02 14:51:27.896303884
4300,108494,Fechado,2025-07-02 16:10:17.846076561
234,108876,Aberto,2025-07-02 16:40:00.000000000
1256,105626,Aberto,2025-07-02 16:58:00.000000000
1257,105626,Em Atendimento,2025-07-02 17:14:11.227252388
235,108876,Em Atendimento,2025-07-02 20:42:49.389170980
1258,105626,Fechado,2025-07-03 01:37:09.241270272
3958,109511,Aberto,2025-07-03 07:39:00.000000000
4997,105193,Aberto,2025-07-03 08:20:00.000000000
7530,106047,Aberto,2025-07-03 09:06:00.000000000
673,103929,Aberto,2025-07-03 09:22:00.000000000
7531,106047,Em Atendimento,2025-07-03 10:14:06.642829205
674,103929,Em Atendimento,2025-07-03 10:32:21.670509464
3959,109511,Em Atendimento,2025-07-03 10:43:36.994876497
6375,108684,Aberto,2025-07-03 11:05:00.000000000
2753,109473,Aberto,2025-07-03 11:18:00.000000000
4998,105193,Em Atendimento,2025-07-03 11:48:43.484812938
2754,109473,Em Atendimento,2025-07-03 12:08:13.532584635
5421,107577,Aberto,2025-07-03 12:40:00.000000000
3960,109511,Pendente,2025-07-03 12:47:18.762700284
675,103929,Fechado,2025-07-03 13:03:10.220394775
6376,108684,Em Atendimento,2025-07-03 13:19:42.548753941
2034,102736,Aberto,2025-07-03 13:48:00.000000000
6377,108684,Fechado,2025-07-03 15:00:05.135640308
5422,107577,Em Atendimento,2025-07-03 15:33:17.333425392
3848,108515,Aberto,2025-07-03 15:56:00.000000000
9164,102637,Aberto,2025-07-03 16:16:00.000000000
1647,104085,Aberto,2025-07-03 16:34:00.000000000
9166,102637,Fechado,2025-07-03 17:11:12.262603580
7787,104117,Aberto,2025-07-03 17:16:00.000000000
2765,103829,Aberto,2025-07-03 17:18:00.000000000
3849,108515,Em Atendimento,2025-07-03 17:29:22.078521135
6909,106253,Aberto,2025-07-03 17:38:00.000000000
9165,102637,Em Atendimento,2025-07-03 18:00:38.908000987
4999,105193,Fechado,2025-07-03 18:04:40.824931599
2035,102736,Em Atendimento,2025-07-03 18:18:40.887022853
6911,106253,Fechado,2025-07-03 19:00:22.737947538
2766,103829,Em Atendimento,2025-07-03 19:14:26.675819196
6910,106253,Em Atendimento,2025-07-03 20:39:09.331178812
3850,108515,Fechado,2025-07-03 21:06:49.704007324
1648,104085,Em Atendimento,2025-07-03 21:31:03.971858315
2036,102736,Fechado,2025-07-03 21:41:22.789367188
2755,109473,Fechado,2025-07-04 02:33:03.013940898
2767,103829,Pendente,2025-07-04 03:10:13.650424910
3605,109819,Aberto,2025-07-04 07:16:00.000000000
3606,109819,Em Atendimento,2025-07-04 12:02:13.078784623
8895,103461,Aberto,2025-07-04 12:12:00.000000000
3607,109819,Fechado,2025-07-04 13:00:36.656980843
145,103617,Aberto,2025-07-04 14:39:00.000000000
8897,103461,Fechado,2025-07-04 15:43:49.914129590
146,103617,Em Atendimento,2025-07-04 16:01:23.110478720
1445,104844,Aberto,2025-07-04 16:38:00.000000000
3576,104530,Aberto,2025-07-04 16:44:00.000000000
8896,103461,Em Atendimento,2025-07-04 16:48:01.832281634
3577,104530,Em Atendimento,2025-07-04 17:19:47.029873304
147,103617,Fechado,2025-07-04 17:29:04.035245366
9299,105452,Aberto,2025-07-04 18:06:00.000000000
3578,104530,Fechado,2025-07-04 18:56:09.244993078
1446,104844,Em Atendimento,2025-07-04 19:49:45.507909020
9300,105452,Em Atendimento,2025-07-04 20:54:29.976331693
9301,105452,Fechado,2025-07-04 21:04:02.808653037
1447,104844,Pendente,2025-07-04 23:54:25.319199682
5202,109682,Aberto,2025-07-05 08:28:00.000000000
6603,101343,Aberto,2025-07-05 08:41:00.000000000
151,107892,Aberto,2025-07-05 09:31:00.000000000
5326,107548,Aberto,2025-07-05 10:31:00.000000000
7616,104827,Aberto,2025-07-05 10:35:00.000000000
152,107892,Em Atendimento,2025-07-05 11:23:47.894897956
7617,104827,Em Atendimento,2025-07-05 11:46:32.897775169
2536,105780,Aberto,2025-07-05 12:33:00.000000000
6604,101343,Em Atendimento,2025-07-05 12:57:12.847466332
2537,105780,Em Atendimento,2025-07-05 13:02:43.460618608
5203,109682,Em Atendimento,2025-07-05 13:13:27.125702195
1708,108520,Aberto,2025-07-05 14:04:00.000000000
5327,107548,Em Atendimento,2025-07-05 15:19:06.204480902
5204,109682,Fechado,2025-07-05 16:29:52.107679534
5328,107548,Pendente,2025-07-05 17:04:42.200863139
153,107892,Fechado,2025-07-05 17:29:52.025721027
2538,105780,Fechado,2025-07-05 17:32:52.074701768
7870,106969,Aberto,2025-07-06 07:21:00.000000000
7871,106969,Em Atendimento,2025-07-06 08:47:51.271403616
7618,104827,Fechado,2025-07-06 09:25:07.135722769
3455,103036,Aberto,2025-07-06 09:56:00.000000000
7894,109368,Aberto,2025-07-06 12:09:00.000000000
7895,109368,Em Atendimento,2025-07-06 12:30:07.595481756
7872,106969,Fechado,2025-07-06 12:44:53.868585195
4613,104282,Aberto,2025-07-06 13:02:00.000000000
4851,106313,Aberto,2025-07-06 13:40:00.000000000
4614,104282,Em Atendimento,2025-07-06 13:44:12.825212138
3456,103036,Em Atendimento,2025-07-06 13:49:17.308994776
7137,109365,Aberto,2025-07-06 13:51:00.000000000
7896,109368,Fechado,2025-07-06 13:55:00.442072084
4215,108315,Aberto,2025-07-06 14:05:00.000000000
1587,109980,Aberto,2025-07-06 14:06:00.000000000
1588,109980,Em Atendimento,2025-07-06 14:55:33.181405572
4852,106313,Em Atendimento,2025-07-06 15:21:06.515358427
8200,100877,Aberto,2025-07-06 16:19:00.000000000
3803,104774,Aberto,2025-07-06 16:24:00.000000000
4366,105494,Aberto,2025-07-06 16:25:00.000000000
8201,100877,Em Atendimento,2025-07-06 16:58:41.728022413
3805,104774,Fechado,2025-07-06 17:12:35.010817185
8202,100877,Fechado,2025-07-06 17:13:40.563291171
7138,109365,Em Atendimento,2025-07-06 18:15:00.304108315
670,103955,Aberto,2025-07-06 18:43:00.000000000
4368,105494,Fechado,2025-07-06 19:22:26.236572847
4853,106313,Fechado,2025-07-06 19:33:59.559925797
7139,109365,Fechado,2025-07-06 19:37:29.085449062
671,103955,Em Atendimento,2025-07-06 20:30:34.351410096
4367,105494,Em Atendimento,2025-07-06 20:56:15.439325734
3804,104774,Em Atendimento,2025-07-06 21:02:05.055540586
1589,109980,Pendente,2025-07-06 21:08:05.125467361
672,103955,Fechado,2025-07-06 22:39:42.431399073
7615,100959,Aberto,2025-07-07 07:00:00.000000000
2898,102731,Aberto,2025-07-07 10:00:00.000000000
7726,102718,Aberto,2025-07-07 10:14:00.000000000
1132,105819,Aberto,2025-07-07 10:55:00.000000000
5009,106519,Aberto,2025-07-07 11:49:00.000000000
3544,106361,Aberto,2025-07-07 12:50:00.000000000
7728,102718,Fechado,2025-07-07 12:53:21.483138906
5010,106519,Em Atendimento,2025-07-07 12:56:56.153156997
4615,104282,Fechado,2025-07-07 13:28:16.229927144
7727,102718,Em Atendimento,2025-07-07 13:30:29.667584929
8832,107754,Aberto,2025-07-07 13:34:00.000000000
3546,106361,Fechado,2025-07-07 13:51:13.748829200
2899,102731,Em Atendimento,2025-07-07 14:55:02.011882641
3545,106361,Em Atendimento,2025-07-07 17:21:47.774571431
8833,107754,Em Atendimento,2025-07-07 17:43:32.305953121
2900,102731,Fechado,2025-07-07 18:07:58.612175061
8495,102011,Aberto,2025-07-07 18:45:00.000000000
6189,104751,Aberto,2025-07-07 18:48:00.000000000
8834,107754,Fechado,2025-07-07 19:40:10.714553262
6190,104751,Em Atendimento,2025-07-07 23:01:50.786083004
5011,106519,Pendente,2025-07-07 23:24:08.194813554
3419,105847,Aberto,2025-07-08 10:03:00.000000000
3420,105847,Em Atendimento,2025-07-08 10:29:23.067062129
1182,100134,Aberto,2025-07-08 12:30:00.000000000
487,105341,Aberto,2025-07-08 15:33:00.000000000
1183,100134,Em Atendimento,2025-07-08 15:45:42.080633235
2712,108250,Aberto,2025-07-08 15:50:00.000000000
1724,106305,Aberto,2025-07-08 16:43:00.000000000
489,105341,Fechado,2025-07-08 16:47:32.909413318
1184,100134,Fechado,2025-07-08 17:25:30.921099880
7348,104761,Aberto,2025-07-08 18:00:00.000000000
7349,104761,Em Atendimento,2025-07-08 19:12:02.281216119
488,105341,Em Atendimento,2025-07-08 19:22:00.244552988
2713,108250,Em Atendimento,2025-07-08 19:54:23.377848083
1725,106305,Em Atendimento,2025-07-08 20:45:52.625186795
2714,108250,Pendente,2025-07-08 21:15:37.665809676
1726,106305,Pendente,2025-07-08 22:08:02.924950441
3421,105847,Fechado,2025-07-09 05:18:53.949794119
6363,102421,Aberto,2025-07-09 10:10:00.000000000
8105,104916,Aberto,2025-07-09 11:45:00.000000000
6364,102421,Em Atendimento,2025-07-09 12:19:44.268421222
7350,104761,Fechado,2025-07-09 12:26:41.706242383
8106,104916,Em Atendimento,2025-07-09 13:01:39.736229790
6365,102421,Fechado,2025-07-09 13:53:57.330033128
9084,109143,Aberto,2025-07-09 14:10:00.000000000
5900,104054,Aberto,2025-07-09 15:53:00.000000000
9085,109143,Em Atendimento,2025-07-09 15:58:54.252956039
347,100298,Aberto,2025-07-09 17:52:00.000000000
1705,100208,Aberto,2025-07-09 18:11:00.000000000
1706,100208,Em Atendimento,2025-07-09 21:16:49.187394030
348,100298,Em Atendimento,2025-07-09 21:40:30.366361384
349,100298,Fechado,2025-07-09 22:58:24.444577317
1707,100208,Fechado,2025-07-10 00:56:35.509231810
8107,104916,Fechado,2025-07-10 03:17:46.366534114
4953,105100,Aberto,2025-07-10 07:48:00.000000000
4954,105100,Em Atendimento,2025-07-10 08:10:24.275567161
6550,103187,Aberto,2025-07-10 09:17:00.000000000
4670,109178,Aberto,2025-07-10 09:48:00.000000000
4672,109178,Fechado,2025-07-10 10:06:00.000000000
5581,103971,Aberto,2025-07-10 10:49:00.000000000
1982,102293,Aberto,2025-07-10 11:44:00.000000000
3304,109363,Aberto,2025-07-10 12:35:00.000000000
5582,103971,Em Atendimento,2025-07-10 12:35:38.313195435
4503,105079,Aberto,2025-07-10 12:40:00.000000000
8114,108986,Aberto,2025-07-10 13:07:00.000000000
3306,109363,Fechado,2025-07-10 13:23:43.389379130
4671,109178,Em Atendimento,2025-07-10 13:37:40.039482433
6551,103187,Em Atendimento,2025-07-10 14:15:17.493731698
1983,102293,Em Atendimento,2025-07-10 15:50:52.425652486
3305,109363,Em Atendimento,2025-07-10 15:51:56.985953741
4505,105079,Fechado,2025-07-10 16:00:43.715889873
4504,105079,Em Atendimento,2025-07-10 16:22:57.491319451
8115,108986,Em Atendimento,2025-07-10 16:25:31.375957786
1984,102293,Fechado,2025-07-10 17:07:18.138935799
7814,107725,Aberto,2025-07-10 17:37:00.000000000
7816,107725,Fechado,2025-07-10 18:10:47.145720794
8671,100062,Aberto,2025-07-10 18:15:00.000000000
6552,103187,Pendente,2025-07-10 19:07:34.033934774
8116,108986,Fechado,2025-07-10 20:14:55.337862698
8672,100062,Em Atendimento,2025-07-10 20:23:02.751311089
8673,100062,Fechado,2025-07-10 21:23:58.876776657
7815,107725,Em Atendimento,2025-07-10 22:21:17.211469097
4601,105658,Aberto,2025-07-11 07:19:00.000000000
228,103886,Aberto,2025-07-11 08:05:00.000000000
4602,105658,Em Atendimento,2025-07-11 08:46:58.424488946
3047,109238,Aberto,2025-07-11 09:15:00.000000000
4665,104175,Aberto,2025-07-11 10:05:00.000000000
229,103886,Em Atendimento,2025-07-11 10:09:09.962759046
3346,105636,Aberto,2025-07-11 10:27:00.000000000
4955,105100,Fechado,2025-07-11 10:55:11.362475773
2621,100041,Aberto,2025-07-11 10:58:00.000000000
4666,104175,Em Atendimento,2025-07-11 11:18:10.034802768
4667,104175,Fechado,2025-07-11 11:21:11.579703520
230,103886,Fechado,2025-07-11 12:15:04.814251413
4603,105658,Fechado,2025-07-11 12:49:13.227063548
252,100498,Aberto,2025-07-11 12:51:00.000000000
3048,109238,Em Atendimento,2025-07-11 13:48:41.605234938
253,100498,Em Atendimento,2025-07-11 13:59:47.810465883
3347,105636,Em Atendimento,2025-07-11 14:55:15.066234716
3348,105636,Fechado,2025-07-11 15:18:57.846880126
535,108201,Aberto,2025-07-11 15:51:00.000000000
537,108201,Fechado,2025-07-11 16:13:50.515813887
536,108201,Em Atendimento,2025-07-11 16:21:34.465929956
254,100498,Fechado,2025-07-11 17:08:37.173579151
3049,109238,Fechado,2025-07-11 23:32:42.700932329
3754,104336,Aberto,2025-07-12 14:02:00.000000000
3755,104336,Em Atendimento,2025-07-12 18:25:26.812711244
3756,104336,Fechado,2025-07-12 20:44:08.104373784
5981,104557,Aberto,2025-07-13 08:47:00.000000000
5983,104557,Fechado,2025-07-13 09:40:25.049966730
5982,104557,Em Atendimento,2025-07-13 09:56:22.715897744
3841,103192,Aberto,2025-07-13 10:49:00.000000000
9351,100263,Aberto,2025-07-13 11:22:00.000000000
9352,100263,Em Atendimento,2025-07-13 12:06:37.589785448
3842,103192,Em Atendimento,2025-07-13 12:39:30.332418654
2575,106139,Aberto,2025-07-13 12:50:00.000000000
9353,100263,Fechado,2025-07-13 13:40:06.133821267
2576,106139,Em Atendimento,2025-07-13 16:15:46.013347890
3843,103192,Fechado,2025-07-13 16:44:11.700747948
2721,102707,Aberto,2025-07-13 17:59:00.000000000
2722,102707,Em Atendimento,2025-07-13 19:37:09.190214504
2723,102707,Fechado,2025-07-13 23:05:35.843300560
8770,102915,Aberto,2025-07-14 13:13:00.000000000
1433,104134,Aberto,2025-07-14 13:37:00.000000000
3053,104510,Aberto,2025-07-14 13:52:00.000000000
8771,102915,Em Atendimento,2025-07-14 14:00:04.223965038
4085,102519,Aberto,2025-07-14 14:14:00.000000000
6917,100446,Aberto,2025-07-14 14:37:00.000000000
3896,108821,Aberto,2025-07-14 14:41:00.000000000
3054,104510,Em Atendimento,2025-07-14 15:05:26.531212761
1435,104134,Fechado,2025-07-14 15:49:09.550828749
4087,102519,Fechado,2025-07-14 16:12:59.486003882
8451,104423,Aberto,2025-07-14 16:13:00.000000000
4123,103557,Aberto,2025-07-14 16:17:00.000000000
3055,104510,Fechado,2025-07-14 16:51:03.071945904
4086,102519,Em Atendimento,2025-07-14 16:55:37.463428215
1434,104134,Em Atendimento,2025-07-14 18:05:38.004448682
8452,104423,Em Atendimento,2025-07-14 18:18:13.926537503
4124,103557,Em Atendimento,2025-07-14 18:18:26.292902260
3897,108821,Em Atendimento,2025-07-14 19:06:09.848541417
4125,103557,Fechado,2025-07-15 01:43:52.159779474
3898,108821,Fechado,2025-07-15 01:48:41.265508202
565,102533,Aberto,2025-07-15 15:49:00.000000000
566,102533,Em Atendimento,2025-07-15 16:29:24.673671457
567,102533,Pendente,2025-07-16 00:18:05.553211153
8772,102915,Fechado,2025-07-16 07:32:12.683066880
9271,107205,Aberto,2025-07-16 08:01:00.000000000
7188,109862,Aberto,2025-07-16 09:31:00.000000000
7189,109862,Em Atendimento,2025-07-16 11:15:50.141876414
1078,104192,Aberto,2025-07-16 11:30:00.000000000
7190,109862,Fechado,2025-07-16 11:52:38.069707222
1079,104192,Em Atendimento,2025-07-16 12:00:59.266417359
1080,104192,Fechado,2025-07-16 14:48:26.742109028
6803,103286,Aberto,2025-07-16 16:48:00.000000000
4044,105123,Aberto,2025-07-16 17:43:00.000000000
6804,103286,Em Atendimento,2025-07-16 20:51:22.706373839
6805,103286,Fechado,2025-07-16 21:08:05.883035852
2052,106950,Aberto,2025-07-17 12:51:00.000000000
1756,103196,Aberto,2025-07-17 15:41:00.000000000
1757,103196,Em Atendimento,2025-07-17 15:56:29.854396300
2054,106950,Fechado,2025-07-17 16:10:29.914630521
2053,106950,Em Atendimento,2025-07-17 17:02:51.596588957
1758,103196,Fechado,2025-07-17 19:06:40.034959334
7619,107175,Aberto,2025-07-18 08:27:00.000000000
7621,107175,Fechado,2025-07-18 09:40:22.608196755
8069,103603,Aberto,2025-07-18 11:43:00.000000000
8070,103603,Em Atendimento,2025-07-18 12:48:59.295541769
7620,107175,Em Atendimento,2025-07-18 13:01:53.608997857
9469,103098,Aberto,2025-07-18 14:53:00.000000000
9470,103098,Em Atendimento,2025-07-18 16:21:12.066985505
7631,105596,Aberto,2025-07-18 16:40:00.000000000
7632,105596,Em Atendimento,2025-07-18 19:20:30.994602435
9471,103098,Fechado,2025-07-18 20:58:51.664623979
7633,105596,Fechado,2025-07-19 00:32:48.992555316
5759,105585,Aberto,2025-07-19 08:13:00.000000000
5760,105585,Em Atendimento,2025-07-19 10:32:24.550190343
2070,109210,Aberto,2025-07-19 11:42:00.000000000
4358,108803,Aberto,2025-07-19 12:52:00.000000000
4359,108803,Em Atendimento,2025-07-19 13:05:05.700688262
2072,109210,Fechado,2025-07-19 13:18:24.204165912
4408,106125,Aberto,2025-07-19 13:53:00.000000000
2071,109210,Em Atendimento,2025-07-19 14:15:39.219838154
9417,107402,Aberto,2025-07-19 14:47:00.000000000
9418,107402,Em Atendimento,2025-07-19 15:17:22.153743207
3363,105877,Aberto,2025-07-19 15:29:00.000000000
4409,106125,Em Atendimento,2025-07-19 15:58:30.750015931
8972,101850,Aberto,2025-07-19 18:55:00.000000000
3364,105877,Em Atendimento,2025-07-19 20:11:38.397529584
8973,101850,Em Atendimento,2025-07-19 21:27:04.769258089
4360,108803,Pendente,2025-07-19 22:20:09.207472542
9419,107402,Fechado,2025-07-19 22:35:04.018350024
3365,105877,Pendente,2025-07-19 22:54:41.016965771
4410,106125,Pendente,2025-07-19 23:06:21.403361298
8974,101850,Fechado,2025-07-20 01:38:07.912754443
5761,105585,Fechado,2025-07-20 05:23:08.037723856
3801,106054,Aberto,2025-07-20 09:10:00.000000000
7269,104293,Aberto,2025-07-20 10:49:00.000000000
7271,104293,Fechado,2025-07-20 11:07:00.000000000
4100,107708,Aberto,2025-07-20 13:23:00.000000000
3802,106054,Em Atendimento,2025-07-20 13:23:00.139927837
6764,102285,Aberto,2025-07-20 13:56:00.000000000
7194,104036,Aberto,2025-07-20 14:04:00.000000000
5857,104613,Aberto,2025-07-20 14:16:00.000000000
4101,107708,Em Atendimento,2025-07-20 14:16:33.935008333
5858,104613,Em Atendimento,2025-07-20 14:31:24.310540698
7270,104293,Em Atendimento,2025-07-20 14:33:08.826336255
6765,102285,Em Atendimento,2025-07-20 17:10:02.396682548
7195,104036,Em Atendimento,2025-07-20 18:39:31.865705979
6766,102285,Fechado,2025-07-20 21:04:38.857867526
5859,104613,Fechado,2025-07-20 22:35:32.878407795
4102,107708,Fechado,2025-07-21 00:17:23.578474806
231,104321,Aberto,2025-07-21 08:52:00.000000000
8956,106923,Aberto,2025-07-21 10:50:00.000000000
2367,102539,Aberto,2025-07-21 10:58:00.000000000
2368,102539,Em Atendimento,2025-07-21 11:43:01.398736587
232,104321,Em Atendimento,2025-07-21 12:48:42.838760412
2369,102539,Fechado,2025-07-21 14:44:16.095668487
8958,106923,Fechado,2025-07-21 15:08:54.626897970
1051,102009,Aberto,2025-07-21 15:18:00.000000000
8957,106923,Em Atendimento,2025-07-21 15:45:56.644971098
1052,102009,Em Atendimento,2025-07-21 16:32:12.730554565
2092,107514,Aberto,2025-07-21 17:24:00.000000000
7643,107539,Aberto,2025-07-21 17:30:00.000000000
7383,109426,Aberto,2025-07-21 17:39:00.000000000
1581,100709,Aberto,2025-07-21 18:02:00.000000000
1582,100709,Em Atendimento,2025-07-21 18:29:45.098698072
233,104321,Fechado,2025-07-21 18:44:28.427849698
2093,107514,Em Atendimento,2025-07-21 19:24:25.137100943
1583,100709,Fechado,2025-07-21 21:02:34.734538544
1053,102009,Fechado,2025-07-21 21:57:40.918810665
7384,109426,Em Atendimento,2025-07-21 22:11:29.360127353
7644,107539,Em Atendimento,2025-07-21 22:16:58.520295082
2094,107514,Fechado,2025-07-22 01:31:05.711692382
7385,109426,Fechado,2025-07-22 05:55:52.788230259
4730,107538,Aberto,2025-07-22 08:29:00.000000000
6605,103417,Aberto,2025-07-22 08:35:00.000000000
4731,107538,Em Atendimento,2025-07-22 10:48:00.425252381
6606,103417,Em Atendimento,2025-07-22 10:56:22.474877405
4863,106335,Aberto,2025-07-22 12:05:00.000000000
6607,103417,Fechado,2025-07-22 13:50:17.808532045
4864,106335,Em Atendimento,2025-07-22 14:36:03.101792364
4865,106335,Pendente,2025-07-22 17:34:24.523636299
7934,102342,Aberto,2025-07-22 17:52:00.000000000
4745,104785,Aberto,2025-07-22 18:04:00.000000000
7935,102342,Em Atendimento,2025-07-22 18:04:23.484960021
4746,104785,Em Atendimento,2025-07-22 22:01:32.822712653
7936,102342,Fechado,2025-07-23 02:48:11.676447160
4747,104785,Fechado,2025-07-23 04:01:57.653223584
5805,106629,Aberto,2025-07-23 07:46:00.000000000
2031,103321,Aberto,2025-07-23 09:09:00.000000000
2032,103321,Em Atendimento,2025-07-23 10:57:51.909785107
5806,106629,Em Atendimento,2025-07-23 11:18:28.079505222
91,106081,Aberto,2025-07-23 11:31:00.000000000
5086,100148,Aberto,2025-07-23 11:49:00.000000000
93,106081,Fechado,2025-07-23 12:09:15.771811498
2033,103321,Pendente,2025-07-23 12:40:04.538024338
5088,100148,Fechado,2025-07-23 12:56:46.513105734
92,106081,Em Atendimento,2025-07-23 13:10:58.377674455
5087,100148,Em Atendimento,2025-07-23 14:33:26.693154155
330,106858,Aberto,2025-07-24 10:48:00.000000000
3582,108459,Aberto,2025-07-24 10:56:00.000000000
5220,107919,Aberto,2025-07-24 10:58:00.000000000
8737,103462,Aberto,2025-07-24 11:29:00.000000000
8738,103462,Em Atendimento,2025-07-24 11:55:54.580515495
3583,108459,Em Atendimento,2025-07-24 12:16:44.685283877
2436,105617,Aberto,2025-07-24 12:25:00.000000000
5221,107919,Em Atendimento,2025-07-24 13:11:10.663684106
5222,107919,Fechado,2025-07-24 13:16:28.086549814
2438,105617,Fechado,2025-07-24 15:15:12.791865256
331,106858,Em Atendimento,2025-07-24 15:45:39.455448036
8739,103462,Pendente,2025-07-24 16:25:16.093076770
2437,105617,Em Atendimento,2025-07-24 16:31:47.588317061
7244,101717,Aberto,2025-07-25 10:36:00.000000000
7245,101717,Em Atendimento,2025-07-25 11:15:57.865343087
5174,105420,Aberto,2025-07-25 16:19:00.000000000
5175,105420,Em Atendimento,2025-07-25 17:33:25.963466734
7593,103258,Aberto,2025-07-25 17:38:00.000000000
5176,105420,Fechado,2025-07-25 17:54:15.760346985
7246,101717,Fechado,2025-07-25 18:12:04.280954648
7595,103258,Fechado,2025-07-25 20:20:41.740193408
7594,103258,Em Atendimento,2025-07-25 22:18:16.743374908
2128,103691,Aberto,2025-07-26 07:59:00.000000000
7932,109063,Aberto,2025-07-26 08:26:00.000000000
2129,103691,Em Atendimento,2025-07-26 09:03:32.679292645
2130,103691,Fechado,2025-07-26 09:39:16.765558701
8328,108798,Aberto,2025-07-26 10:24:00.000000000
2477,103589,Aberto,2025-07-26 10:32:00.000000000
1841,108086,Aberto,2025-07-26 11:56:00.000000000
8329,108798,Em Atendimento,2025-07-26 12:08:06.206576062
1843,108086,Fechado,2025-07-26 12:53:15.361304169
2478,103589,Em Atendimento,2025-07-26 13:17:12.329956999
3932,103468,Aberto,2025-07-26 15:34:00.000000000
704,105393,Aberto,2025-07-26 16:07:00.000000000
1842,108086,Em Atendimento,2025-07-26 16:12:05.745585031
2076,104668,Aberto,2025-07-26 18:07:00.000000000
4363,103859,Aberto,2025-07-26 18:09:00.000000000
3933,103468,Em Atendimento,2025-07-26 18:52:49.138506244
705,105393,Em Atendimento,2025-07-26 19:10:36.481897015
706,105393,Fechado,2025-07-26 19:40:07.397510187
2077,104668,Em Atendimento,2025-07-26 20:00:31.104720070
2479,103589,Fechado,2025-07-26 21:10:54.015625222
4364,103859,Em Atendimento,2025-07-26 22:34:18.376228031
4365,103859,Fechado,2025-07-26 23:29:28.925747894
8330,108798,Fechado,2025-07-27 01:35:38.675715320
335,109355,Aberto,2025-07-27 07:16:00.000000000
826,101292,Aberto,2025-07-27 07:32:00.000000000
336,109355,Em Atendimento,2025-07-27 10:15:01.956220156
1395,109139,Aberto,2025-07-27 10:17:00.000000000
8857,103771,Aberto,2025-07-27 11:24:00.000000000
827,101292,Em Atendimento,2025-07-27 11:26:17.853170799
8858,103771,Em Atendimento,2025-07-27 12:23:27.667511954
337,109355,Fechado,2025-07-27 13:04:11.149879194
8859,103771,Pendente,2025-07-27 14:35:25.394489750
653,108292,Aberto,2025-07-27 14:59:00.000000000
3108,103326,Aberto,2025-07-27 15:50:00.000000000
987,109677,Aberto,2025-07-27 16:06:00.000000000
3109,103326,Em Atendimento,2025-07-27 16:44:17.103588257
828,101292,Fechado,2025-07-27 18:43:31.697042208
654,108292,Em Atendimento,2025-07-27 18:59:49.954981491
988,109677,Em Atendimento,2025-07-27 20:09:39.587647098
3110,103326,Fechado,2025-07-27 23:14:09.350128144
655,108292,Fechado,2025-07-27 23:28:03.119762536
7853,105085,Aberto,2025-07-28 09:46:00.000000000
6732,105127,Aberto,2025-07-28 12:22:00.000000000
6733,105127,Em Atendimento,2025-07-28 12:36:50.139329025
7854,105085,Em Atendimento,2025-07-28 12:58:43.449843529
7855,105085,Fechado,2025-07-28 13:21:43.032486674
6734,105127,Fechado,2025-07-28 14:00:41.650808146
6055,106469,Aberto,2025-07-28 15:14:00.000000000
4106,105273,Aberto,2025-07-28 16:57:00.000000000
6056,106469,Em Atendimento,2025-07-28 17:29:18.108976860
4107,105273,Em Atendimento,2025-07-28 18:06:58.651865093
7625,108035,Aberto,2025-07-28 18:33:00.000000000
7626,108035,Em Atendimento,2025-07-28 19:00:20.582328857
6057,106469,Fechado,2025-07-28 19:23:14.445715719
4108,105273,Fechado,2025-07-28 19:28:01.857641491
7627,108035,Fechado,2025-07-29 03:12:44.269425162
616,104109,Aberto,2025-07-29 07:06:00.000000000
8758,105787,Aberto,2025-07-29 09:08:00.000000000
7968,106089,Aberto,2025-07-29 09:58:00.000000000
617,104109,Em Atendimento,2025-07-29 10:11:45.407288853
5060,100719,Aberto,2025-07-29 12:15:00.000000000
8759,105787,Em Atendimento,2025-07-29 12:24:33.082110923
8760,105787,Fechado,2025-07-29 12:35:39.272863640
8598,108132,Aberto,2025-07-29 12:57:00.000000000
8600,108132,Fechado,2025-07-29 14:39:37.776539286
5061,100719,Em Atendimento,2025-07-29 14:46:28.571375816
3222,107339,Aberto,2025-07-29 15:13:00.000000000
8599,108132,Em Atendimento,2025-07-29 15:25:33.228362808
3223,107339,Em Atendimento,2025-07-29 18:02:59.533311227
4911,100684,Aberto,2025-07-29 18:23:00.000000000
5062,100719,Fechado,2025-07-29 21:24:52.927505222
4912,100684,Em Atendimento,2025-07-29 21:25:59.933150177
3224,107339,Fechado,2025-07-29 21:37:19.121357066
4913,100684,Fechado,2025-07-29 21:59:08.081575700
6107,106691,Aberto,2025-07-30 08:14:00.000000000
2994,107021,Aberto,2025-07-30 08:49:00.000000000
7293,109497,Aberto,2025-07-30 08:50:00.000000000
6137,102031,Aberto,2025-07-30 09:05:00.000000000
6109,106691,Fechado,2025-07-30 09:28:13.515814233
6108,106691,Em Atendimento,2025-07-30 09:46:56.873435635
3718,107683,Aberto,2025-07-30 09:49:00.000000000
7295,109497,Fechado,2025-07-30 09:49:25.244976127
1641,108224,Aberto,2025-07-30 10:06:00.000000000
3719,107683,Em Atendimento,2025-07-30 10:28:50.816503033
2996,107021,Fechado,2025-07-30 10:44:23.807698010
2995,107021,Em Atendimento,2025-07-30 11:27:42.768853711
126,102252,Aberto,2025-07-30 11:34:00.000000000
127,102252,Em Atendimento,2025-07-30 11:51:33.442822083
128,102252,Fechado,2025-07-30 11:58:46.266802290
3989,105438,Aberto,2025-07-30 12:16:00.000000000
7294,109497,Em Atendimento,2025-07-30 12:26:03.903415909
6138,102031,Em Atendimento,2025-07-30 12:31:05.066763693
7867,108265,Aberto,2025-07-30 13:11:00.000000000
3990,105438,Em Atendimento,2025-07-30 13:34:55.659762265
3535,106100,Aberto,2025-07-30 13:35:00.000000000
1642,108224,Em Atendimento,2025-07-30 13:55:02.327903876
1643,108224,Fechado,2025-07-30 14:15:13.140312782
7868,108265,Em Atendimento,2025-07-30 15:30:03.794017783
3536,106100,Em Atendimento,2025-07-30 15:39:23.556835751
1287,101998,Aberto,2025-07-30 16:04:00.000000000
1289,101998,Fechado,2025-07-30 18:23:37.604413063
1288,101998,Em Atendimento,2025-07-30 19:54:02.412720276
7869,108265,Pendente,2025-07-30 21:01:19.473241389
3537,106100,Fechado,2025-07-31 04:38:28.093413384
3041,109874,Aberto,2025-07-31 10:36:00.000000000
1034,105378,Aberto,2025-07-31 10:42:00.000000000
3042,109874,Em Atendimento,2025-07-31 12:39:36.586534223
1036,105378,Fechado,2025-07-31 12:49:00.823652619
1035,105378,Em Atendimento,2025-07-31 14:46:15.124929656
2830,103403,Aberto,2025-07-31 15:00:00.000000000
2831,103403,Em Atendimento,2025-07-31 15:32:47.553198687
4968,103854,Aberto,2025-07-31 18:30:00.000000000
4970,103854,Fechado,2025-07-31 20:38:56.026874619
4969,103854,Em Atendimento,2025-07-31 23:02:43.115312367
2832,103403,Pendente,2025-07-31 23:48:28.781892669
3043,109874,Fechado,2025-08-01 08:20:34.494634680
8351,102499,Aberto,2025-08-01 10:33:00.000000000
3968,102176,Aberto,2025-08-01 12:14:00.000000000
8352,102499,Em Atendimento,2025-08-01 12:21:59.862899863
781,109611,Aberto,2025-08-01 13:45:00.000000000
8565,101801,Aberto,2025-08-01 14:06:00.000000000
3969,102176,Em Atendimento,2025-08-01 14:58:06.215794125
8353,102499,Fechado,2025-08-01 16:20:46.075163877
782,109611,Em Atendimento,2025-08-01 16:29:09.320489636
8567,101801,Fechado,2025-08-01 17:21:07.125886375
8566,101801,Em Atendimento,2025-08-01 17:21:08.633886108
3970,102176,Fechado,2025-08-01 20:08:40.904371108
783,109611,Fechado,2025-08-01 22:03:23.015546413
5502,103463,Aberto,2025-08-02 09:56:00.000000000
4529,107041,Aberto,2025-08-02 10:38:00.000000000
5504,103463,Fechado,2025-08-02 11:39:06.176598564
5503,103463,Em Atendimento,2025-08-02 13:15:41.033567204
4531,107041,Fechado,2025-08-02 13:37:40.100132515
4530,107041,Em Atendimento,2025-08-02 13:45:59.618033025
6936,102913,Aberto,2025-08-02 14:14:00.000000000
2168,102405,Aberto,2025-08-02 14:22:00.000000000
2169,102405,Em Atendimento,2025-08-02 14:34:17.946819001
5012,106275,Aberto,2025-08-02 14:35:00.000000000
6937,102913,Em Atendimento,2025-08-02 15:32:10.033255946
5013,106275,Em Atendimento,2025-08-02 16:15:30.955773626
5958,106998,Aberto,2025-08-02 16:35:00.000000000
4447,105944,Aberto,2025-08-02 17:21:00.000000000
4448,105944,Em Atendimento,2025-08-02 17:39:39.068375495
5960,106998,Fechado,2025-08-02 18:00:20.372322799
6938,102913,Fechado,2025-08-02 18:21:28.713455428
1235,107688,Aberto,2025-08-02 18:31:00.000000000
1236,107688,Em Atendimento,2025-08-02 19:47:22.211856292
5014,106275,Pendente,2025-08-02 20:44:02.705965651
1237,107688,Fechado,2025-08-02 21:02:03.113896386
5959,106998,Em Atendimento,2025-08-02 21:11:22.920095835
4449,105944,Pendente,2025-08-03 04:47:03.881276917
8348,100250,Aberto,2025-08-03 08:35:00.000000000
8350,100250,Fechado,2025-08-03 08:58:58.754260579
3935,103297,Aberto,2025-08-03 09:01:00.000000000
1893,107719,Aberto,2025-08-03 09:10:00.000000000
8349,100250,Em Atendimento,2025-08-03 09:35:34.385975011
1895,107719,Fechado,2025-08-03 10:39:06.879792674
1894,107719,Em Atendimento,2025-08-03 11:57:21.301784913
7705,105891,Aberto,2025-08-03 12:20:00.000000000
4532,106502,Aberto,2025-08-03 13:18:00.000000000
4039,106785,Aberto,2025-08-03 13:31:00.000000000
4533,106502,Em Atendimento,2025-08-03 13:45:23.793199960
3936,103297,Em Atendimento,2025-08-03 13:55:00.629032695
6215,100746,Aberto,2025-08-03 14:31:00.000000000
6482,105504,Aberto,2025-08-03 14:48:00.000000000
7707,105891,Fechado,2025-08-03 15:23:11.475468151
6217,100746,Fechado,2025-08-03 16:07:19.035987134
960,105174,Aberto,2025-08-03 16:15:00.000000000
6180,109724,Aberto,2025-08-03 16:21:00.000000000
4040,106785,Em Atendimento,2025-08-03 16:43:15.611650900
7706,105891,Em Atendimento,2025-08-03 16:43:45.341859773
6896,104708,Aberto,2025-08-03 16:44:00.000000000
6553,105924,Aberto,2025-08-03 16:48:00.000000000
6182,109724,Fechado,2025-08-03 17:07:55.528659678
6483,105504,Em Atendimento,2025-08-03 17:14:11.865456368
6554,105924,Em Atendimento,2025-08-03 17:37:59.621379095
6216,100746,Em Atendimento,2025-08-03 17:45:46.945715169
6555,105924,Fechado,2025-08-03 17:51:53.796124526
6181,109724,Em Atendimento,2025-08-03 18:15:52.964271383
962,105174,Fechado,2025-08-03 19:47:24.564750554
961,105174,Em Atendimento,2025-08-03 20:48:08.033097179
6897,104708,Em Atendimento,2025-08-03 20:55:15.814781419
6898,104708,Fechado,2025-08-03 22:09:53.554359028
4041,106785,Fechado,2025-08-03 23:08:53.233185108
8224,106436,Aberto,2025-08-04 10:07:00.000000000
2197,106867,Aberto,2025-08-04 10:22:00.000000000
2199,106867,Fechado,2025-08-04 10:45:34.584048261
3476,101048,Aberto,2025-08-04 13:27:00.000000000
2198,106867,Em Atendimento,2025-08-04 13:39:48.149558463
8225,106436,Em Atendimento,2025-08-04 13:44:15.115959595
3478,101048,Fechado,2025-08-04 15:49:52.482152017
8226,106436,Fechado,2025-08-04 17:38:10.557369865
3477,101048,Em Atendimento,2025-08-04 18:02:10.550053372
6782,104739,Aberto,2025-08-05 08:27:00.000000000
6783,104739,Em Atendimento,2025-08-05 12:24:46.544645051
6784,104739,Pendente,2025-08-05 13:01:27.049167085
193,104727,Aberto,2025-08-05 14:06:00.000000000
3083,106397,Aberto,2025-08-05 15:07:00.000000000
8986,103729,Aberto,2025-08-05 16:52:00.000000000
7522,106149,Aberto,2025-08-05 17:24:00.000000000
3084,106397,Em Atendimento,2025-08-05 17:30:17.430656750
3085,106397,Fechado,2025-08-05 18:16:20.379357561
194,104727,Em Atendimento,2025-08-05 18:59:31.354628033
8988,103729,Fechado,2025-08-05 19:44:39.177519560
7523,106149,Em Atendimento,2025-08-05 21:04:39.490070116
8987,103729,Em Atendimento,2025-08-05 21:46:35.819049767
195,104727,Fechado,2025-08-05 23:36:06.733109869
7524,106149,Fechado,2025-08-05 23:45:34.305302566
4250,108169,Aberto,2025-08-06 07:54:00.000000000
4251,108169,Em Atendimento,2025-08-06 09:01:22.742078076
4252,108169,Fechado,2025-08-06 09:52:14.786625216
1068,108863,Aberto,2025-08-06 13:29:00.000000000
1457,108616,Aberto,2025-08-06 15:43:00.000000000
1069,108863,Em Atendimento,2025-08-06 15:58:57.158962496
7351,101452,Aberto,2025-08-06 16:57:00.000000000
1070,108863,Fechado,2025-08-06 18:26:58.795527470
7352,101452,Em Atendimento,2025-08-06 19:49:50.950414885
7353,101452,Fechado,2025-08-06 20:13:58.584438177
8320,106018,Aberto,2025-08-07 09:14:00.000000000
8321,106018,Em Atendimento,2025-08-07 09:51:18.256545610
5829,105451,Aberto,2025-08-07 12:59:00.000000000
5831,105451,Fechado,2025-08-07 13:49:14.032733481
5194,102306,Aberto,2025-08-07 15:02:00.000000000
5830,105451,Em Atendimento,2025-08-07 17:58:16.216154804
5195,102306,Em Atendimento,2025-08-07 17:59:06.433589078
6156,100290,Aberto,2025-08-08 08:54:00.000000000
3675,102221,Aberto,2025-08-08 08:56:00.000000000
5270,101469,Aberto,2025-08-08 09:59:00.000000000
3677,102221,Fechado,2025-08-08 10:09:55.399198933
6157,100290,Em Atendimento,2025-08-08 11:12:08.492442238
3676,102221,Em Atendimento,2025-08-08 11:17:53.671597015
5272,101469,Fechado,2025-08-08 11:23:16.303992822
8607,106828,Aberto,2025-08-08 12:57:00.000000000
5271,101469,Em Atendimento,2025-08-08 13:22:30.936103576
8609,106828,Fechado,2025-08-08 14:04:24.051821577
5393,107426,Aberto,2025-08-08 15:14:00.000000000
5395,107426,Fechado,2025-08-08 16:24:24.101112709
4539,103974,Aberto,2025-08-08 17:42:00.000000000
8608,106828,Em Atendimento,2025-08-08 17:47:13.222239528
5394,107426,Em Atendimento,2025-08-08 19:15:02.669460412
6158,100290,Fechado,2025-08-08 19:41:33.881422038
4541,103974,Fechado,2025-08-08 20:12:36.146568924
4540,103974,Em Atendimento,2025-08-08 20:37:01.568235115
8803,105883,Aberto,2025-08-09 10:26:00.000000000
5167,109299,Aberto,2025-08-09 12:17:00.000000000
4272,101775,Aberto,2025-08-09 13:14:00.000000000
4274,101775,Fechado,2025-08-09 15:25:27.361117615
1844,108286,Aberto,2025-08-09 15:42:00.000000000
4273,101775,Em Atendimento,2025-08-09 15:59:17.615362026
4977,103109,Aberto,2025-08-09 16:43:00.000000000
1846,108286,Fechado,2025-08-09 16:53:15.004535294
5134,108090,Aberto,2025-08-09 17:23:00.000000000
1845,108286,Em Atendimento,2025-08-09 17:38:23.594241420
5136,108090,Fechado,2025-08-09 17:41:00.000000000
4979,103109,Fechado,2025-08-09 19:03:29.914642269
5135,108090,Em Atendimento,2025-08-09 20:43:30.841420434
4978,103109,Em Atendimento,2025-08-09 21:38:11.290567521
6758,109386,Aberto,2025-08-10 07:27:00.000000000
4253,101143,Aberto,2025-08-10 10:30:00.000000000
6759,109386,Em Atendimento,2025-08-10 11:50:37.518467415
4254,101143,Em Atendimento,2025-08-10 11:59:48.380728987
6760,109386,Pendente,2025-08-10 12:17:07.625746696
7248,105194,Aberto,2025-08-10 12:28:00.000000000
7250,105194,Fechado,2025-08-10 12:58:43.875055965
4255,101143,Fechado,2025-08-10 15:50:24.400512880
9429,105255,Aberto,2025-08-10 16:32:00.000000000
7249,105194,Em Atendimento,2025-08-10 17:10:51.448713010
728,104789,Aberto,2025-08-10 17:38:00.000000000
730,104789,Fechado,2025-08-10 18:23:59.697753285
9430,105255,Em Atendimento,2025-08-10 18:26:08.640444818
729,104789,Em Atendimento,2025-08-10 21:30:00.091959603
9431,105255,Pendente,2025-08-10 21:40:48.360760890
4779,100950,Aberto,2025-08-11 08:17:00.000000000
4027,107264,Aberto,2025-08-11 09:46:00.000000000
4028,107264,Em Atendimento,2025-08-11 10:30:48.655108563
4781,100950,Fechado,2025-08-11 12:36:35.672834136
4780,100950,Em Atendimento,2025-08-11 13:14:23.784870791
6183,100161,Aberto,2025-08-11 16:55:00.000000000
6185,100161,Fechado,2025-08-11 18:39:41.367770602
5883,102503,Aberto,2025-08-11 18:59:00.000000000
6184,100161,Em Atendimento,2025-08-11 20:27:06.183729339
4029,107264,Fechado,2025-08-11 20:44:18.285947018
5884,102503,Em Atendimento,2025-08-11 22:47:00.743692903
3100,101972,Aberto,2025-08-12 11:18:00.000000000
3102,101972,Fechado,2025-08-12 12:20:42.669459027
3101,101972,Em Atendimento,2025-08-12 12:31:10.905779194
5816,107950,Aberto,2025-08-12 13:27:00.000000000
2006,100361,Aberto,2025-08-12 15:01:00.000000000
6948,109953,Aberto,2025-08-12 15:12:00.000000000
8137,101139,Aberto,2025-08-12 15:30:00.000000000
6950,109953,Fechado,2025-08-12 15:35:33.953251268
8139,101139,Fechado,2025-08-12 16:19:19.605752857
5817,107950,Em Atendimento,2025-08-12 16:20:26.939495119
5818,107950,Fechado,2025-08-12 16:31:37.063667870
2007,100361,Em Atendimento,2025-08-12 17:14:15.407202141
8138,101139,Em Atendimento,2025-08-12 18:08:44.898135184
6949,109953,Em Atendimento,2025-08-12 18:13:11.993434293
5885,102503,Fechado,2025-08-12 18:31:49.363105113
2008,100361,Fechado,2025-08-12 20:26:21.055063551
7714,104344,Aberto,2025-08-13 10:14:00.000000000
7716,104344,Fechado,2025-08-13 11:55:12.511139373
7715,104344,Em Atendimento,2025-08-13 12:40:33.562648369
2542,108197,Aberto,2025-08-13 15:56:00.000000000
1666,100630,Aberto,2025-08-13 16:26:00.000000000
2377,108977,Aberto,2025-08-13 17:13:00.000000000
1667,100630,Em Atendimento,2025-08-13 17:59:49.622555810
2544,108197,Fechado,2025-08-13 18:00:25.070504779
6496,105038,Aberto,2025-08-13 18:01:00.000000000
2543,108197,Em Atendimento,2025-08-13 18:55:27.160682718
2927,106294,Aberto,2025-08-13 18:56:00.000000000
2928,106294,Em Atendimento,2025-08-13 20:39:57.336998349
6498,105038,Fechado,2025-08-13 22:01:36.077877925
6497,105038,Em Atendimento,2025-08-13 22:20:05.878013032
1668,100630,Fechado,2025-08-14 02:04:04.979652129
6617,101033,Aberto,2025-08-14 14:49:00.000000000
6061,109380,Aberto,2025-08-14 15:03:00.000000000
6619,101033,Fechado,2025-08-14 15:12:58.810135009
134,105899,Aberto,2025-08-14 16:41:00.000000000
5901,109970,Aberto,2025-08-14 17:22:00.000000000
136,105899,Fechado,2025-08-14 17:29:30.064876984
5902,109970,Em Atendimento,2025-08-14 18:27:48.714455291
6618,101033,Em Atendimento,2025-08-14 19:27:31.846750948
135,105899,Em Atendimento,2025-08-14 19:35:42.698217636
5955,106897,Aberto,2025-08-15 10:16:00.000000000
4441,104074,Aberto,2025-08-15 12:08:00.000000000
4443,104074,Fechado,2025-08-15 12:47:44.221462570
4442,104074,Em Atendimento,2025-08-15 14:26:29.430909133
4468,102005,Aberto,2025-08-15 14:36:00.000000000
5956,106897,Em Atendimento,2025-08-15 14:42:58.428949209
8850,101161,Aberto,2025-08-15 16:00:00.000000000
4470,102005,Fechado,2025-08-15 16:13:53.805726757
8851,101161,Em Atendimento,2025-08-15 19:11:08.882838365
4469,102005,Em Atendimento,2025-08-15 19:22:22.311788967
5957,106897,Fechado,2025-08-15 22:58:07.432633141
7770,101863,Aberto,2025-08-16 07:14:00.000000000
4651,108943,Aberto,2025-08-16 10:10:00.000000000
6777,100519,Aberto,2025-08-16 12:38:00.000000000
4652,108943,Em Atendimento,2025-08-16 12:57:13.565052567
6778,100519,Em Atendimento,2025-08-16 15:47:54.967478592
2695,106938,Aberto,2025-08-16 16:54:00.000000000
6779,100519,Fechado,2025-08-16 17:22:17.627143758
9074,102103,Aberto,2025-08-16 18:05:00.000000000
9075,102103,Em Atendimento,2025-08-16 18:52:40.495920062
9076,102103,Fechado,2025-08-16 19:06:07.388255748
2696,106938,Em Atendimento,2025-08-16 19:23:15.526903822
4653,108943,Fechado,2025-08-17 03:42:01.908594603
1474,107006,Aberto,2025-08-17 07:49:00.000000000
6101,103959,Aberto,2025-08-17 08:40:00.000000000
3488,101373,Aberto,2025-08-17 08:44:00.000000000
5678,109245,Aberto,2025-08-17 09:10:00.000000000
2923,108053,Aberto,2025-08-17 09:51:00.000000000
6103,103959,Fechado,2025-08-17 10:16:44.790564373
6102,103959,Em Atendimento,2025-08-17 10:35:29.309677682
8239,105521,Aberto,2025-08-17 10:55:00.000000000
1475,107006,Em Atendimento,2025-08-17 11:46:26.592025018
8240,105521,Em Atendimento,2025-08-17 11:56:16.242198713
3489,101373,Em Atendimento,2025-08-17 12:38:12.580785624
2929,108131,Aberto,2025-08-17 12:52:00.000000000
6724,105338,Aberto,2025-08-17 13:00:00.000000000
3645,100406,Aberto,2025-08-17 13:04:00.000000000
5679,109245,Em Atendimento,2025-08-17 13:12:39.698740045
3646,100406,Em Atendimento,2025-08-17 13:48:51.708439673
6726,105338,Fechado,2025-08-17 13:50:13.073630254
3490,101373,Fechado,2025-08-17 13:59:03.347523003
9038,108765,Aberto,2025-08-17 14:15:00.000000000
8241,105521,Fechado,2025-08-17 14:28:36.099392979
2930,108131,Em Atendimento,2025-08-17 14:46:14.973293433
7064,100313,Aberto,2025-08-17 15:31:00.000000000
255,106699,Aberto,2025-08-17 15:58:00.000000000
7065,100313,Em Atendimento,2025-08-17 16:54:37.304352482
1476,107006,Pendente,2025-08-17 16:55:40.683149596
9039,108765,Em Atendimento,2025-08-17 16:58:25.942324546
6725,105338,Em Atendimento,2025-08-17 17:30:51.898177919
5680,109245,Fechado,2025-08-17 17:55:07.207471206
550,108541,Aberto,2025-08-17 18:05:00.000000000
256,106699,Em Atendimento,2025-08-17 18:36:41.356471363
257,106699,Fechado,2025-08-17 18:51:15.287867116
9040,108765,Fechado,2025-08-17 19:05:15.686488183
551,108541,Em Atendimento,2025-08-17 22:41:41.720679608
7066,100313,Fechado,2025-08-17 23:54:34.696814398
2931,108131,Fechado,2025-08-18 01:18:48.205386880
8658,100028,Aberto,2025-08-18 07:49:00.000000000
7945,101632,Aberto,2025-08-18 07:57:00.000000000
8659,100028,Em Atendimento,2025-08-18 09:30:55.742362350
3452,107335,Aberto,2025-08-18 09:58:00.000000000
7946,101632,Em Atendimento,2025-08-18 10:07:17.473676700
5860,103736,Aberto,2025-08-18 10:31:00.000000000
3453,107335,Em Atendimento,2025-08-18 10:37:34.867670645
8660,100028,Fechado,2025-08-18 11:44:22.608887941
5861,103736,Em Atendimento,2025-08-18 12:15:05.655100101
5862,103736,Fechado,2025-08-18 13:34:40.952339236
7947,101632,Fechado,2025-08-18 21:04:36.514642497
3454,107335,Pendente,2025-08-18 21:22:18.602073110
4396,105983,Aberto,2025-08-19 12:21:00.000000000
8337,100503,Aberto,2025-08-19 13:01:00.000000000
406,102745,Aberto,2025-08-19 13:16:00.000000000
8338,100503,Em Atendimento,2025-08-19 13:42:15.129135879
4397,105983,Em Atendimento,2025-08-19 14:08:30.766659784
407,102745,Em Atendimento,2025-08-19 14:09:02.310611448
408,102745,Fechado,2025-08-19 16:37:50.547212359
8339,100503,Fechado,2025-08-19 18:31:29.503714780
4398,105983,Fechado,2025-08-19 22:31:51.351712622
8059,104058,Aberto,2025-08-20 08:15:00.000000000
8060,104058,Em Atendimento,2025-08-20 10:24:49.192437315
6258,105756,Aberto,2025-08-20 14:07:00.000000000
697,108820,Aberto,2025-08-20 14:11:00.000000000
1062,101838,Aberto,2025-08-20 14:52:00.000000000
9475,103610,Aberto,2025-08-20 14:58:00.000000000
6259,105756,Em Atendimento,2025-08-20 15:53:16.112266178
698,108820,Em Atendimento,2025-08-20 15:55:33.114643451
9476,103610,Em Atendimento,2025-08-20 17:44:51.544100524
1063,101838,Em Atendimento,2025-08-20 18:22:49.728343651
6260,105756,Fechado,2025-08-20 18:37:46.663177503
1064,101838,Pendente,2025-08-20 21:44:15.249606493
699,108820,Fechado,2025-08-20 22:37:08.997543337
9477,103610,Fechado,2025-08-21 00:33:35.740651736
2200,101127,Aberto,2025-08-21 07:02:00.000000000
7802,106735,Aberto,2025-08-21 07:27:00.000000000
7803,106735,Em Atendimento,2025-08-21 08:27:56.542866001
3568,100458,Aberto,2025-08-21 08:48:00.000000000
2201,101127,Em Atendimento,2025-08-21 10:37:31.301231977
3569,100458,Em Atendimento,2025-08-21 12:32:39.612261983
9080,100319,Aberto,2025-08-21 14:34:00.000000000
4073,105592,Aberto,2025-08-21 14:41:00.000000000
7804,106735,Pendente,2025-08-21 14:50:19.540469120
8453,109504,Aberto,2025-08-21 14:59:00.000000000
3570,100458,Fechado,2025-08-21 14:59:11.414276937
224,107251,Aberto,2025-08-21 15:57:00.000000000
9081,100319,Em Atendimento,2025-08-21 16:22:58.463157895
8455,109504,Fechado,2025-08-21 16:43:25.588897296
4075,105592,Fechado,2025-08-21 16:53:34.993508713
3006,102935,Aberto,2025-08-21 17:13:00.000000000
4662,101138,Aberto,2025-08-21 18:03:00.000000000
8454,109504,Em Atendimento,2025-08-21 18:18:53.081814061
9082,100319,Pendente,2025-08-21 18:29:41.368679603
3008,102935,Fechado,2025-08-21 18:52:10.346138830
4074,105592,Em Atendimento,2025-08-21 19:26:09.167126320
3007,102935,Em Atendimento,2025-08-21 19:32:02.061018787
4663,101138,Em Atendimento,2025-08-21 22:45:19.583659067
2571,106623,Aberto,2025-08-22 13:43:00.000000000
4664,101138,Fechado,2025-08-22 15:35:36.605362074
978,109454,Aberto,2025-08-22 17:36:00.000000000
980,109454,Fechado,2025-08-22 19:49:16.441072352
979,109454,Em Atendimento,2025-08-22 20:30:54.009007228
7557,107233,Aberto,2025-08-23 09:57:00.000000000
8360,100251,Aberto,2025-08-23 10:04:00.000000000
7558,107233,Em Atendimento,2025-08-23 10:13:38.625808563
8362,100251,Fechado,2025-08-23 10:34:05.715392896
6582,102496,Aberto,2025-08-23 10:37:00.000000000
5602,101932,Aberto,2025-08-23 11:26:00.000000000
6583,102496,Em Atendimento,2025-08-23 11:45:41.089513245
5903,106140,Aberto,2025-08-23 11:47:00.000000000
8361,100251,Em Atendimento,2025-08-23 12:25:55.430476264
5603,101932,Em Atendimento,2025-08-23 13:04:35.998766663
1709,109025,Aberto,2025-08-23 13:32:00.000000000
6584,102496,Fechado,2025-08-23 14:24:17.364532142
1710,109025,Em Atendimento,2025-08-23 15:09:54.504119469
5904,106140,Em Atendimento,2025-08-23 15:27:49.793846500
3971,109099,Aberto,2025-08-23 16:44:00.000000000
6001,108490,Aberto,2025-08-23 17:08:00.000000000
3827,106981,Aberto,2025-08-23 18:38:00.000000000
1711,109025,Fechado,2025-08-23 18:48:23.737744084
6003,108490,Fechado,2025-08-23 19:01:01.276554652
3973,109099,Fechado,2025-08-23 19:08:44.866566144
6002,108490,Em Atendimento,2025-08-23 20:29:05.677703946
3972,109099,Em Atendimento,2025-08-23 21:06:59.088493630
5604,101932,Pendente,2025-08-23 21:37:20.258712825
5905,106140,Fechado,2025-08-24 00:43:58.544878063
7559,107233,Fechado,2025-08-24 02:05:24.465185394
493,101226,Aberto,2025-08-24 07:54:00.000000000
494,101226,Em Atendimento,2025-08-24 08:27:32.122434393
495,101226,Fechado,2025-08-24 08:52:28.564522204
7481,107154,Aberto,2025-08-24 11:54:00.000000000
7482,107154,Em Atendimento,2025-08-24 13:31:27.428367061
7483,107154,Fechado,2025-08-24 13:45:28.476694584
7452,103882,Aberto,2025-08-24 16:46:00.000000000
541,101928,Aberto,2025-08-24 17:08:00.000000000
7453,103882,Em Atendimento,2025-08-24 17:38:09.267225438
2813,106378,Aberto,2025-08-24 18:01:00.000000000
543,101928,Fechado,2025-08-24 19:41:32.930705426
542,101928,Em Atendimento,2025-08-24 21:04:40.222813406
2814,106378,Em Atendimento,2025-08-24 22:03:44.318742610
7454,103882,Fechado,2025-08-24 22:18:07.545550696
2815,106378,Fechado,2025-08-24 22:57:39.202712534
9411,104191,Aberto,2025-08-25 08:15:00.000000000
9412,104191,Em Atendimento,2025-08-25 08:41:25.333513715
2715,104528,Aberto,2025-08-25 10:13:00.000000000
2717,104528,Fechado,2025-08-25 11:18:00.221326101
2716,104528,Em Atendimento,2025-08-25 12:20:30.370778901
9413,104191,Fechado,2025-08-25 12:31:36.211962187
3207,106953,Aberto,2025-08-25 15:07:00.000000000
2762,106259,Aberto,2025-08-25 15:48:00.000000000
2763,106259,Em Atendimento,2025-08-25 17:29:01.105135199
1746,103381,Aberto,2025-08-25 18:01:00.000000000
1748,103381,Fechado,2025-08-25 18:21:12.835908196
3208,106953,Em Atendimento,2025-08-25 19:44:28.811644753
3209,106953,Pendente,2025-08-25 22:06:38.481324551
1747,103381,Em Atendimento,2025-08-25 22:59:40.439119046
2764,106259,Fechado,2025-08-26 02:45:49.316137592
8411,104028,Aberto,2025-08-26 07:37:00.000000000
8413,104028,Fechado,2025-08-26 08:35:06.335088430
9019,108228,Aberto,2025-08-26 09:25:00.000000000
8412,104028,Em Atendimento,2025-08-26 09:29:38.579515668
9526,105634,Aberto,2025-08-26 10:15:00.000000000
9020,108228,Em Atendimento,2025-08-26 13:17:37.673475501
3204,103917,Aberto,2025-08-26 14:03:00.000000000
2937,107297,Aberto,2025-08-26 14:33:00.000000000
9021,108228,Pendente,2025-08-26 16:35:27.586820695
3205,103917,Em Atendimento,2025-08-26 17:15:59.705795258
2938,107297,Em Atendimento,2025-08-26 18:50:22.102160901
3206,103917,Pendente,2025-08-26 23:12:19.906907101
2939,107297,Fechado,2025-08-27 04:39:37.906844428
4556,104449,Aberto,2025-08-27 09:39:00.000000000
6049,100469,Aberto,2025-08-27 11:34:00.000000000
6279,107210,Aberto,2025-08-27 11:35:00.000000000
4557,104449,Em Atendimento,2025-08-27 12:40:25.590882650
6281,107210,Fechado,2025-08-27 13:07:15.114963876
6280,107210,Em Atendimento,2025-08-27 13:47:51.203202677
6050,100469,Em Atendimento,2025-08-27 14:05:11.407129460
4558,104449,Fechado,2025-08-27 16:21:26.824180939
5168,107886,Aberto,2025-08-27 17:45:00.000000000
6051,100469,Fechado,2025-08-27 18:24:56.547502911
5169,107886,Em Atendimento,2025-08-27 21:35:02.230802756
5170,107886,Fechado,2025-08-27 22:18:50.062285418
100,107403,Aberto,2025-08-28 10:51:00.000000000
101,107403,Em Atendimento,2025-08-28 14:52:56.544869919
5584,108251,Aberto,2025-08-28 18:16:00.000000000
102,107403,Fechado,2025-08-29 04:56:53.443482781
7795,108533,Aberto,2025-08-29 13:16:00.000000000
7796,108533,Em Atendimento,2025-08-29 18:03:37.628755900
4908,109206,Aberto,2025-08-29 18:14:00.000000000
4909,109206,Em Atendimento,2025-08-29 22:31:35.930697640
4910,109206,Fechado,2025-08-29 22:51:36.553447768
7797,108533,Fechado,2025-08-30 00:42:28.012332886
6090,107365,Aberto,2025-08-30 09:26:00.000000000
919,101837,Aberto,2025-08-30 10:10:00.000000000
6945,103476,Aberto,2025-08-30 12:24:00.000000000
8063,105734,Aberto,2025-08-30 13:10:00.000000000
6947,103476,Fechado,2025-08-30 13:54:33.996751855
33,109624,Aberto,2025-08-30 14:24:00.000000000
921,101837,Fechado,2025-08-30 14:35:35.660895103
920,101837,Em Atendimento,2025-08-30 15:00:09.547974772
8064,105734,Em Atendimento,2025-08-30 15:04:06.741849811
7255,101260,Aberto,2025-08-30 15:33:00.000000000
7184,101420,Aberto,2025-08-30 16:17:00.000000000
8065,105734,Fechado,2025-08-30 16:36:25.507633826
7257,101260,Fechado,2025-08-30 16:37:22.744656728
300,102965,Aberto,2025-08-30 16:58:00.000000000
6946,103476,Em Atendimento,2025-08-30 17:01:45.170496415
5848,100354,Aberto,2025-08-30 18:01:00.000000000
7256,101260,Em Atendimento,2025-08-30 18:32:12.321538212
301,102965,Em Atendimento,2025-08-30 21:06:15.506352407
5849,100354,Em Atendimento,2025-08-30 21:43:59.359088979
5850,100354,Pendente,2025-08-31 01:52:49.139534046
7747,109981,Aberto,2025-08-31 11:04:00.000000000
7749,109981,Fechado,2025-08-31 11:41:12.353147896
7748,109981,Em Atendimento,2025-08-31 12:48:25.754737681
7761,101028,Aberto,2025-08-31 13:53:00.000000000
3977,106554,Aberto,2025-08-31 14:06:00.000000000
9112,109227,Aberto,2025-08-31 15:11:00.000000000
3978,106554,Em Atendimento,2025-08-31 15:13:56.450734750
9113,109227,Em Atendimento,2025-08-31 15:59:06.693164458
4929,109630,Aberto,2025-08-31 16:23:00.000000000
7762,101028,Em Atendimento,2025-08-31 18:25:40.045008688
7763,101028,Fechado,2025-08-31 18:36:30.057598495
9114,109227,Fechado,2025-08-31 21:59:40.877236123
3979,106554,Fechado,2025-09-01 00:23:50.840020096
5079,109051,Aberto,2025-09-01 09:38:00.000000000
2828,109484,Aberto,2025-09-01 10:45:00.000000000
7808,108207,Aberto,2025-09-01 12:01:00.000000000
5080,109051,Em Atendimento,2025-09-01 12:08:02.397309488
2829,109484,Em Atendimento,2025-09-01 12:33:10.108319232
7809,108207,Em Atendimento,2025-09-01 14:02:14.083013360
7810,108207,Pendente,2025-09-01 15:24:36.506027336
5081,109051,Fechado,2025-09-01 16:01:38.186982495
7404,104239,Aberto,2025-09-02 07:31:00.000000000
6752,109314,Aberto,2025-09-02 07:54:00.000000000
9170,103212,Aberto,2025-09-02 09:34:00.000000000
7405,104239,Em Atendimento,2025-09-02 09:42:12.547944150
6753,109314,Em Atendimento,2025-09-02 09:43:17.424793554
9171,103212,Em Atendimento,2025-09-02 11:38:52.356831919
7406,104239,Fechado,2025-09-02 12:30:57.250227264
9172,103212,Fechado,2025-09-02 12:41:30.622969837
8251,102570,Aberto,2025-09-02 15:40:00.000000000
6754,109314,Pendente,2025-09-02 15:57:06.343865206
1427,107935,Aberto,2025-09-02 16:11:00.000000000
8252,102570,Em Atendimento,2025-09-02 17:24:25.442566856
1428,107935,Em Atendimento,2025-09-02 17:40:04.177243747
8253,102570,Fechado,2025-09-02 19:48:15.919131735
1429,107935,Fechado,2025-09-02 22:45:15.781967792
7073,107996,Aberto,2025-09-03 10:39:00.000000000
4870,104154,Aberto,2025-09-03 11:26:00.000000000
3064,105953,Aberto,2025-09-03 11:42:00.000000000
3128,104527,Aberto,2025-09-03 11:47:00.000000000
3066,105953,Fechado,2025-09-03 12:01:28.679810512
306,102632,Aberto,2025-09-03 12:27:00.000000000
6797,100078,Aberto,2025-09-03 14:47:00.000000000
3129,104527,Em Atendimento,2025-09-03 14:56:50.056442314
7074,107996,Em Atendimento,2025-09-03 15:12:51.813566284
7337,109779,Aberto,2025-09-03 15:14:00.000000000
4871,104154,Em Atendimento,2025-09-03 15:22:44.342150097
4872,104154,Fechado,2025-09-03 16:30:00.053498416
3065,105953,Em Atendimento,2025-09-03 16:34:42.295059024
1190,101344,Aberto,2025-09-03 16:54:00.000000000
307,102632,Em Atendimento,2025-09-03 16:56:52.506586734
1192,101344,Fechado,2025-09-03 17:46:21.843179508
6798,100078,Em Atendimento,2025-09-03 18:01:40.072718657
7339,109779,Fechado,2025-09-03 18:20:52.563303172
1191,101344,Em Atendimento,2025-09-03 19:05:55.316174195
7338,109779,Em Atendimento,2025-09-03 19:18:15.896887531
6799,100078,Fechado,2025-09-03 19:47:54.934527837
7075,107996,Fechado,2025-09-04 03:52:34.729154202
8265,103062,Aberto,2025-09-04 07:07:00.000000000
4351,103024,Aberto,2025-09-04 11:35:00.000000000
6600,108388,Aberto,2025-09-04 11:46:00.000000000
4352,103024,Em Atendimento,2025-09-04 12:13:17.276397419
4353,103024,Fechado,2025-09-04 12:35:00.019552834
2450,109583,Aberto,2025-09-04 12:43:00.000000000
2452,109583,Fechado,2025-09-04 13:07:30.289039891
2451,109583,Em Atendimento,2025-09-04 15:10:20.007348476
317,103526,Aberto,2025-09-04 16:26:00.000000000
318,103526,Em Atendimento,2025-09-04 17:14:42.670760543
3471,104206,Aberto,2025-09-04 18:57:00.000000000
3472,104206,Em Atendimento,2025-09-04 23:32:47.942524328
6969,101665,Aberto,2025-09-05 07:20:00.000000000
3473,104206,Fechado,2025-09-05 07:44:33.567547963
1413,103368,Aberto,2025-09-05 09:20:00.000000000
338,104358,Aberto,2025-09-05 10:30:00.000000000
340,104358,Fechado,2025-09-05 10:59:02.637316377
6970,101665,Em Atendimento,2025-09-05 12:00:23.625399873
1415,103368,Fechado,2025-09-05 12:07:06.395982990
1430,102281,Aberto,2025-09-05 13:37:00.000000000
1414,103368,Em Atendimento,2025-09-05 13:55:27.590102878
339,104358,Em Atendimento,2025-09-05 15:22:18.962386129
1432,102281,Fechado,2025-09-05 15:40:38.643334272
8402,103398,Aberto,2025-09-05 16:20:00.000000000
8403,103398,Em Atendimento,2025-09-05 17:22:07.159158359
1431,102281,Em Atendimento,2025-09-05 17:24:28.863000455
8404,103398,Fechado,2025-09-05 17:42:51.353077238
9303,105739,Aberto,2025-09-05 17:44:00.000000000
6971,101665,Pendente,2025-09-05 18:42:27.714407862
9305,105739,Fechado,2025-09-05 19:47:03.569326977
9304,105739,Em Atendimento,2025-09-05 20:42:58.079102637
2914,109198,Aberto,2025-09-06 08:19:00.000000000
7088,108902,Aberto,2025-09-06 09:32:00.000000000
2915,109198,Em Atendimento,2025-09-06 10:05:42.565224793
7089,108902,Em Atendimento,2025-09-06 10:13:38.682830407
8228,104933,Aberto,2025-09-06 12:58:00.000000000
1696,100465,Aberto,2025-09-06 13:18:00.000000000
7090,108902,Fechado,2025-09-06 13:50:30.330838256
4047,107337,Aberto,2025-09-06 13:56:00.000000000
8229,104933,Em Atendimento,2025-09-06 14:01:24.535639789
2916,109198,Fechado,2025-09-06 14:13:35.970476356
4049,107337,Fechado,2025-09-06 15:00:17.801616291
8230,104933,Fechado,2025-09-06 15:03:48.650967214
4050,105032,Aberto,2025-09-06 15:39:00.000000000
1697,100465,Em Atendimento,2025-09-06 15:57:33.749096261
4048,107337,Em Atendimento,2025-09-06 16:07:05.427053651
1698,100465,Fechado,2025-09-06 18:12:05.991875470
1973,107549,Aberto,2025-09-06 18:28:00.000000000
4051,105032,Em Atendimento,2025-09-06 18:41:39.334009316
4052,105032,Fechado,2025-09-06 19:01:43.337504978
1974,107549,Em Atendimento,2025-09-06 20:59:58.574733158
1975,107549,Fechado,2025-09-06 22:07:55.745255286
8340,109964,Aberto,2025-09-07 07:04:00.000000000
8341,109964,Em Atendimento,2025-09-07 07:56:38.857524725
4386,104125,Aberto,2025-09-07 14:32:00.000000000
734,107110,Aberto,2025-09-07 14:57:00.000000000
736,107110,Fechado,2025-09-07 15:16:35.421858490
1687,102105,Aberto,2025-09-07 15:39:00.000000000
8342,109964,Pendente,2025-09-07 16:17:43.366738221
4388,104125,Fechado,2025-09-07 16:23:23.714959093
4387,104125,Em Atendimento,2025-09-07 17:10:47.928057594
5211,104165,Aberto,2025-09-07 18:21:00.000000000
735,107110,Em Atendimento,2025-09-07 18:43:54.714704283
1688,102105,Em Atendimento,2025-09-07 19:17:50.619783326
5213,104165,Fechado,2025-09-07 19:36:07.602296637
1689,102105,Fechado,2025-09-07 20:56:04.643167901
5212,104165,Em Atendimento,2025-09-07 22:43:43.052630408
8158,104611,Aberto,2025-09-08 08:55:00.000000000
8160,104611,Fechado,2025-09-08 09:23:04.889212262
2281,106738,Aberto,2025-09-08 10:54:00.000000000
1859,101422,Aberto,2025-09-08 11:17:00.000000000
8159,104611,Em Atendimento,2025-09-08 11:19:05.090444625
1861,101422,Fechado,2025-09-08 12:28:10.155765843
1860,101422,Em Atendimento,2025-09-08 12:30:23.002513567
6767,100981,Aberto,2025-09-08 15:05:00.000000000
2282,106738,Em Atendimento,2025-09-08 15:05:30.912121187
8423,103587,Aberto,2025-09-08 16:10:00.000000000
893,104347,Aberto,2025-09-08 16:24:00.000000000
8425,103587,Fechado,2025-09-08 16:33:15.866076555
8424,103587,Em Atendimento,2025-09-08 17:54:59.528215986
894,104347,Em Atendimento,2025-09-08 18:22:25.689817010
895,104347,Fechado,2025-09-08 19:05:03.530075510
6768,100981,Em Atendimento,2025-09-08 19:59:33.408996587
6769,100981,Fechado,2025-09-09 01:38:01.745982615
2283,106738,Fechado,2025-09-09 05:49:58.293010113
3491,106096,Aberto,2025-09-09 09:50:00.000000000
3493,106096,Fechado,2025-09-09 12:11:37.933744071
3492,106096,Em Atendimento,2025-09-09 14:28:05.928778251
1616,100279,Aberto,2025-09-09 16:14:00.000000000
906,106168,Aberto,2025-09-09 17:16:00.000000000
908,106168,Fechado,2025-09-09 18:03:18.871087203
907,106168,Em Atendimento,2025-09-09 20:24:14.559556156
7957,105233,Aberto,2025-09-10 09:53:00.000000000
4378,107230,Aberto,2025-09-10 10:29:00.000000000
7958,105233,Em Atendimento,2025-09-10 10:56:53.831433552
1979,100256,Aberto,2025-09-10 11:09:00.000000000
7959,105233,Fechado,2025-09-10 13:35:54.257686930
4380,107230,Fechado,2025-09-10 13:57:25.315903621
1981,100256,Fechado,2025-09-10 14:05:27.200173779
5833,100186,Aberto,2025-09-10 14:18:00.000000000
4379,107230,Em Atendimento,2025-09-10 15:04:24.993214631
1980,100256,Em Atendimento,2025-09-10 15:53:57.273587915
5834,100186,Em Atendimento,2025-09-10 18:20:31.578958029
8000,100004,Aberto,2025-09-11 07:14:00.000000000
2578,101747,Aberto,2025-09-11 07:54:00.000000000
2579,101747,Em Atendimento,2025-09-11 08:19:48.435803217
8001,100004,Em Atendimento,2025-09-11 08:55:08.120762263
6224,109570,Aberto,2025-09-11 10:22:00.000000000
6456,108783,Aberto,2025-09-11 10:31:00.000000000
6226,109570,Fechado,2025-09-11 12:26:52.204771578
2580,101747,Fechado,2025-09-11 12:40:49.906456381
6457,108783,Em Atendimento,2025-09-11 12:46:28.540249524
8002,100004,Fechado,2025-09-11 13:25:42.536591538
5648,100652,Aberto,2025-09-11 14:28:00.000000000
6225,109570,Em Atendimento,2025-09-11 14:41:09.648474372
6458,108783,Fechado,2025-09-11 16:03:38.327446795
3441,100674,Aberto,2025-09-11 16:24:00.000000000
5650,100652,Fechado,2025-09-11 16:27:27.091938224
5649,100652,Em Atendimento,2025-09-11 18:07:51.662223205
3442,100674,Em Atendimento,2025-09-11 18:19:44.968908707
8496,105818,Aberto,2025-09-11 18:23:00.000000000
3443,100674,Fechado,2025-09-11 22:13:03.572363006
1505,109138,Aberto,2025-09-12 07:30:00.000000000
1506,109138,Em Atendimento,2025-09-12 08:35:20.689977010
1158,106126,Aberto,2025-09-12 10:12:00.000000000
4879,105902,Aberto,2025-09-12 10:30:00.000000000
4880,105902,Em Atendimento,2025-09-12 11:14:01.020098380
1160,106126,Fechado,2025-09-12 12:39:48.361560588
6520,103992,Aberto,2025-09-12 13:16:00.000000000
5441,106608,Aberto,2025-09-12 13:37:00.000000000
4881,105902,Fechado,2025-09-12 13:51:32.571951706
607,108905,Aberto,2025-09-12 13:53:00.000000000
5889,109520,Aberto,2025-09-12 13:58:00.000000000
1159,106126,Em Atendimento,2025-09-12 14:44:17.604158490
5890,109520,Em Atendimento,2025-09-12 14:46:58.771945328
6521,103992,Em Atendimento,2025-09-12 14:52:31.229039908
609,108905,Fechado,2025-09-12 15:48:40.382408470
608,108905,Em Atendimento,2025-09-12 15:54:47.532688855
6522,103992,Fechado,2025-09-12 16:22:48.008692562
6915,104792,Aberto,2025-09-12 16:45:00.000000000
5442,106608,Em Atendimento,2025-09-12 17:44:55.215745873
5443,106608,Fechado,2025-09-12 17:58:39.800414977
431,107968,Aberto,2025-09-12 18:11:00.000000000
1507,109138,Fechado,2025-09-12 18:56:35.930038830
6916,104792,Em Atendimento,2025-09-12 19:41:05.535335925
432,107968,Em Atendimento,2025-09-12 20:45:51.988032909
433,107968,Fechado,2025-09-13 02:13:35.930089431
5337,109014,Aberto,2025-09-13 08:27:00.000000000
5338,109014,Em Atendimento,2025-09-13 09:19:14.137797327
1489,103092,Aberto,2025-09-13 11:04:00.000000000
8941,109880,Aberto,2025-09-13 13:18:00.000000000
322,100351,Aberto,2025-09-13 14:22:00.000000000
8942,109880,Em Atendimento,2025-09-13 14:26:57.990418821
5339,109014,Fechado,2025-09-13 14:52:35.833788717
1491,103092,Fechado,2025-09-13 15:04:50.450515156
324,100351,Fechado,2025-09-13 15:46:19.094187258
1490,103092,Em Atendimento,2025-09-13 16:02:47.651151847
323,100351,Em Atendimento,2025-09-13 17:09:17.933352897
878,104354,Aberto,2025-09-13 17:35:00.000000000
8943,109880,Fechado,2025-09-13 18:18:56.856739118
879,104354,Em Atendimento,2025-09-13 20:11:28.160865494
880,104354,Fechado,2025-09-13 20:29:24.163336119
5346,100477,Aberto,2025-09-14 07:17:00.000000000
8432,101196,Aberto,2025-09-14 09:23:00.000000000
5742,107163,Aberto,2025-09-14 09:43:00.000000000
5347,100477,Em Atendimento,2025-09-14 10:53:37.944795780
8810,106384,Aberto,2025-09-14 11:20:00.000000000
5348,100477,Fechado,2025-09-14 11:29:22.130209566
5158,102705,Aberto,2025-09-14 11:36:00.000000000
8811,106384,Em Atendimento,2025-09-14 11:50:33.228137115
5159,102705,Em Atendimento,2025-09-14 12:08:36.673544626
8433,101196,Em Atendimento,2025-09-14 12:12:02.842683268
4966,108249,Aberto,2025-09-14 12:13:00.000000000
4876,109769,Aberto,2025-09-14 12:13:00.000000000
8434,101196,Pendente,2025-09-14 12:33:24.813942491
5743,107163,Em Atendimento,2025-09-14 12:37:22.281147833
8334,108868,Aberto,2025-09-14 13:55:00.000000000
4878,109769,Fechado,2025-09-14 14:01:52.398232790
4877,109769,Em Atendimento,2025-09-14 14:11:13.412500319
8335,108868,Em Atendimento,2025-09-14 14:38:26.056091728
5744,107163,Fechado,2025-09-14 14:44:45.007198492
4967,108249,Em Atendimento,2025-09-14 16:15:54.338256243
8812,106384,Fechado,2025-09-14 16:51:56.655104246
8336,108868,Fechado,2025-09-14 23:28:31.255979565
5160,102705,Fechado,2025-09-15 07:42:29.209881333
7817,103358,Aberto,2025-09-15 08:34:00.000000000
6135,101119,Aberto,2025-09-15 08:49:00.000000000
4866,105812,Aberto,2025-09-15 09:01:00.000000000
6136,101119,Em Atendimento,2025-09-15 09:28:51.901962128
6126,104382,Aberto,2025-09-15 10:46:00.000000000
9275,103737,Aberto,2025-09-15 11:48:00.000000000
6128,104382,Fechado,2025-09-15 11:51:11.066239820
9277,103737,Fechado,2025-09-15 12:21:17.905538322
7818,103358,Em Atendimento,2025-09-15 12:39:25.307067441
7819,103358,Fechado,2025-09-15 13:19:54.537621339
9362,107150,Aberto,2025-09-15 13:52:00.000000000
4384,102492,Aberto,2025-09-15 14:30:00.000000000
9364,107150,Fechado,2025-09-15 14:36:21.718675449
6127,104382,Em Atendimento,2025-09-15 15:10:09.237420871
9276,103737,Em Atendimento,2025-09-15 15:27:38.013724399
9363,107150,Em Atendimento,2025-09-15 16:32:34.728741470
4385,102492,Em Atendimento,2025-09-15 17:02:51.416465437
7155,105764,Aberto,2025-09-15 18:19:00.000000000
3105,109888,Aberto,2025-09-16 07:39:00.000000000
3106,109888,Em Atendimento,2025-09-16 08:07:09.778899024
4204,109775,Aberto,2025-09-16 08:25:00.000000000
9530,108832,Aberto,2025-09-16 13:57:00.000000000
9531,108832,Em Atendimento,2025-09-16 14:50:28.298267172
9532,108832,Fechado,2025-09-16 15:37:36.904335067
8615,105803,Aberto,2025-09-16 17:06:00.000000000
6408,101637,Aberto,2025-09-16 17:50:00.000000000
8854,106386,Aberto,2025-09-16 18:41:00.000000000
8855,106386,Em Atendimento,2025-09-16 19:30:02.975540031
6409,101637,Em Atendimento,2025-09-16 20:47:46.239011654
8856,106386,Fechado,2025-09-16 21:35:51.180443924
8616,105803,Em Atendimento,2025-09-16 22:05:43.154365422
6410,101637,Pendente,2025-09-17 01:22:51.070752462
3107,109888,Fechado,2025-09-17 03:41:13.237001879
520,103810,Aberto,2025-09-17 07:43:00.000000000
7906,101770,Aberto,2025-09-17 07:55:00.000000000
3764,102235,Aberto,2025-09-17 08:13:00.000000000
7907,101770,Em Atendimento,2025-09-17 08:53:35.067452728
521,103810,Em Atendimento,2025-09-17 09:59:41.361671554
5626,109861,Aberto,2025-09-17 10:53:00.000000000
3765,102235,Em Atendimento,2025-09-17 11:23:47.539695435
5627,109861,Em Atendimento,2025-09-17 11:49:33.945246835
5819,102053,Aberto,2025-09-17 12:07:00.000000000
5820,102053,Em Atendimento,2025-09-17 12:44:43.176164141
6998,103017,Aberto,2025-09-17 12:49:00.000000000
522,103810,Fechado,2025-09-17 12:50:30.386695979
8617,105803,Fechado,2025-09-17 13:22:06.927988872
5863,109891,Aberto,2025-09-17 13:53:00.000000000
7908,101770,Fechado,2025-09-17 14:45:29.231175782
5628,109861,Fechado,2025-09-17 14:46:32.056565438
6999,103017,Em Atendimento,2025-09-17 15:28:30.350875453
7744,102224,Aberto,2025-09-17 15:47:00.000000000
5865,109891,Fechado,2025-09-17 16:02:42.011906209
7000,103017,Fechado,2025-09-17 16:12:43.766878311
7746,102224,Fechado,2025-09-17 16:13:02.771694772
5821,102053,Pendente,2025-09-17 16:37:25.964418625
5864,109891,Em Atendimento,2025-09-17 17:24:04.096705129
7745,102224,Em Atendimento,2025-09-17 18:48:48.721576274
4059,102712,Aberto,2025-09-17 18:52:00.000000000
3766,102235,Fechado,2025-09-17 19:17:00.821145219
4060,102712,Em Atendimento,2025-09-17 22:30:54.247521233
7123,102077,Aberto,2025-09-18 10:52:00.000000000
7124,102077,Em Atendimento,2025-09-18 12:12:18.878819423
2881,101374,Aberto,2025-09-18 13:25:00.000000000
9308,101066,Aberto,2025-09-18 13:33:00.000000000
7125,102077,Fechado,2025-09-18 14:55:42.808479120
9309,101066,Em Atendimento,2025-09-18 15:39:51.398234942
2882,101374,Em Atendimento,2025-09-18 15:46:02.992537301
2883,101374,Fechado,2025-09-18 15:53:07.610433420
1543,108263,Aberto,2025-09-18 17:32:00.000000000
8470,103510,Aberto,2025-09-18 18:21:00.000000000
1545,108263,Fechado,2025-09-18 18:23:52.160284987
9310,101066,Fechado,2025-09-18 19:17:24.779976640
8471,103510,Em Atendimento,2025-09-18 19:17:48.581054200
8472,103510,Fechado,2025-09-18 21:30:17.298356292
1544,108263,Em Atendimento,2025-09-18 22:02:44.498586639
8928,106016,Aberto,2025-09-19 07:34:00.000000000
8929,106016,Em Atendimento,2025-09-19 08:05:13.653476379
2483,108792,Aberto,2025-09-19 12:29:00.000000000
2485,108792,Fechado,2025-09-19 13:25:49.425285656
2484,108792,Em Atendimento,2025-09-19 14:36:30.541371238
9447,101091,Aberto,2025-09-19 15:07:00.000000000
6396,102568,Aberto,2025-09-19 16:21:00.000000000
9448,101091,Em Atendimento,2025-09-19 19:26:12.922486695
6397,102568,Em Atendimento,2025-09-19 20:38:44.645931956
6398,102568,Fechado,2025-09-19 23:12:01.956826846
703,109236,Aberto,2025-09-20 13:50:00.000000000
5230,106406,Aberto,2025-09-21 09:54:00.000000000
5231,106406,Em Atendimento,2025-09-21 13:04:47.606301036
4694,103858,Aberto,2025-09-21 13:07:00.000000000
9402,109982,Aberto,2025-09-21 14:57:00.000000000
5232,106406,Pendente,2025-09-21 14:58:40.015042531
4696,103858,Fechado,2025-09-21 15:03:14.721547768
8664,109039,Aberto,2025-09-21 15:24:00.000000000
9404,109982,Fechado,2025-09-21 15:59:08.486755004
9403,109982,Em Atendimento,2025-09-21 16:47:25.994044072
8666,109039,Fechado,2025-09-21 16:52:15.003453799
6075,100106,Aberto,2025-09-21 17:03:00.000000000
4695,103858,Em Atendimento,2025-09-21 17:31:51.682133327
1145,100767,Aberto,2025-09-21 18:11:00.000000000
6076,100106,Em Atendimento,2025-09-21 18:27:23.869984726
1147,100767,Fechado,2025-09-21 18:29:00.000000000
1759,100788,Aberto,2025-09-21 18:32:00.000000000
6077,100106,Fechado,2025-09-21 18:34:35.782350635
4930,101282,Aberto,2025-09-21 18:42:00.000000000
8665,109039,Em Atendimento,2025-09-21 18:46:51.897010806
1146,100767,Em Atendimento,2025-09-21 19:16:39.162498108
1761,100788,Fechado,2025-09-21 20:47:18.457846585
1760,100788,Em Atendimento,2025-09-21 21:22:25.347053713
4932,101282,Fechado,2025-09-21 21:55:22.024846038
4931,101282,Em Atendimento,2025-09-21 22:27:29.628771126
4401,103060,Aberto,2025-09-22 08:53:00.000000000
4211,108698,Aberto,2025-09-22 08:53:00.000000000
5089,105303,Aberto,2025-09-22 10:06:00.000000000
4212,108698,Em Atendimento,2025-09-22 10:19:48.322612135
3845,102248,Aberto,2025-09-22 10:26:00.000000000
4802,104853,Aberto,2025-09-22 10:34:00.000000000
4213,108698,Fechado,2025-09-22 11:25:20.936895270
5021,107795,Aberto,2025-09-22 12:07:00.000000000
5090,105303,Em Atendimento,2025-09-22 12:20:19.456357410
3684,109287,Aberto,2025-09-22 14:19:00.000000000
3846,102248,Em Atendimento,2025-09-22 14:27:05.266210662
4803,104853,Em Atendimento,2025-09-22 14:48:16.464752564
7689,102338,Aberto,2025-09-22 15:26:00.000000000
9320,105551,Aberto,2025-09-22 15:32:00.000000000
5022,107795,Em Atendimento,2025-09-22 15:43:07.419331551
4804,104853,Pendente,2025-09-22 16:10:10.553087755
4848,104049,Aberto,2025-09-22 16:25:00.000000000
3685,109287,Em Atendimento,2025-09-22 18:04:25.967360032
4849,104049,Em Atendimento,2025-09-22 18:19:26.660903510
5596,108322,Aberto,2025-09-22 18:27:00.000000000
7690,102338,Em Atendimento,2025-09-22 18:28:56.824341432
9321,105551,Em Atendimento,2025-09-22 18:41:11.134851823
4850,104049,Fechado,2025-09-22 19:05:48.053632126
7691,102338,Fechado,2025-09-22 19:48:16.131066902
5091,105303,Pendente,2025-09-22 21:00:59.800684766
3847,102248,Fechado,2025-09-22 22:30:58.328338994
5597,108322,Em Atendimento,2025-09-22 23:15:29.044988331
5598,108322,Fechado,2025-09-23 00:39:57.951390074
5023,107795,Fechado,2025-09-23 05:57:18.456291092
1762,108796,Aberto,2025-09-23 11:12:00.000000000
1763,108796,Em Atendimento,2025-09-23 12:47:13.636127649
1129,103914,Aberto,2025-09-23 15:08:00.000000000
6642,102478,Aberto,2025-09-23 15:38:00.000000000
6644,102478,Fechado,2025-09-23 16:21:42.022312096
9215,106014,Aberto,2025-09-23 16:36:00.000000000
1131,103914,Fechado,2025-09-23 17:05:20.835272394
6643,102478,Em Atendimento,2025-09-23 17:17:33.288969549
1130,103914,Em Atendimento,2025-09-23 17:30:14.426758791
1764,108796,Pendente,2025-09-23 17:45:38.551355578
3213,109358,Aberto,2025-09-23 18:05:00.000000000
5722,105580,Aberto,2025-09-23 18:13:00.000000000
3647,109125,Aberto,2025-09-23 18:30:00.000000000
9217,106014,Fechado,2025-09-23 19:33:16.108537752
9216,106014,Em Atendimento,2025-09-23 20:22:48.831367469
5724,105580,Fechado,2025-09-23 20:25:30.535300177
3649,109125,Fechado,2025-09-23 20:48:48.565278810
3215,109358,Fechado,2025-09-23 21:11:19.928589771
3648,109125,Em Atendimento,2025-09-23 21:51:52.281341341
5723,105580,Em Atendimento,2025-09-23 22:09:47.736823840
3214,109358,Em Atendimento,2025-09-23 23:02:08.755260659
6852,105672,Aberto,2025-09-24 07:24:00.000000000
5620,101056,Aberto,2025-09-24 08:03:00.000000000
5621,101056,Em Atendimento,2025-09-24 09:18:03.002899478
6854,105672,Fechado,2025-09-24 10:00:52.010489804
6230,108993,Aberto,2025-09-24 10:59:00.000000000
6853,105672,Em Atendimento,2025-09-24 12:14:17.749340064
7500,107386,Aberto,2025-09-24 12:33:00.000000000
6231,108993,Em Atendimento,2025-09-24 12:34:27.251862733
7501,107386,Em Atendimento,2025-09-24 13:32:45.085463174
6232,108993,Pendente,2025-09-24 14:31:27.245739308
633,102629,Aberto,2025-09-24 15:09:00.000000000
7112,102949,Aberto,2025-09-24 15:59:00.000000000
7502,107386,Fechado,2025-09-24 16:09:21.976999426
635,102629,Fechado,2025-09-24 18:04:48.444147811
425,105104,Aberto,2025-09-24 18:18:00.000000000
7113,102949,Em Atendimento,2025-09-24 18:37:59.776270924
6402,108550,Aberto,2025-09-24 18:51:00.000000000
427,105104,Fechado,2025-09-24 19:03:28.088123994
426,105104,Em Atendimento,2025-09-24 19:15:12.498440398
634,102629,Em Atendimento,2025-09-24 19:40:26.475611075
5622,101056,Fechado,2025-09-24 19:47:32.824934509
6403,108550,Em Atendimento,2025-09-24 21:43:18.913332460
6404,108550,Pendente,2025-09-25 01:27:26.967734710
7910,100861,Aberto,2025-09-25 09:36:00.000000000
5590,104788,Aberto,2025-09-25 10:03:00.000000000
3720,100933,Aberto,2025-09-25 10:04:00.000000000
5591,104788,Em Atendimento,2025-09-25 10:19:37.491330061
3722,100933,Fechado,2025-09-25 10:58:50.442458097
2531,108739,Aberto,2025-09-25 11:40:00.000000000
2532,108739,Em Atendimento,2025-09-25 12:40:06.298995188
5592,104788,Fechado,2025-09-25 12:56:11.952610303
2110,107567,Aberto,2025-09-25 13:17:00.000000000
3721,100933,Em Atendimento,2025-09-25 13:17:15.202432396
1065,106240,Aberto,2025-09-25 13:48:00.000000000
7911,100861,Em Atendimento,2025-09-25 13:59:24.274245123
1067,106240,Fechado,2025-09-25 14:16:24.074683543
2111,107567,Em Atendimento,2025-09-25 14:18:19.811871673
9059,107954,Aberto,2025-09-25 16:04:00.000000000
2112,107567,Fechado,2025-09-25 16:35:52.417292504
9060,107954,Em Atendimento,2025-09-25 17:00:37.691491387
1066,106240,Em Atendimento,2025-09-25 17:41:05.157190203
6081,108056,Aberto,2025-09-25 18:59:00.000000000
7912,100861,Pendente,2025-09-25 19:38:44.629295775
9061,107954,Fechado,2025-09-25 19:45:02.073733738
6082,108056,Em Atendimento,2025-09-25 22:09:29.069671553
6083,108056,Fechado,2025-09-25 22:17:52.943564221
2533,108739,Fechado,2025-09-25 23:19:26.833782340
6711,108920,Aberto,2025-09-26 07:11:00.000000000
6712,108920,Em Atendimento,2025-09-26 07:36:43.763321288
6713,108920,Fechado,2025-09-26 09:47:26.475545257
2676,103575,Aberto,2025-09-26 11:59:00.000000000
8830,102233,Aberto,2025-09-26 12:33:00.000000000
8867,106709,Aberto,2025-09-26 12:44:00.000000000
4486,104097,Aberto,2025-09-26 14:07:00.000000000
2677,103575,Em Atendimento,2025-09-26 14:20:48.021336196
8024,108185,Aberto,2025-09-26 14:24:00.000000000
4487,104097,Em Atendimento,2025-09-26 15:08:36.589121539
8026,108185,Fechado,2025-09-26 15:23:39.212736622
790,103679,Aberto,2025-09-26 16:16:00.000000000
2678,103575,Fechado,2025-09-26 17:20:43.790017244
8868,106709,Em Atendimento,2025-09-26 17:23:50.143319374
8869,106709,Fechado,2025-09-26 18:04:22.798844779
8025,108185,Em Atendimento,2025-09-26 18:09:13.494195695
791,103679,Em Atendimento,2025-09-26 19:31:19.667272907
4488,104097,Fechado,2025-09-26 20:37:54.081028702
9302,107271,Aberto,2025-09-27 08:16:00.000000000
7927,100609,Aberto,2025-09-27 08:50:00.000000000
7929,100609,Fechado,2025-09-27 10:03:27.916211424
7928,100609,Em Atendimento,2025-09-27 10:25:01.011116382
792,103679,Fechado,2025-09-27 12:46:51.477778702
3159,105230,Aberto,2025-09-27 16:32:00.000000000
1946,106603,Aberto,2025-09-27 16:53:00.000000000
9492,107497,Aberto,2025-09-27 17:03:00.000000000
691,103963,Aberto,2025-09-27 17:55:00.000000000
9493,107497,Em Atendimento,2025-09-27 18:42:51.726819342
692,103963,Em Atendimento,2025-09-27 19:25:10.035297298
1947,106603,Em Atendimento,2025-09-27 19:39:55.982432503
9494,107497,Fechado,2025-09-27 19:56:43.525730648
693,103963,Fechado,2025-09-27 21:03:16.092633858
1948,106603,Fechado,2025-09-27 21:58:03.679270742
4286,109844,Aberto,2025-09-28 07:12:00.000000000
9218,103936,Aberto,2025-09-28 08:17:00.000000000
9219,103936,Em Atendimento,2025-09-28 09:00:21.564419969
3003,107974,Aberto,2025-09-28 09:57:00.000000000
4288,109844,Fechado,2025-09-28 09:58:19.756500474
3005,107974,Fechado,2025-09-28 10:15:00.000000000
3004,107974,Em Atendimento,2025-09-28 11:19:40.439870721
4287,109844,Em Atendimento,2025-09-28 12:08:56.129576253
9147,109922,Aberto,2025-09-28 12:33:00.000000000
9148,109922,Em Atendimento,2025-09-28 13:02:20.078078254
9220,103936,Fechado,2025-09-28 15:03:07.833594716
9149,109922,Fechado,2025-09-28 15:18:01.416312565
5092,105245,Aberto,2025-09-28 16:11:00.000000000
6588,108018,Aberto,2025-09-28 16:47:00.000000000
7375,106490,Aberto,2025-09-28 17:23:00.000000000
3444,108253,Aberto,2025-09-28 17:51:00.000000000
5093,105245,Em Atendimento,2025-09-28 18:12:40.928912327
6589,108018,Em Atendimento,2025-09-28 18:37:59.582697674
3445,108253,Em Atendimento,2025-09-28 18:48:09.303590361
6590,108018,Fechado,2025-09-28 20:49:32.796496600
7376,106490,Em Atendimento,2025-09-28 21:07:38.755882744
3446,108253,Fechado,2025-09-29 00:46:45.869218496
6421,109593,Aberto,2025-09-29 10:47:00.000000000
4147,106933,Aberto,2025-09-29 12:37:00.000000000
6422,109593,Em Atendimento,2025-09-29 13:40:00.828511336
2245,102278,Aberto,2025-09-29 15:09:00.000000000
6423,109593,Fechado,2025-09-29 16:10:28.108798044
2246,102278,Em Atendimento,2025-09-29 16:21:26.782403638
2581,103171,Aberto,2025-09-29 16:28:00.000000000
4148,106933,Em Atendimento,2025-09-29 16:44:28.297114204
2583,103171,Fechado,2025-09-29 20:44:28.921586116
2582,103171,Em Atendimento,2025-09-29 21:11:03.810507266
2247,102278,Fechado,2025-09-29 23:10:02.527835433
4149,106933,Fechado,2025-09-29 23:31:54.363456572
3974,105166,Aberto,2025-09-30 08:40:00.000000000
3976,105166,Fechado,2025-09-30 09:09:48.260224143
6918,105389,Aberto,2025-09-30 09:37:00.000000000
6920,105389,Fechado,2025-09-30 10:06:31.979836550
6919,105389,Em Atendimento,2025-09-30 10:46:54.397115917
3975,105166,Em Atendimento,2025-09-30 11:23:34.428065682
2591,104061,Aberto,2025-09-30 17:04:00.000000000
2593,104061,Fechado,2025-09-30 18:15:35.709897976
1406,101225,Aberto,2025-09-30 18:19:00.000000000
1407,101225,Em Atendimento,2025-09-30 20:24:03.873505731
2592,104061,Em Atendimento,2025-09-30 20:56:50.549988201
1408,101225,Fechado,2025-10-01 01:48:36.170288775
4229,103074,Aberto,2025-10-01 07:29:00.000000000
5854,105072,Aberto,2025-10-01 09:32:00.000000000
4231,103074,Fechado,2025-10-01 10:09:48.399883633
4230,103074,Em Atendimento,2025-10-01 10:26:28.933526606
7856,107066,Aberto,2025-10-01 11:28:00.000000000
5856,105072,Fechado,2025-10-01 12:07:21.517961560
7857,107066,Em Atendimento,2025-10-01 12:21:08.636129705
5855,105072,Em Atendimento,2025-10-01 12:31:03.867943367
1601,109328,Aberto,2025-10-01 14:19:00.000000000
479,100983,Aberto,2025-10-01 14:36:00.000000000
1593,103012,Aberto,2025-10-01 14:51:00.000000000
1602,109328,Em Atendimento,2025-10-01 14:55:38.810170100
481,100983,Fechado,2025-10-01 17:27:41.650249474
480,100983,Em Atendimento,2025-10-01 17:36:25.367327579
1594,103012,Em Atendimento,2025-10-01 17:37:05.601982734
529,101236,Aberto,2025-10-01 17:39:00.000000000
5199,102846,Aberto,2025-10-01 18:31:00.000000000
1603,109328,Fechado,2025-10-01 18:53:46.963798413
531,101236,Fechado,2025-10-01 19:08:22.324313065
530,101236,Em Atendimento,2025-10-01 21:27:57.154933384
5200,102846,Em Atendimento,2025-10-01 23:16:10.714841293
1595,103012,Fechado,2025-10-02 02:26:35.243526109
7858,107066,Fechado,2025-10-02 05:36:19.684955072
3015,107509,Aberto,2025-10-02 07:35:00.000000000
11,109979,Aberto,2025-10-02 07:53:00.000000000
5201,102846,Fechado,2025-10-02 07:59:19.769353701
5894,105788,Aberto,2025-10-02 08:15:00.000000000
5895,105788,Em Atendimento,2025-10-02 09:54:18.757975573
3016,107509,Em Atendimento,2025-10-02 10:24:02.743507610
13,109979,Pendente,2025-10-02 11:57:00.034108079
3017,107509,Fechado,2025-10-02 12:45:29.903306437
12,109979,Em Atendimento,2025-10-02 12:47:04.003133121
5896,105788,Fechado,2025-10-02 12:56:11.107062884
8448,108463,Aberto,2025-10-02 17:52:00.000000000
8676,100915,Aberto,2025-10-02 18:28:00.000000000
8450,108463,Fechado,2025-10-02 19:20:02.744216878
8449,108463,Em Atendimento,2025-10-02 20:32:15.675925312
8677,100915,Em Atendimento,2025-10-02 22:54:44.681836412
8678,100915,Fechado,2025-10-02 23:00:22.382143551
3526,105624,Aberto,2025-10-03 07:36:00.000000000
7020,104004,Aberto,2025-10-03 07:48:00.000000000
3527,105624,Em Atendimento,2025-10-03 10:07:10.365565606
7022,104004,Fechado,2025-10-03 11:15:04.699252422
3033,103784,Aberto,2025-10-03 11:40:00.000000000
7021,104004,Em Atendimento,2025-10-03 11:48:50.506097968
1914,103862,Aberto,2025-10-03 12:24:00.000000000
3528,105624,Fechado,2025-10-03 12:25:09.510818469
2997,101389,Aberto,2025-10-03 13:09:00.000000000
2998,101389,Em Atendimento,2025-10-03 13:24:04.140852786
2999,101389,Fechado,2025-10-03 13:28:43.309000988
1915,103862,Em Atendimento,2025-10-03 13:48:04.306711528
3034,103784,Em Atendimento,2025-10-03 14:49:07.624567726
3878,108141,Aberto,2025-10-03 16:46:00.000000000
3879,108141,Em Atendimento,2025-10-03 17:23:17.013086691
3880,108141,Pendente,2025-10-04 01:21:43.919490691
1916,103862,Fechado,2025-10-04 04:19:29.374633038
3792,100035,Aberto,2025-10-04 07:29:00.000000000
3794,100035,Fechado,2025-10-04 07:57:24.537154540
7284,106038,Aberto,2025-10-04 08:45:00.000000000
7286,106038,Fechado,2025-10-04 10:10:54.129822870
3793,100035,Em Atendimento,2025-10-04 10:39:58.253574405
9383,102263,Aberto,2025-10-04 11:54:00.000000000
6670,107752,Aberto,2025-10-04 12:03:00.000000000
9384,102263,Em Atendimento,2025-10-04 12:08:03.967548967
7285,106038,Em Atendimento,2025-10-04 12:17:00.096484000
3409,108540,Aberto,2025-10-04 12:19:00.000000000
8497,106200,Aberto,2025-10-04 13:51:00.000000000
9385,102263,Fechado,2025-10-04 14:09:39.189461990
6686,102678,Aberto,2025-10-04 14:11:00.000000000
3410,108540,Em Atendimento,2025-10-04 14:11:18.996307048
6671,107752,Em Atendimento,2025-10-04 14:24:24.124888212
3723,109843,Aberto,2025-10-04 15:27:00.000000000
3724,109843,Em Atendimento,2025-10-04 16:59:06.737130137
6688,102678,Fechado,2025-10-04 17:22:17.226666351
3725,109843,Fechado,2025-10-04 18:12:55.427510473
6687,102678,Em Atendimento,2025-10-04 18:41:47.609389810
8661,102587,Aberto,2025-10-05 08:09:00.000000000
5774,106730,Aberto,2025-10-05 08:50:00.000000000
6005,109744,Aberto,2025-10-05 09:48:00.000000000
916,101145,Aberto,2025-10-05 10:01:00.000000000
8662,102587,Em Atendimento,2025-10-05 10:15:36.731981267
6006,109744,Em Atendimento,2025-10-05 10:43:11.971574340
6384,107801,Aberto,2025-10-05 11:09:00.000000000
3357,108172,Aberto,2025-10-05 11:46:00.000000000
5775,106730,Em Atendimento,2025-10-05 12:08:20.117893994
6013,105305,Aberto,2025-10-05 12:20:00.000000000
6385,107801,Em Atendimento,2025-10-05 13:05:44.164033745
4950,101948,Aberto,2025-10-05 13:09:00.000000000
3358,108172,Em Atendimento,2025-10-05 14:05:43.095167311
917,101145,Em Atendimento,2025-10-05 14:13:32.291597920
3359,108172,Fechado,2025-10-05 14:19:09.207264268
918,101145,Fechado,2025-10-05 14:44:24.405490394
3411,108540,Fechado,2025-10-05 15:26:05.827737486
4951,101948,Em Atendimento,2025-10-05 15:51:32.032297884
6014,105305,Em Atendimento,2025-10-05 16:27:22.914653799
4952,101948,Fechado,2025-10-05 16:56:31.288145586
6007,109744,Fechado,2025-10-05 18:49:14.580726963
8663,102587,Pendente,2025-10-05 19:00:08.360703434
6015,105305,Fechado,2025-10-05 19:28:02.805805103
6386,107801,Fechado,2025-10-06 07:24:08.729836718
7971,106092,Aberto,2025-10-06 11:14:00.000000000
9449,101487,Aberto,2025-10-06 11:33:00.000000000
6058,105789,Aberto,2025-10-06 12:03:00.000000000
7973,106092,Fechado,2025-10-06 12:42:19.080687151
9451,101487,Fechado,2025-10-06 14:30:31.073764341
9450,101487,Em Atendimento,2025-10-06 14:40:20.716503899
6059,105789,Em Atendimento,2025-10-06 14:41:44.499327455
3937,105441,Aberto,2025-10-06 14:56:00.000000000
4243,108860,Aberto,2025-10-06 15:07:00.000000000
4735,102504,Aberto,2025-10-06 15:19:00.000000000
7972,106092,Em Atendimento,2025-10-06 15:34:13.963079069
3938,105441,Em Atendimento,2025-10-06 16:17:41.808757080
3939,105441,Fechado,2025-10-06 16:19:07.310295466
6060,105789,Fechado,2025-10-06 16:20:48.709769791
4244,108860,Em Atendimento,2025-10-06 18:00:01.628509016
4245,108860,Fechado,2025-10-06 19:13:32.956567149
659,100824,Aberto,2025-10-07 09:30:00.000000000
5578,102611,Aberto,2025-10-07 13:05:00.000000000
660,100824,Em Atendimento,2025-10-07 14:06:04.311144356
8134,103121,Aberto,2025-10-07 14:33:00.000000000
8135,103121,Em Atendimento,2025-10-07 16:51:52.103757072
8884,108225,Aberto,2025-10-07 17:23:00.000000000
5579,102611,Em Atendimento,2025-10-07 17:55:23.020521804
4393,109122,Aberto,2025-10-07 18:27:00.000000000
4394,109122,Em Atendimento,2025-10-07 18:42:21.478547404
8136,103121,Fechado,2025-10-07 19:31:50.871087217
8885,108225,Em Atendimento,2025-10-07 20:51:19.840570676
5580,102611,Pendente,2025-10-07 21:17:58.881983937
4395,109122,Pendente,2025-10-07 22:44:57.726620257
8886,108225,Fechado,2025-10-08 00:23:51.957657460
84,109642,Aberto,2025-10-08 07:35:00.000000000
6342,107896,Aberto,2025-10-08 07:36:00.000000000
6344,107896,Fechado,2025-10-08 09:10:41.174001541
6343,107896,Em Atendimento,2025-10-08 10:28:13.597291120
5531,107180,Aberto,2025-10-08 10:53:00.000000000
1196,106688,Aberto,2025-10-08 11:33:00.000000000
1197,106688,Em Atendimento,2025-10-08 12:06:41.682683182
1185,101958,Aberto,2025-10-08 12:09:00.000000000
1198,106688,Fechado,2025-10-08 12:24:28.500471759
1186,101958,Em Atendimento,2025-10-08 13:23:28.183667695
5532,107180,Em Atendimento,2025-10-08 15:01:11.823510665
9129,105890,Aberto,2025-10-08 15:46:00.000000000
9130,105890,Em Atendimento,2025-10-08 17:31:00.614721566
5533,107180,Fechado,2025-10-08 17:45:00.064317810
2430,104434,Aberto,2025-10-08 18:08:00.000000000
7152,108069,Aberto,2025-10-08 18:59:00.000000000
2431,104434,Em Atendimento,2025-10-08 19:25:13.392207423
7153,108069,Em Atendimento,2025-10-08 19:41:03.179216626
7154,108069,Fechado,2025-10-08 20:27:11.614896339
2432,104434,Fechado,2025-10-08 20:57:29.994054967
9131,105890,Fechado,2025-10-09 04:22:04.576027510
55,103095,Aberto,2025-10-09 07:58:00.000000000
56,103095,Em Atendimento,2025-10-09 09:16:49.697838127
57,103095,Fechado,2025-10-09 09:34:26.922095910
4933,106706,Aberto,2025-10-09 11:14:00.000000000
4935,106706,Fechado,2025-10-09 13:49:47.474451729
4934,106706,Em Atendimento,2025-10-09 14:53:12.140061434
2778,109440,Aberto,2025-10-09 16:11:00.000000000
2779,109440,Em Atendimento,2025-10-09 18:48:47.965821842
2780,109440,Fechado,2025-10-10 05:46:15.428262847
3678,103348,Aberto,2025-10-10 09:01:00.000000000
6132,104533,Aberto,2025-10-10 09:53:00.000000000
3679,103348,Em Atendimento,2025-10-10 10:06:05.755060991
9249,103122,Aberto,2025-10-10 11:32:00.000000000
9251,103122,Fechado,2025-10-10 12:15:24.093462853
6134,104533,Fechado,2025-10-10 12:17:31.117926168
6133,104533,Em Atendimento,2025-10-10 12:28:58.478216360
9250,103122,Em Atendimento,2025-10-10 13:46:13.161443925
6684,103239,Aberto,2025-10-10 14:05:00.000000000
2101,106941,Aberto,2025-10-10 16:42:00.000000000
3680,103348,Fechado,2025-10-10 17:15:15.787814816
6685,103239,Em Atendimento,2025-10-10 18:13:26.226955983
2102,106941,Em Atendimento,2025-10-10 21:16:57.790367085
2103,106941,Pendente,2025-10-11 00:34:45.736187265
7651,105323,Aberto,2025-10-11 07:54:00.000000000
7653,105323,Fechado,2025-10-11 08:12:00.000000000
6095,102623,Aberto,2025-10-11 08:23:00.000000000
7652,105323,Em Atendimento,2025-10-11 09:07:13.584669005
6096,102623,Em Atendimento,2025-10-11 10:13:41.444981809
3,103371,Aberto,2025-10-11 10:35:00.000000000
4177,105859,Aberto,2025-10-11 10:44:00.000000000
6097,102623,Fechado,2025-10-11 11:05:37.066881175
4178,105859,Em Atendimento,2025-10-11 11:17:14.742203129
4,103371,Em Atendimento,2025-10-11 12:05:09.783832221
4171,107138,Aberto,2025-10-11 14:09:00.000000000
4172,107138,Em Atendimento,2025-10-11 15:25:58.148600886
4173,107138,Fechado,2025-10-11 17:58:20.099166967
4179,105859,Pendente,2025-10-11 19:21:24.658316219
4942,100808,Aberto,2025-10-12 07:04:00.000000000
6631,100181,Aberto,2025-10-12 07:30:00.000000000
6534,103518,Aberto,2025-10-12 07:51:00.000000000
332,100731,Aberto,2025-10-12 07:58:00.000000000
6535,103518,Em Atendimento,2025-10-12 08:50:52.296122673
6632,100181,Em Atendimento,2025-10-12 10:11:30.480797463
5415,100142,Aberto,2025-10-12 10:27:00.000000000
4943,100808,Em Atendimento,2025-10-12 10:30:49.518167404
333,100731,Em Atendimento,2025-10-12 12:09:55.584518542
5416,100142,Em Atendimento,2025-10-12 12:57:18.850883819
6536,103518,Fechado,2025-10-12 12:58:24.544086974
5417,100142,Fechado,2025-10-12 13:34:09.842138032
8891,105176,Aberto,2025-10-12 14:12:00.000000000
334,100731,Fechado,2025-10-12 14:20:22.398874755
2570,104433,Aberto,2025-10-12 15:44:00.000000000
8206,100750,Aberto,2025-10-12 15:58:00.000000000
9333,106083,Aberto,2025-10-12 16:22:00.000000000
9335,106083,Fechado,2025-10-12 17:22:08.320509590
9334,106083,Em Atendimento,2025-10-12 18:29:42.363860200
8207,100750,Em Atendimento,2025-10-12 18:37:25.841042105
3255,107618,Aberto,2025-10-13 07:42:00.000000000
2854,102682,Aberto,2025-10-13 09:07:00.000000000
1678,101668,Aberto,2025-10-13 10:37:00.000000000
2855,102682,Em Atendimento,2025-10-13 11:03:02.462519456
3257,107618,Pendente,2025-10-13 11:38:53.557227213
3256,107618,Em Atendimento,2025-10-13 12:15:02.290294498
1679,101668,Em Atendimento,2025-10-13 12:17:21.928633422
2856,102682,Fechado,2025-10-13 12:34:31.768222240
1680,101668,Fechado,2025-10-13 14:55:50.941336546
2416,102337,Aberto,2025-10-13 15:46:00.000000000
4944,100808,Fechado,2025-10-13 16:07:11.836677225
2417,102337,Em Atendimento,2025-10-13 17:29:24.842745652
6261,104024,Aberto,2025-10-13 18:21:00.000000000
2418,102337,Fechado,2025-10-13 22:18:21.391901311
6262,104024,Em Atendimento,2025-10-13 22:41:06.393546474
6263,104024,Fechado,2025-10-14 00:09:33.539976874
902,108266,Aberto,2025-10-14 09:24:00.000000000
9506,102670,Aberto,2025-10-14 11:43:00.000000000
9508,102670,Fechado,2025-10-14 12:24:00.968203683
9507,102670,Em Atendimento,2025-10-14 13:04:39.843694860
903,108266,Em Atendimento,2025-10-14 13:22:32.643739807
935,103996,Aberto,2025-10-14 16:20:00.000000000
936,103996,Em Atendimento,2025-10-14 17:27:14.911807288
904,108266,Fechado,2025-10-14 17:35:31.976322511
937,103996,Fechado,2025-10-14 19:49:59.717168451
1838,106939,Aberto,2025-10-15 07:00:00.000000000
1839,106939,Em Atendimento,2025-10-15 09:28:34.333539224
8963,108925,Aberto,2025-10-15 10:17:00.000000000
8964,108925,Em Atendimento,2025-10-15 12:12:36.093254664
4045,101618,Aberto,2025-10-15 13:39:00.000000000
8,100938,Aberto,2025-10-15 15:30:00.000000000
399,103796,Aberto,2025-10-15 16:17:00.000000000
1840,106939,Fechado,2025-10-15 16:33:31.001414637
707,104100,Aberto,2025-10-15 17:17:00.000000000
9,100938,Em Atendimento,2025-10-15 17:24:56.848738356
401,103796,Fechado,2025-10-15 18:14:19.235081750
709,104100,Fechado,2025-10-15 18:14:24.931643965
708,104100,Em Atendimento,2025-10-15 18:24:58.237829328
400,103796,Em Atendimento,2025-10-15 19:00:21.001815184
10,100938,Fechado,2025-10-15 22:13:55.903935763
8965,108925,Fechado,2025-10-15 23:12:39.005320512
6833,107166,Aberto,2025-10-16 09:29:00.000000000
8586,108079,Aberto,2025-10-16 10:53:00.000000000
8587,108079,Em Atendimento,2025-10-16 12:42:43.434554179
6236,108610,Aberto,2025-10-16 13:43:00.000000000
6771,100885,Aberto,2025-10-16 14:41:00.000000000
8588,108079,Fechado,2025-10-16 15:07:49.019646451
6772,100885,Em Atendimento,2025-10-16 15:54:34.863158033
1523,106282,Aberto,2025-10-16 16:04:00.000000000
1524,106282,Em Atendimento,2025-10-16 16:17:47.188339552
2667,100651,Aberto,2025-10-16 17:30:00.000000000
1525,106282,Fechado,2025-10-16 17:46:57.986362242
7099,100154,Aberto,2025-10-16 17:56:00.000000000
6773,100885,Fechado,2025-10-16 18:19:35.926240045
947,101721,Aberto,2025-10-16 18:27:00.000000000
1562,103532,Aberto,2025-10-16 18:41:00.000000000
948,101721,Em Atendimento,2025-10-16 18:41:26.526769345
7101,100154,Fechado,2025-10-16 19:01:03.543577112
7100,100154,Em Atendimento,2025-10-16 19:18:03.174671863
2668,100651,Em Atendimento,2025-10-16 19:56:14.841400257
2669,100651,Fechado,2025-10-16 20:19:45.203597709
1563,103532,Em Atendimento,2025-10-16 20:33:30.187891408
1564,103532,Fechado,2025-10-16 22:22:33.509997276
3907,107605,Aberto,2025-10-17 12:07:00.000000000
2732,103129,Aberto,2025-10-17 13:43:00.000000000
2733,103129,Em Atendimento,2025-10-17 14:11:35.870953657
6693,102739,Aberto,2025-10-17 14:24:00.000000000
2734,103129,Fechado,2025-10-17 14:48:54.848914101
3909,107605,Fechado,2025-10-17 15:32:33.430993201
3908,107605,Em Atendimento,2025-10-17 15:48:19.537320474
6694,102739,Em Atendimento,2025-10-17 17:29:13.636902251
4265,102417,Aberto,2025-10-18 08:06:00.000000000
7781,104334,Aberto,2025-10-18 10:26:00.000000000
4631,104762,Aberto,2025-10-18 10:57:00.000000000
7782,104334,Em Atendimento,2025-10-18 11:10:16.620487238
4632,104762,Em Atendimento,2025-10-18 12:47:57.391752282
7783,104334,Fechado,2025-10-18 15:08:40.789734195
3210,101501,Aberto,2025-10-18 18:01:00.000000000
3211,101501,Em Atendimento,2025-10-18 18:18:37.341031165
3212,101501,Fechado,2025-10-18 18:48:29.280246626
2462,108421,Aberto,2025-10-19 10:14:00.000000000
2946,103618,Aberto,2025-10-19 10:54:00.000000000
8773,100670,Aberto,2025-10-19 11:45:00.000000000
2947,103618,Em Atendimento,2025-10-19 12:28:28.327815600
2464,108421,Fechado,2025-10-19 13:07:19.468256881
8774,100670,Em Atendimento,2025-10-19 13:12:40.801400462
2463,108421,Em Atendimento,2025-10-19 13:18:55.456056492
8775,100670,Pendente,2025-10-19 18:00:22.819002424
2948,103618,Fechado,2025-10-20 00:34:15.424068694
1111,108382,Aberto,2025-10-20 07:18:00.000000000
864,101359,Aberto,2025-10-20 07:59:00.000000000
865,101359,Em Atendimento,2025-10-20 09:50:43.887283194
5307,109479,Aberto,2025-10-20 10:17:00.000000000
5308,109479,Em Atendimento,2025-10-20 10:58:16.256717363
123,104089,Aberto,2025-10-20 11:13:00.000000000
125,104089,Fechado,2025-10-20 12:06:27.962622466
676,107410,Aberto,2025-10-20 12:16:00.000000000
6528,108797,Aberto,2025-10-20 12:58:00.000000000
866,101359,Fechado,2025-10-20 13:22:25.171738929
678,107410,Fechado,2025-10-20 13:42:52.604331082
4307,107790,Aberto,2025-10-20 14:07:00.000000000
1329,106769,Aberto,2025-10-20 14:51:00.000000000
677,107410,Em Atendimento,2025-10-20 15:07:54.504126649
5309,109479,Pendente,2025-10-20 15:30:03.425831207
124,104089,Em Atendimento,2025-10-20 15:46:33.835263590
1330,106769,Em Atendimento,2025-10-20 15:49:51.090470118
6529,108797,Em Atendimento,2025-10-20 16:59:41.479701221
1425,101579,Aberto,2025-10-20 17:30:00.000000000
4308,107790,Em Atendimento,2025-10-20 18:33:56.178827810
1426,101579,Em Atendimento,2025-10-20 20:52:22.461916266
1331,106769,Pendente,2025-10-20 21:36:08.846390674
3824,105390,Aberto,2025-10-21 07:44:00.000000000
8435,105918,Aberto,2025-10-21 07:54:00.000000000
3826,105390,Fechado,2025-10-21 09:02:17.350773112
3021,105735,Aberto,2025-10-21 10:14:00.000000000
3825,105390,Em Atendimento,2025-10-21 10:22:27.639689872
8436,105918,Em Atendimento,2025-10-21 10:39:10.053901603
3023,105735,Fechado,2025-10-21 10:47:47.812489164
3022,105735,Em Atendimento,2025-10-21 13:00:08.146172632
6806,108548,Aberto,2025-10-21 15:03:00.000000000
8577,105724,Aberto,2025-10-21 15:21:00.000000000
6807,108548,Em Atendimento,2025-10-21 15:25:00.585316436
8578,105724,Em Atendimento,2025-10-21 16:29:31.899147841
6808,108548,Fechado,2025-10-21 17:20:44.020199453
8437,105918,Pendente,2025-10-21 18:05:52.510955104
8579,105724,Fechado,2025-10-21 23:26:03.249035689
5396,102082,Aberto,2025-10-22 10:19:00.000000000
1009,103333,Aberto,2025-10-22 10:42:00.000000000
5716,102740,Aberto,2025-10-22 11:13:00.000000000
5398,102082,Fechado,2025-10-22 13:05:01.154398476
5718,102740,Fechado,2025-10-22 13:16:57.575063664
5397,102082,Em Atendimento,2025-10-22 13:17:01.434084552
1010,103333,Em Atendimento,2025-10-22 15:20:53.512692458
5717,102740,Em Atendimento,2025-10-22 16:05:36.810654179
1675,101341,Aberto,2025-10-22 17:50:00.000000000
1676,101341,Em Atendimento,2025-10-22 18:44:06.629114316
1677,101341,Fechado,2025-10-22 22:58:18.731188111
1011,103333,Fechado,2025-10-23 02:31:27.708393903
6834,108272,Aberto,2025-10-23 08:02:00.000000000
6835,108272,Em Atendimento,2025-10-23 08:37:34.691793062
9062,102491,Aberto,2025-10-23 08:59:00.000000000
6221,103416,Aberto,2025-10-23 10:30:00.000000000
2949,105349,Aberto,2025-10-23 10:53:00.000000000
5566,100622,Aberto,2025-10-23 12:39:00.000000000
2943,108869,Aberto,2025-10-23 13:34:00.000000000
6222,103416,Em Atendimento,2025-10-23 13:47:40.606230129
2945,108869,Fechado,2025-10-23 13:55:26.092438776
6836,108272,Fechado,2025-10-23 14:27:47.610624086
2852,109023,Aberto,2025-10-23 14:49:00.000000000
5567,100622,Em Atendimento,2025-10-23 14:50:07.929411218
2950,105349,Em Atendimento,2025-10-23 14:50:46.326438304
2194,100696,Aberto,2025-10-23 15:04:00.000000000
2944,108869,Em Atendimento,2025-10-23 15:10:17.159358632
2195,100696,Em Atendimento,2025-10-23 16:07:41.019780143
2853,109023,Em Atendimento,2025-10-23 16:11:19.386730666
6223,103416,Fechado,2025-10-23 17:17:37.542323396
2364,100604,Aberto,2025-10-23 18:33:00.000000000
5568,100622,Fechado,2025-10-23 21:23:29.509774753
2365,100604,Em Atendimento,2025-10-23 22:26:59.228338961
2366,100604,Fechado,2025-10-24 02:14:58.221079526
2196,100696,Fechado,2025-10-24 05:07:09.272327140
6542,106500,Aberto,2025-10-24 07:29:00.000000000
4292,109162,Aberto,2025-10-24 08:09:00.000000000
7372,105029,Aberto,2025-10-24 09:13:00.000000000
6197,102201,Aberto,2025-10-24 09:21:00.000000000
7373,105029,Em Atendimento,2025-10-24 09:33:53.105376092
6543,106500,Em Atendimento,2025-10-24 10:01:00.901306211
4294,109162,Fechado,2025-10-24 10:37:16.478412016
4293,109162,Em Atendimento,2025-10-24 11:25:29.594916151
6198,102201,Em Atendimento,2025-10-24 13:06:59.542360627
5822,109383,Aberto,2025-10-24 14:19:00.000000000
1985,105982,Aberto,2025-10-24 16:46:00.000000000
6199,102201,Fechado,2025-10-24 17:02:39.055324149
2951,105349,Fechado,2025-10-24 18:03:49.718587407
1996,106767,Aberto,2025-10-24 18:43:00.000000000
5823,109383,Em Atendimento,2025-10-24 18:52:43.602344515
1997,106767,Em Atendimento,2025-10-24 19:49:50.656953668
7374,105029,Fechado,2025-10-24 19:56:45.312003962
1987,105982,Fechado,2025-10-24 20:02:37.068893356
1986,105982,Em Atendimento,2025-10-24 20:51:35.353281647
5824,109383,Fechado,2025-10-24 20:55:51.434152412
2729,107170,Aberto,2025-10-25 12:28:00.000000000
2730,107170,Em Atendimento,2025-10-25 14:47:16.235479315
2095,105747,Aberto,2025-10-25 15:03:00.000000000
3130,109846,Aberto,2025-10-25 15:51:00.000000000
1879,109019,Aberto,2025-10-25 16:06:00.000000000
2096,105747,Em Atendimento,2025-10-25 16:22:29.680568387
1880,109019,Em Atendimento,2025-10-25 16:24:15.950070569
6849,105361,Aberto,2025-10-25 16:29:00.000000000
6016,105216,Aberto,2025-10-25 16:35:00.000000000
272,101354,Aberto,2025-10-25 16:52:00.000000000
2731,107170,Fechado,2025-10-25 17:31:54.067205073
273,101354,Em Atendimento,2025-10-25 17:43:08.025299953
6017,105216,Em Atendimento,2025-10-25 18:28:24.722162405
1881,109019,Fechado,2025-10-25 18:53:40.571184624
3131,109846,Em Atendimento,2025-10-25 19:14:11.800294212
6850,105361,Em Atendimento,2025-10-25 19:33:54.357566837
3132,109846,Fechado,2025-10-25 19:54:28.491812017
6851,105361,Fechado,2025-10-25 21:40:09.008538306
2097,105747,Fechado,2025-10-25 22:03:52.793341441
6018,105216,Fechado,2025-10-26 02:07:21.347188274
7008,109871,Aberto,2025-10-26 10:08:00.000000000
7009,109871,Em Atendimento,2025-10-26 10:32:00.421109863
928,107821,Aberto,2025-10-26 13:35:00.000000000
929,107821,Em Atendimento,2025-10-26 16:08:32.801284598
4711,109158,Aberto,2025-10-26 17:06:00.000000000
930,107821,Fechado,2025-10-26 17:29:33.285580174
4713,109158,Fechado,2025-10-26 20:10:47.181256201
4712,109158,Em Atendimento,2025-10-26 20:29:43.755726305
7041,105972,Aberto,2025-10-27 10:39:00.000000000
7043,105972,Fechado,2025-10-27 11:08:05.391635438
972,103689,Aberto,2025-10-27 11:26:00.000000000
7042,105972,Em Atendimento,2025-10-27 12:15:28.214152763
9545,109738,Aberto,2025-10-27 13:31:00.000000000
973,103689,Em Atendimento,2025-10-27 13:34:28.716580653
7417,105852,Aberto,2025-10-27 14:19:00.000000000
7418,105852,Em Atendimento,2025-10-27 14:42:54.894874741
9546,109738,Em Atendimento,2025-10-27 15:34:10.527369092
1317,104460,Aberto,2025-10-27 17:08:00.000000000
7419,105852,Fechado,2025-10-27 17:58:59.606944153
974,103689,Fechado,2025-10-27 19:45:35.542417314
9547,109738,Fechado,2025-10-27 20:16:27.060980446
3559,103373,Aberto,2025-10-28 09:04:00.000000000
3561,103373,Pendente,2025-10-28 12:32:56.067582944
3560,103373,Em Atendimento,2025-10-28 13:47:46.213380383
8368,100276,Aberto,2025-10-28 15:12:00.000000000
8369,100276,Em Atendimento,2025-10-28 15:25:14.442117258
8370,100276,Pendente,2025-10-29 02:40:00.858453310
726,107565,Aberto,2025-10-29 09:11:00.000000000
61,100185,Aberto,2025-10-29 10:53:00.000000000
85,105574,Aberto,2025-10-29 11:16:00.000000000
4727,101017,Aberto,2025-10-29 11:40:00.000000000
4728,101017,Em Atendimento,2025-10-29 12:03:57.426002872
727,107565,Em Atendimento,2025-10-29 12:39:38.808264793
86,105574,Em Atendimento,2025-10-29 12:58:35.882673461
9176,107211,Aberto,2025-10-29 13:05:00.000000000
992,102420,Aberto,2025-10-29 13:48:00.000000000
87,105574,Fechado,2025-10-29 13:49:35.137284890
4729,101017,Fechado,2025-10-29 13:55:02.543257706
62,100185,Em Atendimento,2025-10-29 15:16:59.158144251
63,100185,Fechado,2025-10-29 16:57:32.127014485
1442,106815,Aberto,2025-10-29 17:13:00.000000000
3425,102986,Aberto,2025-10-29 17:27:00.000000000
5762,107183,Aberto,2025-10-29 18:17:00.000000000
993,102420,Em Atendimento,2025-10-29 18:31:10.329488573
1443,106815,Em Atendimento,2025-10-29 19:19:49.978334797
5764,107183,Pendente,2025-10-29 21:52:59.591278074
3426,102986,Em Atendimento,2025-10-29 21:54:21.990685652
5763,107183,Em Atendimento,2025-10-29 22:07:30.503524231
3427,102986,Pendente,2025-10-29 23:22:34.567976433
1444,106815,Fechado,2025-10-29 23:29:29.371714968
994,102420,Fechado,2025-10-30 00:41:00.432922383
1553,105005,Aberto,2025-10-30 07:04:00.000000000
1554,105005,Em Atendimento,2025-10-30 10:33:15.951697252
9032,100480,Aberto,2025-10-30 12:08:00.000000000
1555,105005,Fechado,2025-10-30 13:38:57.649936465
5161,108929,Aberto,2025-10-30 13:41:00.000000000
3292,103099,Aberto,2025-10-30 14:03:00.000000000
3294,103099,Fechado,2025-10-30 14:37:55.952766364
3293,103099,Em Atendimento,2025-10-30 15:13:49.245037779
9033,100480,Em Atendimento,2025-10-30 16:55:14.833093541
9034,100480,Pendente,2025-10-30 17:14:03.414829047
5162,108929,Em Atendimento,2025-10-30 17:25:49.426179883
5015,109086,Aberto,2025-10-30 17:52:00.000000000
7236,104171,Aberto,2025-10-30 18:47:00.000000000
5163,108929,Fechado,2025-10-30 19:02:01.331079109
5017,109086,Fechado,2025-10-30 19:21:04.008594076
5016,109086,Em Atendimento,2025-10-30 19:46:36.856699505
7238,104171,Fechado,2025-10-30 21:22:58.480232449
7237,104171,Em Atendimento,2025-10-30 21:36:09.620323322
4156,102362,Aberto,2025-10-31 07:26:00.000000000
4158,102362,Fechado,2025-10-31 07:49:32.871243919
1115,101513,Aberto,2025-10-31 08:01:00.000000000
6461,103425,Aberto,2025-10-31 08:37:00.000000000
4157,102362,Em Atendimento,2025-10-31 08:55:39.470281616
1116,101513,Em Atendimento,2025-10-31 09:29:03.289264680
9104,109653,Aberto,2025-10-31 09:36:00.000000000
9105,109653,Em Atendimento,2025-10-31 10:26:02.448269188
6462,103425,Em Atendimento,2025-10-31 12:10:01.212665960
7675,104395,Aberto,2025-10-31 13:35:00.000000000
7676,104395,Em Atendimento,2025-10-31 14:37:10.428231684
8518,104780,Aberto,2025-10-31 15:04:00.000000000
140,101465,Aberto,2025-10-31 15:46:00.000000000
142,101465,Fechado,2025-10-31 16:04:00.000000000
9106,109653,Fechado,2025-10-31 16:48:28.637380990
7677,104395,Fechado,2025-10-31 17:02:01.965532298
4622,105620,Aberto,2025-10-31 18:31:00.000000000
8519,104780,Em Atendimento,2025-10-31 19:13:44.261040155
6463,103425,Pendente,2025-10-31 19:50:20.207033182
141,101465,Em Atendimento,2025-10-31 20:26:07.341477867
1117,101513,Fechado,2025-10-31 20:39:13.750847617
4623,105620,Em Atendimento,2025-10-31 21:17:06.730306944
4624,105620,Fechado,2025-10-31 23:28:24.071903917
8520,104780,Fechado,2025-11-01 01:05:27.798974788
4221,106889,Aberto,2025-11-01 16:52:00.000000000
4222,106889,Em Atendimento,2025-11-01 20:57:48.555663707
8074,108061,Aberto,2025-11-02 07:15:00.000000000
8076,108061,Fechado,2025-11-02 08:46:25.679233844
3120,108312,Aberto,2025-11-02 09:34:00.000000000
8075,108061,Em Atendimento,2025-11-02 10:20:20.053467650
7017,108865,Aberto,2025-11-02 11:51:00.000000000
6508,103154,Aberto,2025-11-02 12:11:00.000000000
3122,108312,Fechado,2025-11-02 12:11:47.994270531
7018,108865,Em Atendimento,2025-11-02 13:03:21.133681433
7940,105716,Aberto,2025-11-02 13:38:00.000000000
3121,108312,Em Atendimento,2025-11-02 13:50:03.268847279
6509,103154,Em Atendimento,2025-11-02 13:58:42.917306439
269,104749,Aberto,2025-11-02 15:16:00.000000000
7941,105716,Em Atendimento,2025-11-02 15:43:55.696013523
7942,105716,Fechado,2025-11-02 16:40:19.483318705
9261,107809,Aberto,2025-11-02 17:06:00.000000000
7019,108865,Fechado,2025-11-02 17:10:04.475162557
6510,103154,Fechado,2025-11-02 18:58:04.308231868
270,104749,Em Atendimento,2025-11-02 19:08:45.897847180
9262,107809,Em Atendimento,2025-11-02 19:59:31.089468838
271,104749,Fechado,2025-11-02 21:52:46.393722684
9263,107809,Fechado,2025-11-02 21:59:44.890275440
931,106085,Aberto,2025-11-03 08:29:00.000000000
9014,109076,Aberto,2025-11-03 09:23:00.000000000
2770,106530,Aberto,2025-11-03 09:33:00.000000000
8498,102905,Aberto,2025-11-03 10:22:00.000000000
9016,109076,Fechado,2025-11-03 10:43:18.892990932
2771,106530,Em Atendimento,2025-11-03 11:00:55.954090461
9015,109076,Em Atendimento,2025-11-03 11:19:43.128107424
8499,102905,Em Atendimento,2025-11-03 12:41:52.695422907
7426,108660,Aberto,2025-11-03 15:58:00.000000000
7427,108660,Em Atendimento,2025-11-03 17:00:43.999533157
7428,108660,Pendente,2025-11-04 00:01:17.645314668
4198,107198,Aberto,2025-11-04 08:32:00.000000000
7230,109674,Aberto,2025-11-04 09:13:00.000000000
4199,107198,Em Atendimento,2025-11-04 10:32:57.316587932
4200,107198,Fechado,2025-11-04 11:20:20.584652457
7231,109674,Em Atendimento,2025-11-04 12:13:05.356695224
6556,100417,Aberto,2025-11-04 12:34:00.000000000
2028,101437,Aberto,2025-11-04 13:03:00.000000000
7232,109674,Fechado,2025-11-04 13:11:45.155844652
1211,105115,Aberto,2025-11-04 13:30:00.000000000
2029,101437,Em Atendimento,2025-11-04 13:50:30.189330775
6557,100417,Em Atendimento,2025-11-04 14:46:03.323082824
1409,109621,Aberto,2025-11-04 15:10:00.000000000
1410,109621,Em Atendimento,2025-11-04 16:47:42.872930411
1411,109621,Fechado,2025-11-04 17:27:10.660199326
2030,101437,Fechado,2025-11-04 23:26:13.082772300
6558,100417,Fechado,2025-11-04 23:56:32.013203055
8218,109854,Aberto,2025-11-05 07:23:00.000000000
8219,109854,Em Atendimento,2025-11-05 10:08:06.824028303
2404,105896,Aberto,2025-11-05 12:13:00.000000000
7010,108214,Aberto,2025-11-05 14:17:00.000000000
7011,108214,Em Atendimento,2025-11-05 14:44:25.409826032
8220,109854,Pendente,2025-11-05 15:06:48.509852658
2405,105896,Em Atendimento,2025-11-05 15:24:14.892134386
7012,108214,Fechado,2025-11-05 15:34:15.120890084
6704,103346,Aberto,2025-11-05 15:56:00.000000000
4289,105774,Aberto,2025-11-05 18:20:00.000000000
4290,105774,Em Atendimento,2025-11-05 21:03:19.439555574
2406,105896,Fechado,2025-11-05 21:43:10.685252408
7047,104597,Aberto,2025-11-06 09:01:00.000000000
7049,104597,Fechado,2025-11-06 10:08:57.968520110
7048,104597,Em Atendimento,2025-11-06 12:41:35.369495125
4291,105774,Fechado,2025-11-06 13:34:01.763529820
7563,107178,Aberto,2025-11-06 13:55:00.000000000
1480,103965,Aberto,2025-11-06 16:15:00.000000000
7564,107178,Em Atendimento,2025-11-06 16:19:56.892726876
1482,103965,Fechado,2025-11-06 20:34:20.199590598
1481,103965,Em Atendimento,2025-11-06 21:00:58.362552564
2275,103014,Aberto,2025-11-07 08:14:00.000000000
6614,107624,Aberto,2025-11-07 08:54:00.000000000
6615,107624,Em Atendimento,2025-11-07 09:44:08.981461383
7565,107178,Fechado,2025-11-07 09:49:13.720280641
2602,109737,Aberto,2025-11-07 09:53:00.000000000
2276,103014,Em Atendimento,2025-11-07 10:23:24.298258614
2277,103014,Fechado,2025-11-07 10:46:23.583074550
2153,109547,Aberto,2025-11-07 13:22:00.000000000
2154,109547,Em Atendimento,2025-11-07 13:55:14.494817952
1308,109884,Aberto,2025-11-07 15:27:00.000000000
1309,109884,Em Atendimento,2025-11-07 17:38:16.050522972
1310,109884,Fechado,2025-11-07 18:06:40.337442914
6616,107624,Fechado,2025-11-07 18:26:28.310294324
2155,109547,Fechado,2025-11-08 07:33:34.950456686
4905,103487,Aberto,2025-11-08 13:42:00.000000000
4906,103487,Em Atendimento,2025-11-08 14:49:08.681821359
4907,103487,Fechado,2025-11-08 16:05:07.293624770
8305,101316,Aberto,2025-11-08 16:44:00.000000000
8306,101316,Em Atendimento,2025-11-08 18:34:26.050606844
8307,101316,Fechado,2025-11-08 23:47:00.393801256
8133,105002,Aberto,2025-11-09 09:28:00.000000000
6010,106612,Aberto,2025-11-09 09:50:00.000000000
1620,102753,Aberto,2025-11-09 11:36:00.000000000
6011,106612,Em Atendimento,2025-11-09 13:48:11.537149715
2505,103256,Aberto,2025-11-09 14:29:00.000000000
6024,102119,Aberto,2025-11-09 14:58:00.000000000
1621,102753,Em Atendimento,2025-11-09 15:16:47.222090688
3175,107984,Aberto,2025-11-09 16:04:00.000000000
3713,108183,Aberto,2025-11-09 16:36:00.000000000
3176,107984,Em Atendimento,2025-11-09 16:41:04.091214475
6372,107068,Aberto,2025-11-09 17:44:00.000000000
3715,108183,Fechado,2025-11-09 18:15:10.736976787
2506,103256,Em Atendimento,2025-11-09 19:04:36.647390679
3714,108183,Em Atendimento,2025-11-09 19:12:59.034114514
6373,107068,Em Atendimento,2025-11-09 20:46:59.661884744
6374,107068,Fechado,2025-11-09 21:32:20.294676889
1622,102753,Fechado,2025-11-09 22:41:50.526578990
3177,107984,Pendente,2025-11-09 23:38:14.146807915
6012,106612,Fechado,2025-11-10 05:38:57.385258833
4873,103654,Aberto,2025-11-10 09:08:00.000000000
6393,105467,Aberto,2025-11-10 09:24:00.000000000
4874,103654,Em Atendimento,2025-11-10 09:53:56.571327953
6395,105467,Fechado,2025-11-10 10:07:34.240215662
6394,105467,Em Atendimento,2025-11-10 10:38:38.567326027
3195,106306,Aberto,2025-11-10 11:00:00.000000000
9141,104566,Aberto,2025-11-10 12:35:00.000000000
1741,107349,Aberto,2025-11-10 12:35:00.000000000
9143,104566,Fechado,2025-11-10 13:07:24.724507027
3197,106306,Fechado,2025-11-10 13:17:30.901325823
9142,104566,Em Atendimento,2025-11-10 13:46:54.619476849
3196,106306,Em Atendimento,2025-11-10 13:47:14.767394971
9368,106454,Aberto,2025-11-10 13:59:00.000000000
1743,107349,Fechado,2025-11-10 14:28:54.463775118
8284,101987,Aberto,2025-11-10 14:51:00.000000000
8285,101987,Em Atendimento,2025-11-10 15:08:57.852417466
9177,102121,Aberto,2025-11-10 15:53:00.000000000
9369,106454,Em Atendimento,2025-11-10 15:56:57.364320057
1742,107349,Em Atendimento,2025-11-10 16:02:10.549855420
5614,107576,Aberto,2025-11-10 16:18:00.000000000
9178,102121,Em Atendimento,2025-11-10 17:04:50.493064754
5615,107576,Em Atendimento,2025-11-10 17:09:07.802213868
5305,103580,Aberto,2025-11-10 17:41:00.000000000
9370,106454,Fechado,2025-11-10 20:29:53.827289038
5306,103580,Em Atendimento,2025-11-10 22:14:54.877645838
5616,107576,Fechado,2025-11-10 23:28:51.444145988
8286,101987,Pendente,2025-11-11 01:03:16.686645910
4875,103654,Fechado,2025-11-11 06:19:55.955604030
1229,106063,Aberto,2025-11-11 07:35:00.000000000
3562,100531,Aberto,2025-11-11 08:58:00.000000000
1230,106063,Em Atendimento,2025-11-11 10:53:18.415474972
3563,100531,Em Atendimento,2025-11-11 11:42:41.196538418
3564,100531,Fechado,2025-11-11 13:09:50.163918939
1231,106063,Fechado,2025-11-11 13:38:37.376985214
6873,103084,Aberto,2025-11-11 15:26:00.000000000
6874,103084,Em Atendimento,2025-11-11 18:08:34.680364120
6875,103084,Fechado,2025-11-12 05:50:15.132119126
7924,107564,Aberto,2025-11-12 07:16:00.000000000
7925,107564,Em Atendimento,2025-11-12 08:28:35.174303677
1361,101694,Aberto,2025-11-12 08:32:00.000000000
5140,104515,Aberto,2025-11-12 09:41:00.000000000
5142,104515,Fechado,2025-11-12 12:10:09.183946196
6517,104340,Aberto,2025-11-12 14:00:00.000000000
5141,104515,Em Atendimento,2025-11-12 14:30:17.242545028
6518,104340,Em Atendimento,2025-11-12 17:55:04.450312497
6519,104340,Fechado,2025-11-12 20:15:50.829511809
7926,107564,Fechado,2025-11-13 01:53:15.528523713
5418,108165,Aberto,2025-11-13 09:27:00.000000000
575,104592,Aberto,2025-11-13 10:11:00.000000000
8715,108766,Aberto,2025-11-13 11:17:00.000000000
576,104592,Em Atendimento,2025-11-13 11:18:07.919553825
577,104592,Fechado,2025-11-13 12:43:55.496353563
5419,108165,Em Atendimento,2025-11-13 13:13:29.843451743
8716,108766,Em Atendimento,2025-11-13 14:10:33.227644024
3438,104687,Aberto,2025-11-13 14:23:00.000000000
3440,104687,Fechado,2025-11-13 15:48:45.829181744
3439,104687,Em Atendimento,2025-11-13 15:49:29.143856375
2895,109445,Aberto,2025-11-13 15:50:00.000000000
2897,109445,Fechado,2025-11-13 17:50:21.163314006
636,103647,Aberto,2025-11-13 18:34:00.000000000
2896,109445,Em Atendimento,2025-11-13 19:43:28.673371318
637,103647,Em Atendimento,2025-11-13 22:00:24.181249441
638,103647,Fechado,2025-11-13 22:03:09.410690234
5420,108165,Fechado,2025-11-14 00:35:02.161920426
8717,108766,Fechado,2025-11-14 02:03:23.191577306
8003,100748,Aberto,2025-11-14 07:02:00.000000000
544,103282,Aberto,2025-11-14 07:15:00.000000000
18,100989,Aberto,2025-11-14 07:44:00.000000000
19,100989,Em Atendimento,2025-11-14 07:57:40.381733611
8005,100748,Fechado,2025-11-14 08:23:30.688482240
1412,109359,Aberto,2025-11-14 08:33:00.000000000
8004,100748,Em Atendimento,2025-11-14 08:41:31.087573104
545,103282,Em Atendimento,2025-11-14 08:46:28.490072330
1422,105329,Aberto,2025-11-14 09:35:00.000000000
20,100989,Fechado,2025-11-14 09:36:20.893818392
6246,101083,Aberto,2025-11-14 12:25:00.000000000
3893,109475,Aberto,2025-11-14 13:07:00.000000000
2867,102427,Aberto,2025-11-14 13:16:00.000000000
4232,101285,Aberto,2025-11-14 13:35:00.000000000
3894,109475,Em Atendimento,2025-11-14 14:03:52.918747620
6247,101083,Em Atendimento,2025-11-14 14:45:59.886868890
4233,101285,Em Atendimento,2025-11-14 15:27:38.093185456
6248,101083,Fechado,2025-11-14 15:32:10.338490840
6663,103698,Aberto,2025-11-14 15:36:00.000000000
3895,109475,Fechado,2025-11-14 15:42:54.887441938
6664,103698,Em Atendimento,2025-11-14 16:24:15.468403736
2869,102427,Fechado,2025-11-14 17:20:28.150029951
2868,102427,Em Atendimento,2025-11-14 17:20:42.201001884
4234,101285,Pendente,2025-11-14 21:34:20.325110248
1734,102030,Aberto,2025-11-15 07:57:00.000000000
5825,101016,Aberto,2025-11-15 12:56:00.000000000
4361,100588,Aberto,2025-11-15 13:51:00.000000000
4362,100588,Em Atendimento,2025-11-15 18:08:02.542078728
8237,101877,Aberto,2025-11-16 07:20:00.000000000
1514,100605,Aberto,2025-11-16 09:42:00.000000000
6870,108059,Aberto,2025-11-16 10:00:00.000000000
8238,101877,Em Atendimento,2025-11-16 12:14:30.069174393
8634,100576,Aberto,2025-11-16 12:17:00.000000000
1515,100605,Em Atendimento,2025-11-16 12:57:34.405248638
8635,100576,Em Atendimento,2025-11-16 13:12:22.470952722
6871,108059,Em Atendimento,2025-11-16 13:38:42.255927692
1516,100605,Fechado,2025-11-16 13:39:11.762788989
6872,108059,Fechado,2025-11-16 14:05:40.927823944
5730,108689,Aberto,2025-11-16 14:28:00.000000000
5731,108689,Em Atendimento,2025-11-16 14:48:37.064123581
4280,109908,Aberto,2025-11-16 17:10:00.000000000
9132,106976,Aberto,2025-11-16 17:11:00.000000000
9133,106976,Em Atendimento,2025-11-16 19:00:28.741516769
8636,100576,Fechado,2025-11-16 19:05:32.511237692
9134,106976,Pendente,2025-11-16 20:48:48.035507384
4281,109908,Em Atendimento,2025-11-16 21:44:27.840229734
4282,109908,Fechado,2025-11-16 22:32:54.384985743
5732,108689,Fechado,2025-11-16 22:42:00.994729290
1599,100088,Aberto,2025-11-17 07:26:00.000000000
1600,100088,Em Atendimento,2025-11-17 11:17:32.344787417
8631,102747,Aberto,2025-11-17 16:30:00.000000000
8632,102747,Em Atendimento,2025-11-17 18:05:48.941441113
7219,103311,Aberto,2025-11-18 08:25:00.000000000
760,102732,Aberto,2025-11-18 09:48:00.000000000
7829,104540,Aberto,2025-11-18 11:50:00.000000000
410,103051,Aberto,2025-11-18 12:26:00.000000000
7220,103311,Em Atendimento,2025-11-18 12:46:19.768276708
761,102732,Em Atendimento,2025-11-18 13:36:29.333875222
7830,104540,Em Atendimento,2025-11-18 15:53:57.886441437
6626,100551,Aberto,2025-11-18 16:33:00.000000000
411,103051,Em Atendimento,2025-11-18 16:35:07.424547524
27,109996,Aberto,2025-11-18 17:29:00.000000000
29,109996,Fechado,2025-11-18 17:48:06.602880518
412,103051,Fechado,2025-11-18 18:05:20.681016890
28,109996,Em Atendimento,2025-11-18 19:19:25.512442492
8633,102747,Fechado,2025-11-18 19:27:58.168555905
7831,104540,Fechado,2025-11-18 19:38:10.578873924
6627,100551,Em Atendimento,2025-11-18 20:59:18.073474143
762,102732,Fechado,2025-11-18 22:41:24.883851584
5322,100071,Aberto,2025-11-19 07:45:00.000000000
5557,108241,Aberto,2025-11-19 10:28:00.000000000
4375,101086,Aberto,2025-11-19 10:44:00.000000000
9196,103628,Aberto,2025-11-19 12:43:00.000000000
9197,103628,Em Atendimento,2025-11-19 13:03:55.744844992
4376,101086,Em Atendimento,2025-11-19 14:11:11.527584437
5558,108241,Em Atendimento,2025-11-19 14:11:58.660908082
1801,104934,Aberto,2025-11-19 14:23:00.000000000
1802,104934,Em Atendimento,2025-11-19 14:57:42.904080496
5559,108241,Fechado,2025-11-19 15:00:23.173939309
5409,106751,Aberto,2025-11-19 17:06:00.000000000
4377,101086,Fechado,2025-11-19 18:51:04.797897736
5411,106751,Fechado,2025-11-19 21:17:11.909810047
5410,106751,Em Atendimento,2025-11-19 21:42:51.818003616
9198,103628,Fechado,2025-11-20 00:24:33.943033060
7221,103311,Fechado,2025-11-20 05:23:24.320844336
8925,107136,Aberto,2025-11-20 09:36:00.000000000
7893,105146,Aberto,2025-11-20 10:06:00.000000000
4402,104688,Aberto,2025-11-20 13:58:00.000000000
8926,107136,Em Atendimento,2025-11-20 14:21:15.937810837
4404,104688,Fechado,2025-11-20 15:21:41.140162345
7163,100687,Aberto,2025-11-20 16:19:00.000000000
2907,102465,Aberto,2025-11-20 16:45:00.000000000
4403,104688,Em Atendimento,2025-11-20 17:35:38.488854993
2633,101004,Aberto,2025-11-20 18:03:00.000000000
416,106207,Aberto,2025-11-20 18:44:00.000000000
2909,102465,Fechado,2025-11-20 19:32:06.914980323
7164,100687,Em Atendimento,2025-11-20 20:24:37.365273309
1803,104934,Fechado,2025-11-20 20:31:29.363362357
418,106207,Fechado,2025-11-20 20:48:52.317276488
2908,102465,Em Atendimento,2025-11-20 21:07:15.819946138
2635,101004,Fechado,2025-11-20 21:25:12.730818180
2634,101004,Em Atendimento,2025-11-20 21:43:54.324640129
417,106207,Em Atendimento,2025-11-20 22:28:04.186159981
8927,107136,Fechado,2025-11-21 01:49:45.551714577
7177,109654,Aberto,2025-11-21 08:10:00.000000000
8729,107815,Aberto,2025-11-21 11:11:00.000000000
4676,108719,Aberto,2025-11-21 11:18:00.000000000
8820,108276,Aberto,2025-11-21 12:50:00.000000000
8730,107815,Em Atendimento,2025-11-21 13:33:41.824169576
7697,102548,Aberto,2025-11-21 15:09:00.000000000
189,108568,Aberto,2025-11-21 16:32:00.000000000
7698,102548,Em Atendimento,2025-11-21 17:03:59.627464032
8821,108276,Em Atendimento,2025-11-21 17:07:04.209804589
9158,109800,Aberto,2025-11-21 17:08:00.000000000
190,108568,Em Atendimento,2025-11-21 17:37:29.716491773
8127,102795,Aberto,2025-11-21 17:47:00.000000000
7699,102548,Fechado,2025-11-21 18:23:36.100318714
9160,109800,Fechado,2025-11-21 18:45:05.581425864
9159,109800,Em Atendimento,2025-11-21 19:22:30.791079947
8129,102795,Fechado,2025-11-21 21:19:10.745790540
8731,107815,Fechado,2025-11-21 21:36:09.004050580
8128,102795,Em Atendimento,2025-11-21 22:11:17.751901294
2548,106271,Aberto,2025-11-22 07:49:00.000000000
2781,106455,Aberto,2025-11-22 08:45:00.000000000
4959,107463,Aberto,2025-11-22 09:59:00.000000000
2782,106455,Em Atendimento,2025-11-22 10:27:59.970954613
4960,107463,Em Atendimento,2025-11-22 10:30:42.011695565
2549,106271,Em Atendimento,2025-11-22 12:08:50.421324451
7784,106179,Aberto,2025-11-22 13:20:00.000000000
6591,100566,Aberto,2025-11-22 13:40:00.000000000
7786,106179,Fechado,2025-11-22 13:53:51.741824331
7785,106179,Em Atendimento,2025-11-22 14:23:20.651260985
4890,101518,Aberto,2025-11-22 14:56:00.000000000
2550,106271,Fechado,2025-11-22 15:05:29.397087969
191,108568,Fechado,2025-11-22 15:47:13.354227727
6593,100566,Fechado,2025-11-22 15:57:22.761454066
4891,101518,Em Atendimento,2025-11-22 16:00:35.358310960
4961,107463,Fechado,2025-11-22 16:39:32.491620937
6592,100566,Em Atendimento,2025-11-22 18:05:39.543681841
9025,104272,Aberto,2025-11-23 07:30:00.000000000
3869,105311,Aberto,2025-11-23 07:56:00.000000000
9026,104272,Em Atendimento,2025-11-23 09:03:41.624234971
7668,103950,Aberto,2025-11-23 09:38:00.000000000
9027,104272,Fechado,2025-11-23 09:47:50.562075407
9077,104493,Aberto,2025-11-23 10:19:00.000000000
7669,103950,Em Atendimento,2025-11-23 10:22:53.474814335
7314,109505,Aberto,2025-11-23 11:04:00.000000000
7316,109505,Fechado,2025-11-23 11:26:06.879862707
3870,105311,Em Atendimento,2025-11-23 11:33:00.795113800
223,106165,Aberto,2025-11-23 12:31:00.000000000
7315,109505,Em Atendimento,2025-11-23 13:27:10.055997816
4892,101518,Fechado,2025-11-23 13:33:32.193123474
3871,105311,Fechado,2025-11-23 14:01:09.803550260
9078,104493,Em Atendimento,2025-11-23 15:06:00.489693015
7670,103950,Fechado,2025-11-23 15:25:02.514887962
5765,102691,Aberto,2025-11-23 16:14:00.000000000
7332,105423,Aberto,2025-11-23 16:52:00.000000000
7977,100744,Aberto,2025-11-23 16:58:00.000000000
7333,105423,Em Atendimento,2025-11-23 17:17:50.894586401
9079,104493,Fechado,2025-11-23 17:21:34.485191228
8311,102328,Aberto,2025-11-23 17:51:00.000000000
8312,102328,Em Atendimento,2025-11-23 19:32:04.176018253
7978,100744,Em Atendimento,2025-11-23 19:38:32.224845545
7334,105423,Fechado,2025-11-23 20:12:47.216781358
5767,102691,Fechado,2025-11-23 20:27:26.562014824
5766,102691,Em Atendimento,2025-11-23 20:49:45.152526558
8313,102328,Fechado,2025-11-23 23:24:35.136121374
7185,104010,Aberto,2025-11-24 08:39:00.000000000
6300,101071,Aberto,2025-11-24 10:43:00.000000000
7186,104010,Em Atendimento,2025-11-24 12:02:07.438308042
6301,101071,Em Atendimento,2025-11-24 12:17:41.297562028
6302,101071,Fechado,2025-11-24 14:23:11.465839268
2822,106690,Aberto,2025-11-24 16:32:00.000000000
2823,106690,Em Atendimento,2025-11-24 16:50:36.337445552
618,104680,Aberto,2025-11-24 17:27:00.000000000
7187,104010,Pendente,2025-11-24 18:55:47.030138336
619,104680,Em Atendimento,2025-11-24 20:34:14.109353323
620,104680,Fechado,2025-11-25 04:14:34.007263695
2824,106690,Pendente,2025-11-25 04:27:45.915581797
8704,106064,Aberto,2025-11-25 07:26:00.000000000
6037,101763,Aberto,2025-11-25 08:21:00.000000000
6039,101763,Fechado,2025-11-25 10:49:49.206115448
8705,106064,Em Atendimento,2025-11-25 11:08:49.705412399
6038,101763,Em Atendimento,2025-11-25 11:41:03.630794627
6414,101885,Aberto,2025-11-25 11:51:00.000000000
6415,101885,Em Atendimento,2025-11-25 15:10:28.599669128
7575,102661,Aberto,2025-11-25 15:36:00.000000000
6416,101885,Fechado,2025-11-25 16:46:49.396248822
3749,109879,Aberto,2025-11-25 18:08:00.000000000
7577,102661,Fechado,2025-11-25 18:21:41.952486528
7576,102661,Em Atendimento,2025-11-25 18:33:20.367693858
3751,109879,Fechado,2025-11-25 19:09:12.080190324
3750,109879,Em Atendimento,2025-11-25 19:16:21.761752600
8483,104744,Aberto,2025-11-26 07:23:00.000000000
3165,107540,Aberto,2025-11-26 08:16:00.000000000
8485,104744,Fechado,2025-11-26 08:21:49.731544804
3246,105696,Aberto,2025-11-26 08:30:00.000000000
7572,100918,Aberto,2025-11-26 10:12:00.000000000
3166,107540,Em Atendimento,2025-11-26 10:48:25.427846367
3167,107540,Fechado,2025-11-26 11:28:01.957616175
7573,100918,Em Atendimento,2025-11-26 11:38:52.782821024
8484,104744,Em Atendimento,2025-11-26 11:47:49.305039435
1081,106654,Aberto,2025-11-26 12:05:00.000000000
3247,105696,Em Atendimento,2025-11-26 12:17:50.485291991
4464,104862,Aberto,2025-11-26 12:38:00.000000000
4947,100430,Aberto,2025-11-26 12:55:00.000000000
1083,106654,Fechado,2025-11-26 13:59:24.574584258
4949,100430,Fechado,2025-11-26 14:00:19.154396090
8121,109911,Aberto,2025-11-26 14:03:00.000000000
3248,105696,Fechado,2025-11-26 14:08:49.032048717
4948,100430,Em Atendimento,2025-11-26 14:48:03.254918228
8123,109911,Fechado,2025-11-26 15:25:41.842696972
7574,100918,Fechado,2025-11-26 15:29:46.392823039
5938,107870,Aberto,2025-11-26 15:54:00.000000000
8122,109911,Em Atendimento,2025-11-26 16:31:15.026669137
1082,106654,Em Atendimento,2025-11-26 16:48:25.405288412
998,109510,Aberto,2025-11-26 16:56:00.000000000
999,109510,Em Atendimento,2025-11-26 17:39:04.946339493
5939,107870,Em Atendimento,2025-11-26 18:32:25.373657036
1000,109510,Pendente,2025-11-27 03:49:57.837240039
391,105031,Aberto,2025-11-27 09:18:00.000000000
9065,102908,Aberto,2025-11-27 09:24:00.000000000
5940,107870,Fechado,2025-11-27 09:48:25.249008862
8709,108824,Aberto,2025-11-27 10:19:00.000000000
7114,103421,Aberto,2025-11-27 10:54:00.000000000
392,105031,Em Atendimento,2025-11-27 11:36:53.259624286
8710,108824,Em Atendimento,2025-11-27 11:45:44.636565872
9067,102908,Fechado,2025-11-27 11:45:58.657356133
8027,107881,Aberto,2025-11-27 11:52:00.000000000
7554,109893,Aberto,2025-11-27 12:06:00.000000000
7115,103421,Em Atendimento,2025-11-27 12:14:07.286583200
8175,104385,Aberto,2025-11-27 13:25:00.000000000
9066,102908,Em Atendimento,2025-11-27 13:25:22.030502903
8711,108824,Fechado,2025-11-27 13:52:02.673312771
8028,107881,Em Atendimento,2025-11-27 13:58:58.999253781
7556,109893,Fechado,2025-11-27 14:01:06.786353294
8029,107881,Fechado,2025-11-27 14:17:45.527037304
7555,109893,Em Atendimento,2025-11-27 16:37:23.537033335
393,105031,Fechado,2025-11-27 17:02:42.924965060
8176,104385,Em Atendimento,2025-11-27 17:03:28.079440541
7116,103421,Fechado,2025-11-27 22:51:42.619655502
4536,107966,Aberto,2025-11-28 07:42:00.000000000
5653,103008,Aberto,2025-11-28 07:55:00.000000000
4537,107966,Em Atendimento,2025-11-28 07:55:03.341577939
5654,103008,Em Atendimento,2025-11-28 08:29:53.133009707
496,109306,Aberto,2025-11-28 09:16:00.000000000
4538,107966,Fechado,2025-11-28 10:08:09.898324627
5655,103008,Fechado,2025-11-28 12:41:01.903657778
497,109306,Em Atendimento,2025-11-28 13:57:05.366176087
498,109306,Fechado,2025-11-28 17:35:06.789076006
4240,102376,Aberto,2025-11-28 18:02:00.000000000
4241,102376,Em Atendimento,2025-11-28 19:16:11.091948870
4242,102376,Fechado,2025-11-28 22:27:07.555539874
7510,102441,Aberto,2025-11-29 08:23:00.000000000
2819,105961,Aberto,2025-11-29 09:51:00.000000000
2820,105961,Em Atendimento,2025-11-29 10:46:16.026989598
9242,109952,Aberto,2025-11-29 11:03:00.000000000
9243,109952,Em Atendimento,2025-11-29 11:44:25.789790794
7511,102441,Em Atendimento,2025-11-29 12:46:14.389865044
7512,102441,Fechado,2025-11-29 13:06:35.314571974
989,107477,Aberto,2025-11-29 14:35:00.000000000
7612,104891,Aberto,2025-11-29 16:39:00.000000000
9512,102997,Aberto,2025-11-29 18:32:00.000000000
990,107477,Em Atendimento,2025-11-29 18:46:10.781392602
9514,102997,Fechado,2025-11-29 18:50:00.000000000
7614,104891,Pendente,2025-11-29 20:38:03.065135954
7613,104891,Em Atendimento,2025-11-29 20:50:15.932593703
9513,102997,Em Atendimento,2025-11-29 21:51:53.500199552
9244,109952,Pendente,2025-11-29 22:55:32.939600445
991,107477,Pendente,2025-11-30 01:14:40.615158250
4742,105595,Aberto,2025-11-30 07:43:00.000000000
1892,105457,Aberto,2025-11-30 07:55:00.000000000
2821,105961,Fechado,2025-11-30 08:35:03.891255374
4562,107356,Aberto,2025-11-30 09:40:00.000000000
4743,105595,Em Atendimento,2025-11-30 09:45:21.480338634
7478,107957,Aberto,2025-11-30 11:15:00.000000000
4563,107356,Em Atendimento,2025-11-30 12:43:29.759381220
7479,107957,Em Atendimento,2025-11-30 13:58:53.230698802
6153,108260,Aberto,2025-11-30 14:38:00.000000000
4744,105595,Fechado,2025-11-30 16:15:33.578126869
4564,107356,Fechado,2025-11-30 16:20:26.842382709
1299,105593,Aberto,2025-11-30 17:46:00.000000000
7480,107957,Pendente,2025-11-30 18:12:47.909259096
6155,108260,Fechado,2025-11-30 18:20:27.146957778
6154,108260,Em Atendimento,2025-11-30 18:26:42.307083687
1301,105593,Fechado,2025-11-30 19:36:00.356583814
1300,105593,Em Atendimento,2025-11-30 22:27:05.687108226
2664,106094,Aberto,2025-12-01 10:45:00.000000000
5299,108142,Aberto,2025-12-01 11:52:00.000000000
5340,103625,Aberto,2025-12-01 12:49:00.000000000
2666,106094,Fechado,2025-12-01 13:08:10.866523963
2810,105241,Aberto,2025-12-01 13:20:00.000000000
5300,108142,Em Atendimento,2025-12-01 13:25:01.969751462
2811,105241,Em Atendimento,2025-12-01 13:35:26.892862612
2812,105241,Fechado,2025-12-01 14:39:38.322692058
2665,106094,Em Atendimento,2025-12-01 14:54:57.029008361
5341,103625,Em Atendimento,2025-12-01 15:56:59.286488125
5342,103625,Fechado,2025-12-01 23:46:15.168225686
4315,109864,Aberto,2025-12-02 07:45:00.000000000
4323,103692,Aberto,2025-12-02 08:28:00.000000000
4317,109864,Fechado,2025-12-02 08:47:40.659327373
2539,106246,Aberto,2025-12-02 09:13:00.000000000
1596,100167,Aberto,2025-12-02 10:12:00.000000000
2540,106246,Em Atendimento,2025-12-02 10:16:18.749988261
3232,107629,Aberto,2025-12-02 10:36:00.000000000
1597,100167,Em Atendimento,2025-12-02 10:54:36.244106880
4316,109864,Em Atendimento,2025-12-02 10:57:12.328911567
4324,103692,Em Atendimento,2025-12-02 11:02:03.101724352
1598,100167,Fechado,2025-12-02 12:32:56.043663450
2541,106246,Fechado,2025-12-02 14:06:03.173709483
7982,101725,Aberto,2025-12-02 14:29:00.000000000
4277,101524,Aberto,2025-12-02 14:34:00.000000000
7984,101725,Fechado,2025-12-02 14:49:46.525452280
7983,101725,Em Atendimento,2025-12-02 14:52:43.573674304
8540,103599,Aberto,2025-12-02 15:00:00.000000000
8541,103599,Em Atendimento,2025-12-02 15:22:03.084705122
3233,107629,Em Atendimento,2025-12-02 15:25:53.781848113
4325,103692,Fechado,2025-12-02 16:00:21.256933624
2284,109565,Aberto,2025-12-02 16:47:00.000000000
5944,106552,Aberto,2025-12-02 17:45:00.000000000
4278,101524,Em Atendimento,2025-12-02 18:22:03.921525390
4279,101524,Fechado,2025-12-02 19:03:41.529323335
5945,106552,Em Atendimento,2025-12-02 20:42:08.874646404
2285,109565,Em Atendimento,2025-12-02 20:47:02.227199895
5946,106552,Fechado,2025-12-02 23:33:41.266677661
8542,103599,Fechado,2025-12-03 03:33:51.497324877
2286,109565,Fechado,2025-12-03 03:59:27.527333112
294,106578,Aberto,2025-12-03 09:30:00.000000000
3553,108317,Aberto,2025-12-03 09:55:00.000000000
295,106578,Em Atendimento,2025-12-03 10:05:07.124366171
3554,108317,Em Atendimento,2025-12-03 10:49:06.597461083
296,106578,Fechado,2025-12-03 11:13:05.964353760
3555,108317,Fechado,2025-12-03 13:32:16.072251081
975,101882,Aberto,2025-12-03 14:45:00.000000000
4885,102663,Aberto,2025-12-03 16:08:00.000000000
976,101882,Em Atendimento,2025-12-03 17:13:29.520883090
977,101882,Fechado,2025-12-03 19:25:12.373953362
4886,102663,Em Atendimento,2025-12-03 19:26:25.116879818
3234,107629,Fechado,2025-12-03 19:50:20.367838129
1681,101805,Aberto,2025-12-04 11:37:00.000000000
6568,108503,Aberto,2025-12-04 12:00:00.000000000
1683,101805,Fechado,2025-12-04 12:35:35.064666919
1682,101805,Em Atendimento,2025-12-04 13:17:18.856487673
106,103427,Aberto,2025-12-04 13:29:00.000000000
6569,108503,Em Atendimento,2025-12-04 13:45:45.265535766
6570,108503,Fechado,2025-12-04 14:32:07.317076743
6142,108005,Aberto,2025-12-04 14:57:00.000000000
2230,103900,Aberto,2025-12-04 15:13:00.000000000
107,103427,Em Atendimento,2025-12-04 15:55:40.156647515
108,103427,Fechado,2025-12-04 16:20:11.200670121
6144,108005,Fechado,2025-12-04 16:30:41.545810976
8080,105546,Aberto,2025-12-04 17:24:00.000000000
2231,103900,Em Atendimento,2025-12-04 18:56:45.115617856
6143,108005,Em Atendimento,2025-12-04 19:31:59.911601684
8081,105546,Em Atendimento,2025-12-04 20:09:10.672559621
8082,105546,Fechado,2025-12-04 20:14:18.430293051
843,102948,Aberto,2025-12-05 09:43:00.000000000
3617,108257,Aberto,2025-12-05 10:51:00.000000000
3618,108257,Em Atendimento,2025-12-05 11:04:08.258721624
8124,100925,Aberto,2025-12-05 11:36:00.000000000
8085,104866,Aberto,2025-12-05 11:58:00.000000000
9135,108712,Aberto,2025-12-05 12:40:00.000000000
844,102948,Em Atendimento,2025-12-05 12:40:47.030420601
8126,100925,Fechado,2025-12-05 12:56:37.445986734
3619,108257,Fechado,2025-12-05 13:57:22.047917036
5100,105802,Aberto,2025-12-05 15:18:00.000000000
9137,108712,Fechado,2025-12-05 15:20:55.331508766
8125,100925,Em Atendimento,2025-12-05 16:13:38.056004654
8086,104866,Em Atendimento,2025-12-05 16:21:58.452402598
9136,108712,Em Atendimento,2025-12-05 16:36:14.554634102
5102,105802,Fechado,2025-12-05 16:46:20.713042999
1223,108849,Aberto,2025-12-05 18:01:00.000000000
5101,105802,Em Atendimento,2025-12-05 18:13:04.220145704
845,102948,Fechado,2025-12-05 19:42:48.350487217
1224,108849,Em Atendimento,2025-12-05 20:19:36.171462126
8087,104866,Fechado,2025-12-05 21:47:33.501937767
1225,108849,Pendente,2025-12-05 22:07:26.933386246
2884,103210,Aberto,2025-12-06 10:59:00.000000000
2885,103210,Em Atendimento,2025-12-06 12:49:21.213321187
7887,105432,Aberto,2025-12-06 13:34:00.000000000
5244,100997,Aberto,2025-12-06 13:54:00.000000000
2886,103210,Fechado,2025-12-06 16:09:23.913953922
5246,100997,Fechado,2025-12-06 17:40:07.115533273
5245,100997,Em Atendimento,2025-12-06 17:45:52.887751912
7888,105432,Em Atendimento,2025-12-06 18:08:31.937069396
7889,105432,Fechado,2025-12-07 05:46:12.809607667
94,107535,Aberto,2025-12-07 10:00:00.000000000
6078,102426,Aberto,2025-12-07 12:45:00.000000000
6008,105531,Aberto,2025-12-07 12:53:00.000000000
2961,101441,Aberto,2025-12-07 13:43:00.000000000
95,107535,Em Atendimento,2025-12-07 14:23:16.280883620
8050,101682,Aberto,2025-12-07 14:33:00.000000000
8051,101682,Em Atendimento,2025-12-07 14:46:37.610389756
6079,102426,Em Atendimento,2025-12-07 14:55:46.408020165
6080,102426,Fechado,2025-12-07 14:56:33.421736248
6009,105531,Em Atendimento,2025-12-07 17:18:36.692062421
96,107535,Pendente,2025-12-07 17:37:07.388114709
2962,101441,Em Atendimento,2025-12-07 17:43:11.027473898
8234,109579,Aberto,2025-12-07 18:43:00.000000000
8052,101682,Pendente,2025-12-07 22:05:20.079568505
8235,109579,Em Atendimento,2025-12-07 22:37:40.838700809
2963,101441,Pendente,2025-12-07 23:43:47.793804204
8236,109579,Fechado,2025-12-08 01:27:17.163998307
2137,108681,Aberto,2025-12-08 07:39:00.000000000
2248,103148,Aberto,2025-12-08 08:06:00.000000000
2249,103148,Em Atendimento,2025-12-08 08:36:42.916816791
2139,108681,Fechado,2025-12-08 09:26:22.133817427
2138,108681,Em Atendimento,2025-12-08 10:43:49.919012205
2625,100217,Aberto,2025-12-08 11:35:00.000000000
7475,109347,Aberto,2025-12-08 11:57:00.000000000
2626,100217,Em Atendimento,2025-12-08 12:40:03.151343890
2250,103148,Fechado,2025-12-08 12:43:46.010748000
5241,102093,Aberto,2025-12-08 12:53:00.000000000
5242,102093,Em Atendimento,2025-12-08 13:36:16.688278486
5243,102093,Fechado,2025-12-08 13:44:18.522350406
9497,109534,Aberto,2025-12-08 14:03:00.000000000
8813,100271,Aberto,2025-12-08 14:15:00.000000000
4480,101638,Aberto,2025-12-08 14:39:00.000000000
7476,109347,Em Atendimento,2025-12-08 15:32:49.778789866
4482,101638,Fechado,2025-12-08 15:36:28.686907674
8814,100271,Em Atendimento,2025-12-08 17:06:08.248643497
9498,109534,Em Atendimento,2025-12-08 17:55:12.372972785
4481,101638,Em Atendimento,2025-12-08 18:46:32.677556149
9499,109534,Fechado,2025-12-08 18:57:43.270744215
8815,100271,Pendente,2025-12-08 22:45:12.812620989
4573,105757,Aberto,2025-12-09 10:18:00.000000000
2287,102595,Aberto,2025-12-09 13:55:00.000000000
6129,103921,Aberto,2025-12-09 14:08:00.000000000
2289,102595,Fechado,2025-12-09 14:18:46.968247640
4574,105757,Em Atendimento,2025-12-09 14:28:40.353396219
2288,102595,Em Atendimento,2025-12-09 16:23:46.181887611
6130,103921,Em Atendimento,2025-12-09 17:06:17.331470739
6131,103921,Pendente,2025-12-09 17:11:08.467325192
832,102463,Aberto,2025-12-09 18:15:00.000000000
834,102463,Fechado,2025-12-09 18:35:19.391011422
4575,105757,Pendente,2025-12-09 20:33:50.151101160
833,102463,Em Atendimento,2025-12-09 21:53:18.354842052
4986,101231,Aberto,2025-12-10 07:37:00.000000000
3035,101490,Aberto,2025-12-10 08:46:00.000000000
4987,101231,Em Atendimento,2025-12-10 08:50:10.735461091
4988,101231,Fechado,2025-12-10 09:58:02.652037873
6811,105517,Aberto,2025-12-10 10:11:00.000000000
6354,109303,Aberto,2025-12-10 10:51:00.000000000
3037,101490,Fechado,2025-12-10 10:56:42.643512174
6355,109303,Em Atendimento,2025-12-10 12:33:25.834414046
3036,101490,Em Atendimento,2025-12-10 13:17:01.632650734
6813,105517,Fechado,2025-12-10 13:47:18.284992873
2254,101018,Aberto,2025-12-10 14:33:00.000000000
6812,105517,Em Atendimento,2025-12-10 15:06:51.736779814
6356,109303,Fechado,2025-12-10 15:36:12.052638658
5036,106924,Aberto,2025-12-10 16:31:00.000000000
2255,101018,Em Atendimento,2025-12-10 16:43:14.410031220
2256,101018,Fechado,2025-12-10 17:16:43.419831218
30,107506,Aberto,2025-12-10 17:49:00.000000000
5037,106924,Em Atendimento,2025-12-10 18:06:24.188305852
31,107506,Em Atendimento,2025-12-10 20:26:08.775453244
5038,106924,Pendente,2025-12-11 02:51:52.135336939
32,107506,Fechado,2025-12-11 03:58:29.321401399
3599,101545,Aberto,2025-12-11 08:40:00.000000000
3601,101545,Fechado,2025-12-11 12:25:14.732141882
793,101102,Aberto,2025-12-11 12:36:00.000000000
3600,101545,Em Atendimento,2025-12-11 13:20:00.640774830
722,101754,Aberto,2025-12-11 13:33:00.000000000
794,101102,Em Atendimento,2025-12-11 14:35:58.770750549
723,101754,Em Atendimento,2025-12-11 15:10:25.295773243
6741,105051,Aberto,2025-12-11 15:30:00.000000000
724,101754,Fechado,2025-12-11 19:11:29.477568188
6742,105051,Em Atendimento,2025-12-11 20:20:53.248395342
795,101102,Fechado,2025-12-11 23:26:21.923111068
422,109427,Aberto,2025-12-12 07:45:00.000000000
3511,108111,Aberto,2025-12-12 09:13:00.000000000
423,109427,Em Atendimento,2025-12-12 11:45:05.701920492
3513,108111,Fechado,2025-12-12 11:47:51.984568491
3512,108111,Em Atendimento,2025-12-12 13:30:16.640813772
8906,100678,Aberto,2025-12-12 16:50:00.000000000
8907,100678,Em Atendimento,2025-12-12 17:38:07.541798629
424,109427,Fechado,2025-12-12 19:36:09.486316108
7702,105270,Aberto,2025-12-13 10:27:00.000000000
7703,105270,Em Atendimento,2025-12-13 12:51:29.205432700
8682,100722,Aberto,2025-12-13 14:09:00.000000000
7704,105270,Fechado,2025-12-13 14:30:34.052561197
8683,100722,Em Atendimento,2025-12-13 15:14:42.385379200
8908,100678,Fechado,2025-12-13 15:58:08.995616973
8684,100722,Fechado,2025-12-13 18:59:12.202538992
8668,106224,Aberto,2025-12-14 11:10:00.000000000
8669,106224,Em Atendimento,2025-12-14 13:53:49.621858737
8670,106224,Fechado,2025-12-14 14:14:52.218424873
8870,104706,Aberto,2025-12-14 14:59:00.000000000
8871,104706,Em Atendimento,2025-12-14 15:35:24.839934853
8872,104706,Fechado,2025-12-14 16:22:36.087677678
4162,100297,Aberto,2025-12-14 16:33:00.000000000
2496,109702,Aberto,2025-12-14 17:18:00.000000000
490,108971,Aberto,2025-12-14 17:22:00.000000000
4163,100297,Em Atendimento,2025-12-14 17:57:30.673512859
8919,104498,Aberto,2025-12-14 18:06:00.000000000
492,108971,Fechado,2025-12-14 18:18:36.501751046
8921,104498,Fechado,2025-12-14 19:03:49.832424705
2497,109702,Em Atendimento,2025-12-14 19:36:14.065356135
4164,100297,Fechado,2025-12-14 20:49:44.609565813
491,108971,Em Atendimento,2025-12-14 21:24:26.820246981
8920,104498,Em Atendimento,2025-12-14 21:28:45.275887966
2498,109702,Fechado,2025-12-15 07:36:50.927272855
6034,104874,Aberto,2025-12-15 08:32:00.000000000
6036,104874,Fechado,2025-12-15 09:47:33.890585230
3289,108017,Aberto,2025-12-15 12:47:00.000000000
6035,104874,Em Atendimento,2025-12-15 12:52:54.563470173
3360,101217,Aberto,2025-12-15 13:24:00.000000000
3362,101217,Fechado,2025-12-15 14:46:28.763829350
9509,102674,Aberto,2025-12-15 14:48:00.000000000
1964,102074,Aberto,2025-12-15 16:10:00.000000000
3291,108017,Pendente,2025-12-15 16:21:56.715079343
9511,102674,Fechado,2025-12-15 16:27:55.435400517
3290,108017,Em Atendimento,2025-12-15 16:28:57.017394267
9311,108238,Aberto,2025-12-15 16:57:00.000000000
3361,101217,Em Atendimento,2025-12-15 17:26:24.296437227
9510,102674,Em Atendimento,2025-12-15 17:27:49.714665421
1965,102074,Em Atendimento,2025-12-15 18:02:43.729187402
9313,108238,Fechado,2025-12-15 18:04:01.570571911
9312,108238,Em Atendimento,2025-12-15 19:11:49.146783438
1966,102074,Fechado,2025-12-15 21:24:43.033516184
4135,102040,Aberto,2025-12-16 09:09:00.000000000
4137,102040,Fechado,2025-12-16 09:27:00.000000000
4136,102040,Em Atendimento,2025-12-16 10:52:43.175296571
3067,100539,Aberto,2025-12-16 11:12:00.000000000
3068,100539,Em Atendimento,2025-12-16 11:50:04.398268402
3069,100539,Fechado,2025-12-16 13:58:17.822564436
1712,100471,Aberto,2025-12-16 14:04:00.000000000
1713,100471,Em Atendimento,2025-12-16 14:32:55.376166726
8077,108656,Aberto,2025-12-16 15:44:00.000000000
3774,101874,Aberto,2025-12-16 16:55:00.000000000
8078,108656,Em Atendimento,2025-12-16 17:37:18.646007349
3776,101874,Fechado,2025-12-16 18:32:19.649328711
8079,108656,Fechado,2025-12-16 18:36:50.266239427
1714,100471,Fechado,2025-12-16 20:05:17.746649241
3775,101874,Em Atendimento,2025-12-16 20:18:08.829898664
9138,108129,Aberto,2025-12-17 08:22:00.000000000
9139,108129,Em Atendimento,2025-12-17 09:26:33.789393355
9155,106152,Aberto,2025-12-17 09:47:00.000000000
627,101549,Aberto,2025-12-17 09:55:00.000000000
9140,108129,Fechado,2025-12-17 10:20:21.987379146
9156,106152,Em Atendimento,2025-12-17 10:32:20.829180226
9157,106152,Fechado,2025-12-17 11:00:18.739947104
628,101549,Em Atendimento,2025-12-17 14:32:15.000018992
4432,106780,Aberto,2025-12-17 14:58:00.000000000
4433,106780,Em Atendimento,2025-12-17 18:34:23.563635308
4705,103751,Aberto,2025-12-17 18:48:00.000000000
4434,106780,Fechado,2025-12-17 20:09:27.606576102
629,101549,Pendente,2025-12-17 20:39:54.834304629
4707,103751,Fechado,2025-12-17 21:40:12.188505536
4706,103751,Em Atendimento,2025-12-17 23:45:40.464892941
1793,108065,Aberto,2025-12-18 07:37:00.000000000
5605,101315,Aberto,2025-12-18 07:56:00.000000000
1794,108065,Em Atendimento,2025-12-18 09:02:29.813031415
1795,108065,Fechado,2025-12-18 11:42:50.013865471
8221,105253,Aberto,2025-12-18 11:57:00.000000000
5606,101315,Em Atendimento,2025-12-18 12:36:20.888446346
8222,105253,Em Atendimento,2025-12-18 12:41:18.022966783
5642,104996,Aberto,2025-12-18 13:51:00.000000000
5644,104996,Fechado,2025-12-18 14:38:27.630618352
5607,101315,Fechado,2025-12-18 15:57:05.633080248
8223,105253,Fechado,2025-12-18 16:03:37.970705613
2801,106650,Aberto,2025-12-18 17:48:00.000000000
5643,104996,Em Atendimento,2025-12-18 18:45:17.949436642
2802,106650,Em Atendimento,2025-12-18 21:15:39.385057752
2803,106650,Pendente,2025-12-19 00:16:55.720199947
9167,105856,Aberto,2025-12-19 07:56:00.000000000
8785,101322,Aberto,2025-12-19 08:38:00.000000000
9168,105856,Em Atendimento,2025-12-19 09:25:53.053718321
2587,102242,Aberto,2025-12-19 12:16:00.000000000
8786,101322,Em Atendimento,2025-12-19 12:26:12.672871677
9169,105856,Pendente,2025-12-19 13:59:07.810535375
1226,101623,Aberto,2025-12-19 14:08:00.000000000
6338,106243,Aberto,2025-12-19 14:36:00.000000000
3335,109745,Aberto,2025-12-19 14:44:00.000000000
4820,108194,Aberto,2025-12-19 15:45:00.000000000
4821,108194,Em Atendimento,2025-12-19 17:49:00.503088316
1227,101623,Em Atendimento,2025-12-19 18:20:16.539236463
3336,109745,Em Atendimento,2025-12-19 18:50:23.971904841
1228,101623,Fechado,2025-12-19 19:34:35.926840381
4822,108194,Fechado,2025-12-19 19:58:03.120289446
8787,101322,Fechado,2025-12-19 21:14:03.341378066
3337,109745,Fechado,2025-12-19 21:51:57.973299117
6814,109277,Aberto,2025-12-20 11:02:00.000000000
6816,109277,Fechado,2025-12-20 14:04:45.752492860
2940,101642,Aberto,2025-12-20 14:05:00.000000000
6815,109277,Em Atendimento,2025-12-20 15:03:03.035798823
2143,107087,Aberto,2025-12-20 15:48:00.000000000
2941,101642,Em Atendimento,2025-12-20 16:43:40.234712947
3073,109339,Aberto,2025-12-20 18:34:00.000000000
3075,109339,Fechado,2025-12-20 20:53:07.319384014
2942,101642,Fechado,2025-12-20 21:09:17.160577640
3074,109339,Em Atendimento,2025-12-20 23:07:19.192870299
8262,106220,Aberto,2025-12-21 07:52:00.000000000
353,105571,Aberto,2025-12-21 09:36:00.000000000
8264,106220,Fechado,2025-12-21 09:55:30.447483818
354,105571,Em Atendimento,2025-12-21 11:03:41.526771743
873,104276,Aberto,2025-12-21 11:15:00.000000000
2046,102827,Aberto,2025-12-21 12:10:00.000000000
8263,106220,Em Atendimento,2025-12-21 12:18:40.149213297
355,105571,Fechado,2025-12-21 12:55:55.568512275
874,104276,Em Atendimento,2025-12-21 14:37:27.633385298
2048,102827,Fechado,2025-12-21 15:09:48.429895664
2047,102827,Em Atendimento,2025-12-21 15:21:27.556312774
2630,105832,Aberto,2025-12-21 16:04:00.000000000
2631,105832,Em Atendimento,2025-12-21 17:14:24.520934212
2362,103918,Aberto,2025-12-21 18:15:00.000000000
2363,103918,Em Atendimento,2025-12-21 23:04:35.915485340
2632,105832,Pendente,2025-12-22 00:34:46.639597700
6339,106806,Aberto,2025-12-22 07:28:00.000000000
9191,104574,Aberto,2025-12-22 08:54:00.000000000
6340,106806,Em Atendimento,2025-12-22 09:07:24.871986382
2227,107792,Aberto,2025-12-22 09:18:00.000000000
5879,103765,Aberto,2025-12-22 10:31:00.000000000
5768,100849,Aberto,2025-12-22 11:13:00.000000000
2228,107792,Em Atendimento,2025-12-22 12:02:16.876336712
9192,104574,Em Atendimento,2025-12-22 12:22:55.566851106
3094,102078,Aberto,2025-12-22 12:45:00.000000000
9056,109112,Aberto,2025-12-22 13:20:00.000000000
1546,108303,Aberto,2025-12-22 13:28:00.000000000
5769,100849,Em Atendimento,2025-12-22 13:42:13.306373453
3095,102078,Em Atendimento,2025-12-22 14:00:28.851750855
2229,107792,Fechado,2025-12-22 14:10:57.108386560
9057,109112,Em Atendimento,2025-12-22 14:38:41.282554470
5881,103765,Fechado,2025-12-22 14:45:41.924662994
1547,108303,Em Atendimento,2025-12-22 15:11:04.629663141
5880,103765,Em Atendimento,2025-12-22 15:21:34.025287415
3096,102078,Fechado,2025-12-22 15:59:10.753822622
2205,100686,Aberto,2025-12-22 16:47:00.000000000
1548,108303,Fechado,2025-12-22 16:47:51.432568698
5629,107666,Aberto,2025-12-22 17:30:00.000000000
1923,106536,Aberto,2025-12-22 18:35:00.000000000
5770,100849,Pendente,2025-12-22 18:49:30.035580651
2206,100686,Em Atendimento,2025-12-22 18:54:46.025554374
1924,106536,Em Atendimento,2025-12-22 19:12:14.815494334
6341,106806,Fechado,2025-12-22 20:13:50.210624113
5630,107666,Em Atendimento,2025-12-22 20:15:33.114375955
2207,100686,Fechado,2025-12-22 21:24:43.348102370
1925,106536,Fechado,2025-12-22 22:22:43.944319914
9058,109112,Fechado,2025-12-22 22:43:12.934072442
5631,107666,Fechado,2025-12-22 23:27:30.388473734
4748,107269,Aberto,2025-12-23 07:24:00.000000000
4749,107269,Em Atendimento,2025-12-23 08:46:43.612120745
1735,106180,Aberto,2025-12-23 11:00:00.000000000
8447,100156,Aberto,2025-12-23 12:01:00.000000000
8628,105653,Aberto,2025-12-23 12:16:00.000000000
6148,103010,Aberto,2025-12-23 12:22:00.000000000
4750,107269,Fechado,2025-12-23 12:26:16.118029626
7461,102498,Aberto,2025-12-23 13:59:00.000000000
1736,106180,Em Atendimento,2025-12-23 14:12:07.398579239
8629,105653,Em Atendimento,2025-12-23 14:24:10.823541643
8630,105653,Fechado,2025-12-23 14:38:40.393557195
7462,102498,Em Atendimento,2025-12-23 15:40:42.631318726
6149,103010,Em Atendimento,2025-12-23 17:00:00.497507170
7210,101444,Aberto,2025-12-24 07:41:00.000000000
2493,102714,Aberto,2025-12-24 16:47:00.000000000
8807,106296,Aberto,2025-12-24 18:02:00.000000000
2494,102714,Em Atendimento,2025-12-24 20:04:45.984358690
8809,106296,Fechado,2025-12-24 21:00:39.278384259
8808,106296,Em Atendimento,2025-12-24 21:35:46.257699128
2495,102714,Pendente,2025-12-24 23:08:54.749722030
749,108823,Aberto,2025-12-25 07:03:00.000000000
8960,102607,Aberto,2025-12-25 10:17:00.000000000
6084,101773,Aberto,2025-12-25 10:42:00.000000000
750,108823,Em Atendimento,2025-12-25 11:55:23.069555057
6086,101773,Fechado,2025-12-25 12:38:55.505804848
6085,101773,Em Atendimento,2025-12-25 13:04:53.864065705
8961,102607,Em Atendimento,2025-12-25 13:26:22.286842857
7134,101277,Aberto,2025-12-25 13:58:00.000000000
225,107834,Aberto,2025-12-25 15:33:00.000000000
227,107834,Fechado,2025-12-25 16:03:57.774700209
226,107834,Em Atendimento,2025-12-25 17:24:12.587137168
5810,108259,Aberto,2025-12-25 17:58:00.000000000
5508,107461,Aberto,2025-12-25 18:01:00.000000000
7136,101277,Fechado,2025-12-25 18:29:23.522055290
8962,102607,Fechado,2025-12-25 18:42:06.653887564
7135,101277,Em Atendimento,2025-12-25 18:42:50.233415246
6484,109568,Aberto,2025-12-25 18:43:00.000000000
5509,107461,Em Atendimento,2025-12-25 19:31:38.520755586
6486,109568,Fechado,2025-12-25 19:40:18.949187908
5811,108259,Em Atendimento,2025-12-25 22:19:21.982993961
6485,109568,Em Atendimento,2025-12-25 23:26:37.775198556
5812,108259,Fechado,2025-12-26 02:20:48.295313752
5510,107461,Fechado,2025-12-26 04:31:40.971625304
2293,101129,Aberto,2025-12-26 11:02:00.000000000
2294,101129,Em Atendimento,2025-12-26 15:52:54.778738247
2295,101129,Fechado,2025-12-27 03:24:33.578926071
1336,105251,Aberto,2025-12-27 10:59:00.000000000
1338,105251,Fechado,2025-12-27 12:03:40.535956585
1337,105251,Em Atendimento,2025-12-27 15:38:38.676723050
8161,109163,Aberto,2025-12-28 09:35:00.000000000
8162,109163,Em Atendimento,2025-12-28 10:33:25.081765683
8163,109163,Fechado,2025-12-28 10:48:01.199413052
8272,101565,Aberto,2025-12-28 15:01:00.000000000
8274,101565,Fechado,2025-12-28 16:03:57.468338203
8694,107302,Aberto,2025-12-28 16:05:00.000000000
4980,108105,Aberto,2025-12-28 16:56:00.000000000
4981,108105,Em Atendimento,2025-12-28 17:27:31.663254723
8273,101565,Em Atendimento,2025-12-28 17:32:22.054698011
1152,106802,Aberto,2025-12-28 18:23:00.000000000
4982,108105,Fechado,2025-12-28 18:32:06.512768632
8695,107302,Em Atendimento,2025-12-28 18:39:22.018324253
5517,103027,Aberto,2025-12-28 18:52:00.000000000
8696,107302,Fechado,2025-12-28 19:21:13.463300067
1153,106802,Em Atendimento,2025-12-28 20:00:34.309296002
5518,103027,Em Atendimento,2025-12-28 20:52:58.511188149
1154,106802,Fechado,2025-12-28 23:27:29.089753852
1208,104273,Aberto,2025-12-29 10:52:00.000000000
482,107541,Aberto,2025-12-29 13:07:00.000000000
4003,102564,Aberto,2025-12-29 14:55:00.000000000
1210,104273,Fechado,2025-12-29 14:55:13.164182096
4004,102564,Em Atendimento,2025-12-29 15:10:01.976289970
6022,109840,Aberto,2025-12-29 15:11:00.000000000
1209,104273,Em Atendimento,2025-12-29 15:39:43.839334176
6023,109840,Em Atendimento,2025-12-29 15:45:01.366927369
484,107541,Fechado,2025-12-29 16:19:35.547157404
483,107541,Em Atendimento,2025-12-29 16:33:44.286706488
4005,102564,Fechado,2025-12-29 16:34:42.919208348
5995,102428,Aberto,2025-12-29 17:33:00.000000000
5996,102428,Em Atendimento,2025-12-29 18:06:02.458503995
4644,101114,Aberto,2025-12-29 18:15:00.000000000
4645,101114,Em Atendimento,2025-12-29 19:16:49.746607022
5997,102428,Fechado,2025-12-30 04:29:36.639721935
5188,103602,Aberto,2025-12-30 10:17:00.000000000
2012,102257,Aberto,2025-12-30 10:18:00.000000000
2014,102257,Fechado,2025-12-30 11:33:54.178252347
2013,102257,Em Atendimento,2025-12-30 11:53:36.510610715
5494,100964,Aberto,2025-12-30 12:54:00.000000000
1087,108049,Aberto,2025-12-30 14:05:00.000000000
5189,103602,Em Atendimento,2025-12-30 14:16:43.049764582
5190,103602,Fechado,2025-12-30 14:38:19.438522398
5495,100964,Em Atendimento,2025-12-30 15:46:37.019445428
881,101666,Aberto,2025-12-30 15:54:00.000000000
5496,100964,Fechado,2025-12-30 17:54:31.327110342
3884,104391,Aberto,2025-12-30 18:53:00.000000000
1088,108049,Em Atendimento,2025-12-30 18:54:22.260100453
882,101666,Em Atendimento,2025-12-30 20:11:01.606937603
883,101666,Fechado,2025-12-30 20:47:51.808555629
1089,108049,Fechado,2025-12-30 21:36:23.911354642
3885,104391,Em Atendimento,2025-12-30 22:07:49.248996429
3886,104391,Fechado,2025-12-31 00:17:38.876594288
3773,101488,Aberto,2025-12-31 10:07:00.000000000
7799,108283,Aberto,2025-12-31 11:24:00.000000000
7801,108283,Fechado,2025-12-31 12:02:24.483950379
7800,108283,Em Atendimento,2025-12-31 12:25:18.119495398
5989,109449,Aberto,2025-12-31 17:15:00.000000000
5990,109449,Em Atendimento,2025-12-31 18:31:51.485658380
2301,101862,Aberto,2026-01-01 08:05:00.000000000
5991,109449,Fechado,2026-01-01 08:29:29.201780331
327,103861,Aberto,2026-01-01 11:20:00.000000000
2302,101862,Em Atendimento,2026-01-01 11:51:58.588679866
2303,101862,Fechado,2026-01-01 12:04:26.889539139
328,103861,Em Atendimento,2026-01-01 12:34:25.610708305
329,103861,Fechado,2026-01-01 13:54:40.015421914
3126,105519,Aberto,2026-01-01 15:48:00.000000000
4186,103413,Aberto,2026-01-01 16:02:00.000000000
4187,103413,Em Atendimento,2026-01-01 17:48:29.178447063
2239,108372,Aberto,2026-01-01 18:28:00.000000000
3127,105519,Em Atendimento,2026-01-01 19:45:41.348330207
2240,108372,Em Atendimento,2026-01-01 21:37:30.500660052
4188,103413,Fechado,2026-01-02 06:28:55.450763322
2241,108372,Fechado,2026-01-02 07:57:55.540515674
3752,104116,Aberto,2026-01-02 11:12:00.000000000
8912,104944,Aberto,2026-01-02 11:27:00.000000000
7909,109366,Aberto,2026-01-02 12:41:00.000000000
7890,104045,Aberto,2026-01-02 12:41:00.000000000
3753,104116,Em Atendimento,2026-01-02 13:30:07.793436526
7891,104045,Em Atendimento,2026-01-02 15:43:53.536514064
8913,104944,Em Atendimento,2026-01-02 15:45:08.660754322
1084,107151,Aberto,2026-01-02 16:03:00.000000000
7079,100230,Aberto,2026-01-02 16:35:00.000000000
2272,105937,Aberto,2026-01-02 16:38:00.000000000
1086,107151,Fechado,2026-01-02 16:49:33.585207826
8914,104944,Fechado,2026-01-02 17:17:50.846825792
1085,107151,Em Atendimento,2026-01-02 20:17:12.295028603
7080,100230,Em Atendimento,2026-01-02 20:42:24.170804907
2273,105937,Em Atendimento,2026-01-02 21:26:48.559731639
7081,100230,Fechado,2026-01-02 21:28:44.107539507
7892,104045,Fechado,2026-01-02 23:05:54.689935024
2274,105937,Fechado,2026-01-03 03:50:58.011898413
954,105232,Aberto,2026-01-03 07:11:00.000000000
402,106048,Aberto,2026-01-03 08:22:00.000000000
955,105232,Em Atendimento,2026-01-03 09:32:08.623868326
403,106048,Em Atendimento,2026-01-03 09:40:00.941950973
3789,108729,Aberto,2026-01-03 11:01:00.000000000
3790,108729,Em Atendimento,2026-01-03 13:56:48.759887142
3791,108729,Fechado,2026-01-03 14:14:34.979565658
956,105232,Fechado,2026-01-03 23:29:36.686132301
2337,100302,Aberto,2026-01-04 07:53:00.000000000
2061,107526,Aberto,2026-01-04 11:11:00.000000000
2063,107526,Fechado,2026-01-04 11:48:59.733572552
2062,107526,Em Atendimento,2026-01-04 11:58:11.432369971
4235,105945,Aberto,2026-01-04 12:02:00.000000000
8269,106716,Aberto,2026-01-04 12:32:00.000000000
2338,100302,Em Atendimento,2026-01-04 12:32:33.591655359
8827,100210,Aberto,2026-01-04 13:48:00.000000000
34,105369,Aberto,2026-01-04 13:58:00.000000000
8829,100210,Fechado,2026-01-04 14:15:40.023439459
4236,105945,Em Atendimento,2026-01-04 14:51:29.112504165
8271,106716,Fechado,2026-01-04 15:21:47.505335268
8270,106716,Em Atendimento,2026-01-04 15:57:23.568525879
36,105369,Fechado,2026-01-04 15:57:57.587190748
35,105369,Em Atendimento,2026-01-04 17:58:52.740887612
8828,100210,Em Atendimento,2026-01-04 18:07:55.955519776
404,101281,Aberto,2026-01-05 08:24:00.000000000
405,101281,Em Atendimento,2026-01-05 09:16:53.446930486
8592,109047,Aberto,2026-01-05 12:58:00.000000000
4091,100115,Aberto,2026-01-05 15:56:00.000000000
1865,101895,Aberto,2026-01-05 16:21:00.000000000
1866,101895,Em Atendimento,2026-01-05 16:43:23.584578884
8593,109047,Em Atendimento,2026-01-05 17:33:34.114814313
4093,100115,Fechado,2026-01-05 19:47:18.801533264
4092,100115,Em Atendimento,2026-01-05 20:36:03.052043913
8594,109047,Fechado,2026-01-05 22:04:36.715219963
1867,101895,Fechado,2026-01-05 23:06:47.182504723
1575,100760,Aberto,2026-01-06 15:40:00.000000000
1853,104090,Aberto,2026-01-06 16:09:00.000000000
6424,100870,Aberto,2026-01-06 16:50:00.000000000
6425,100870,Em Atendimento,2026-01-06 17:39:52.110638161
1854,104090,Em Atendimento,2026-01-06 19:31:38.580474539
6426,100870,Pendente,2026-01-06 22:33:31.952031185
1855,104090,Pendente,2026-01-07 00:23:29.779401903
7605,104601,Aberto,2026-01-07 09:28:00.000000000
8981,107596,Aberto,2026-01-07 10:06:00.000000000
8982,107596,Em Atendimento,2026-01-07 10:20:54.780324381
7606,104601,Em Atendimento,2026-01-07 10:56:26.221356594
1199,109763,Aberto,2026-01-07 15:24:00.000000000
7258,102249,Aberto,2026-01-07 15:40:00.000000000
7354,106754,Aberto,2026-01-07 15:48:00.000000000
3061,100951,Aberto,2026-01-07 17:19:00.000000000
169,103522,Aberto,2026-01-07 18:01:00.000000000
7356,106754,Fechado,2026-01-07 18:06:48.689495964
8983,107596,Fechado,2026-01-07 18:39:26.631285364
1200,109763,Em Atendimento,2026-01-07 18:50:31.776998365
7355,106754,Em Atendimento,2026-01-07 19:37:43.562116003
7259,102249,Em Atendimento,2026-01-07 19:48:00.823277123
3062,100951,Em Atendimento,2026-01-07 21:26:16.665860488
170,103522,Em Atendimento,2026-01-07 21:51:23.581210715
171,103522,Fechado,2026-01-07 22:31:32.800756086
7607,104601,Fechado,2026-01-07 23:33:18.704865285
1201,109763,Fechado,2026-01-08 02:57:39.555919882
3063,100951,Pendente,2026-01-08 03:05:39.408342620
7260,102249,Fechado,2026-01-08 07:32:39.927320259
6091,106051,Aberto,2026-01-08 08:11:00.000000000
2113,109562,Aberto,2026-01-08 09:11:00.000000000
3433,109781,Aberto,2026-01-08 09:23:00.000000000
6309,109330,Aberto,2026-01-08 09:42:00.000000000
1828,106074,Aberto,2026-01-08 10:06:00.000000000
2114,109562,Em Atendimento,2026-01-08 10:22:28.707308417
6092,106051,Em Atendimento,2026-01-08 11:08:36.996433231
1816,109584,Aberto,2026-01-08 11:19:00.000000000
6310,109330,Em Atendimento,2026-01-08 11:35:42.882857649
5488,108104,Aberto,2026-01-08 12:17:00.000000000
1818,109584,Fechado,2026-01-08 12:36:18.226293892
3434,109781,Em Atendimento,2026-01-08 13:03:15.826080853
5490,108104,Fechado,2026-01-08 13:57:51.087981061
3506,102902,Aberto,2026-01-08 14:03:00.000000000
1829,106074,Em Atendimento,2026-01-08 14:22:54.610781505
1817,109584,Em Atendimento,2026-01-08 14:44:09.250351372
6311,109330,Fechado,2026-01-08 15:03:13.408721449
2115,109562,Fechado,2026-01-08 16:54:31.994801932
5489,108104,Em Atendimento,2026-01-08 17:01:19.885911774
3507,102902,Em Atendimento,2026-01-08 17:24:05.134607422
9004,100333,Aberto,2026-01-08 17:41:00.000000000
9006,100333,Fechado,2026-01-08 18:00:12.514569121
9005,100333,Em Atendimento,2026-01-08 20:54:38.540923532
1830,106074,Fechado,2026-01-08 22:54:34.970524819
6093,106051,Fechado,2026-01-09 00:04:44.180905678
8258,100442,Aberto,2026-01-09 10:27:00.000000000
8259,100442,Em Atendimento,2026-01-09 11:31:23.735308285
1403,106286,Aberto,2026-01-09 14:35:00.000000000
4168,106620,Aberto,2026-01-09 14:50:00.000000000
1404,106286,Em Atendimento,2026-01-09 16:01:16.582957914
4170,106620,Fechado,2026-01-09 16:30:10.193520918
4169,106620,Em Atendimento,2026-01-09 16:54:51.442769471
1405,106286,Fechado,2026-01-09 18:59:59.363530736
8260,100442,Fechado,2026-01-09 20:45:11.720450102
4514,103906,Aberto,2026-01-10 08:02:00.000000000
7105,104121,Aberto,2026-01-10 08:25:00.000000000
8881,101358,Aberto,2026-01-10 08:47:00.000000000
4515,103906,Em Atendimento,2026-01-10 08:53:40.603246911
4516,103906,Fechado,2026-01-10 09:04:11.286053592
9199,105132,Aberto,2026-01-10 09:17:00.000000000
9200,105132,Em Atendimento,2026-01-10 09:35:20.895191238
8882,101358,Em Atendimento,2026-01-10 09:39:51.313930562
7106,104121,Em Atendimento,2026-01-10 10:36:26.538882693
3608,103259,Aberto,2026-01-10 11:56:00.000000000
2407,105729,Aberto,2026-01-10 13:33:00.000000000
2409,105729,Fechado,2026-01-10 14:46:30.088335090
2408,105729,Em Atendimento,2026-01-10 14:59:58.129901655
7107,104121,Fechado,2026-01-10 15:26:13.847369278
3609,103259,Em Atendimento,2026-01-10 15:47:12.534480334
8883,101358,Pendente,2026-01-10 16:07:57.333171682
5085,102331,Aberto,2026-01-10 16:32:00.000000000
3610,103259,Fechado,2026-01-10 22:15:55.296675706
6243,100598,Aberto,2026-01-11 07:51:00.000000000
8546,107606,Aberto,2026-01-11 08:21:00.000000000
4839,107656,Aberto,2026-01-11 09:25:00.000000000
8547,107606,Em Atendimento,2026-01-11 10:49:44.836957622
4841,107656,Fechado,2026-01-11 10:54:54.768826489
6244,100598,Em Atendimento,2026-01-11 10:59:14.641060625
6800,103254,Aberto,2026-01-11 11:04:00.000000000
4840,107656,Em Atendimento,2026-01-11 11:14:16.484816965
2917,104683,Aberto,2026-01-11 13:22:00.000000000
5776,107313,Aberto,2026-01-11 14:43:00.000000000
6802,103254,Fechado,2026-01-11 14:46:17.633174868
6801,103254,Em Atendimento,2026-01-11 14:49:13.090252239
5777,107313,Em Atendimento,2026-01-11 15:01:10.671757785
2918,104683,Em Atendimento,2026-01-11 17:04:07.507255224
2919,104683,Fechado,2026-01-12 07:01:23.530328622
3198,108742,Aberto,2026-01-12 08:03:00.000000000
3199,108742,Em Atendimento,2026-01-12 08:35:50.433106628
925,102254,Aberto,2026-01-12 10:55:00.000000000
8624,107522,Aberto,2026-01-12 12:30:00.000000000
3200,108742,Pendente,2026-01-12 13:56:59.106274783
926,102254,Em Atendimento,2026-01-12 15:21:29.242426617
927,102254,Pendente,2026-01-12 15:25:37.865388572
6245,100598,Fechado,2026-01-12 15:51:53.419517510
4223,103400,Aberto,2026-01-12 17:03:00.000000000
4225,103400,Fechado,2026-01-12 18:18:24.385109608
4224,103400,Em Atendimento,2026-01-12 21:33:49.878397566
7779,103709,Aberto,2026-01-13 07:45:00.000000000
1949,102882,Aberto,2026-01-13 10:16:00.000000000
1950,102882,Em Atendimento,2026-01-13 10:54:58.963227549
4120,101219,Aberto,2026-01-13 11:07:00.000000000
1951,102882,Fechado,2026-01-13 11:10:19.404139982
810,101574,Aberto,2026-01-13 11:19:00.000000000
7780,103709,Em Atendimento,2026-01-13 12:30:04.659345834
4121,101219,Em Atendimento,2026-01-13 13:35:27.558191564
811,101574,Em Atendimento,2026-01-13 14:30:17.558282036
4122,101219,Fechado,2026-01-13 16:27:42.761944017
1043,109361,Aberto,2026-01-13 18:43:00.000000000
1044,109361,Em Atendimento,2026-01-13 23:07:04.271772278
812,101574,Fechado,2026-01-14 07:26:40.941989486
7738,106108,Aberto,2026-01-14 12:08:00.000000000
8301,105204,Aberto,2026-01-14 12:19:00.000000000
3422,109541,Aberto,2026-01-14 12:38:00.000000000
7739,106108,Em Atendimento,2026-01-14 13:40:21.316194307
8302,105204,Em Atendimento,2026-01-14 14:39:58.057577177
3423,109541,Em Atendimento,2026-01-14 15:54:34.349030132
8721,107387,Aberto,2026-01-14 16:06:00.000000000
8723,107387,Fechado,2026-01-14 16:51:09.465843690
8722,107387,Em Atendimento,2026-01-14 16:53:27.521691262
3424,109541,Fechado,2026-01-14 18:22:19.553854956
7740,106108,Fechado,2026-01-14 22:15:17.604452758
8303,105204,Fechado,2026-01-14 23:49:41.856893899
3326,103592,Aberto,2026-01-15 09:06:00.000000000
3327,103592,Em Atendimento,2026-01-15 12:12:54.915632745
5364,102410,Aberto,2026-01-15 12:33:00.000000000
5365,102410,Em Atendimento,2026-01-15 12:51:37.317271556
1672,103863,Aberto,2026-01-15 13:31:00.000000000
5310,100771,Aberto,2026-01-15 14:21:00.000000000
2345,108116,Aberto,2026-01-15 14:42:00.000000000
1674,103863,Fechado,2026-01-15 15:37:53.602075630
9527,101774,Aberto,2026-01-15 16:00:00.000000000
5312,100771,Fechado,2026-01-15 16:44:34.651688244
2346,108116,Em Atendimento,2026-01-15 16:45:38.446276748
1673,103863,Em Atendimento,2026-01-15 17:05:49.557673599
5311,100771,Em Atendimento,2026-01-15 17:32:49.739879562
3592,105934,Aberto,2026-01-15 18:36:00.000000000
9528,101774,Em Atendimento,2026-01-15 18:40:00.506801249
9529,101774,Fechado,2026-01-15 19:56:44.835281901
3593,105934,Em Atendimento,2026-01-15 22:40:57.757850219
3594,105934,Fechado,2026-01-16 00:52:10.726433518
5366,102410,Fechado,2026-01-16 01:45:21.187003208
2347,108116,Fechado,2026-01-16 01:51:37.133751877
4714,109032,Aberto,2026-01-16 07:50:00.000000000
3328,103592,Fechado,2026-01-16 07:58:59.335889898
6233,107691,Aberto,2026-01-16 08:51:00.000000000
1375,107303,Aberto,2026-01-16 09:26:00.000000000
4715,109032,Em Atendimento,2026-01-16 10:12:18.359725350
1376,107303,Em Atendimento,2026-01-16 10:33:38.321220388
4716,109032,Fechado,2026-01-16 10:44:11.263702881
2257,107920,Aberto,2026-01-16 11:02:00.000000000
2864,101363,Aberto,2026-01-16 11:05:00.000000000
2258,107920,Em Atendimento,2026-01-16 11:28:08.662069922
6234,107691,Em Atendimento,2026-01-16 11:57:16.515924632
7006,109795,Aberto,2026-01-16 12:01:00.000000000
3634,106681,Aberto,2026-01-16 12:05:00.000000000
2866,101363,Fechado,2026-01-16 12:05:01.308818710
5313,102001,Aberto,2026-01-16 14:13:00.000000000
5783,101635,Aberto,2026-01-16 15:29:00.000000000
3635,106681,Em Atendimento,2026-01-16 15:32:44.002091147
2865,101363,Em Atendimento,2026-01-16 15:41:49.866144589
7007,109795,Em Atendimento,2026-01-16 15:55:12.095213940
7841,108674,Aberto,2026-01-16 16:18:00.000000000
5314,102001,Em Atendimento,2026-01-16 16:39:39.702762105
183,109159,Aberto,2026-01-16 16:55:00.000000000
5315,102001,Fechado,2026-01-16 16:55:01.524245562
3636,106681,Fechado,2026-01-16 17:11:12.920753707
7842,108674,Em Atendimento,2026-01-16 17:39:28.655994446
5784,101635,Em Atendimento,2026-01-16 17:49:03.174719239
5288,101727,Aberto,2026-01-16 18:23:00.000000000
6235,107691,Fechado,2026-01-16 18:30:32.571239166
185,109159,Fechado,2026-01-16 19:48:20.788458036
5289,101727,Em Atendimento,2026-01-16 19:55:57.447229106
184,109159,Em Atendimento,2026-01-16 20:03:52.300676681
5785,101635,Fechado,2026-01-16 20:43:41.120321805
1377,107303,Fechado,2026-01-17 00:07:09.568357965
7843,108674,Fechado,2026-01-17 00:34:25.147957926
2259,107920,Fechado,2026-01-17 07:33:40.632072045
4579,107873,Aberto,2026-01-17 10:30:00.000000000
8405,103547,Aberto,2026-01-17 11:58:00.000000000
4923,109556,Aberto,2026-01-17 11:59:00.000000000
4924,109556,Em Atendimento,2026-01-17 12:13:34.633963453
8366,107937,Aberto,2026-01-17 12:41:00.000000000
4483,102244,Aberto,2026-01-17 13:42:00.000000000
4484,102244,Em Atendimento,2026-01-17 14:06:15.639627128
5152,108398,Aberto,2026-01-17 14:13:00.000000000
5153,108398,Em Atendimento,2026-01-17 14:31:04.920514763
8367,107937,Em Atendimento,2026-01-17 14:35:09.718765317
1,105928,Aberto,2026-01-17 14:52:00.000000000
8406,103547,Em Atendimento,2026-01-17 15:00:39.782172404
2,105928,Em Atendimento,2026-01-17 15:10:40.052904241
4925,109556,Fechado,2026-01-17 16:08:05.045658440
3030,103161,Aberto,2026-01-17 16:59:00.000000000
5154,108398,Fechado,2026-01-17 17:33:59.532329090
3031,103161,Em Atendimento,2026-01-17 18:27:35.774067870
8407,103547,Fechado,2026-01-17 18:35:23.682162993
5290,101727,Fechado,2026-01-17 22:21:01.278563278
4485,102244,Pendente,2026-01-17 23:32:27.637095927
3032,103161,Fechado,2026-01-18 02:08:00.594748036
7340,102603,Aberto,2026-01-18 08:16:00.000000000
595,108615,Aberto,2026-01-18 11:40:00.000000000
597,108615,Fechado,2026-01-18 12:32:30.185914443
7341,102603,Em Atendimento,2026-01-18 12:49:06.521024039
7988,108422,Aberto,2026-01-18 13:15:00.000000000
7989,108422,Em Atendimento,2026-01-18 13:28:31.898626976
596,108615,Em Atendimento,2026-01-18 13:44:01.724300187
1045,102172,Aberto,2026-01-18 14:41:00.000000000
1046,102172,Em Atendimento,2026-01-18 16:21:02.350766546
7990,108422,Pendente,2026-01-18 16:45:50.896793936
3854,105220,Aberto,2026-01-18 16:59:00.000000000
3855,105220,Em Atendimento,2026-01-18 17:14:30.678360357
4523,103779,Aberto,2026-01-18 18:10:00.000000000
4525,103779,Fechado,2026-01-18 19:02:25.186706601
4524,103779,Em Atendimento,2026-01-18 20:54:37.488899991
1047,102172,Fechado,2026-01-18 21:25:15.657672602
3856,105220,Fechado,2026-01-19 01:36:29.062397618
1384,106879,Aberto,2026-01-19 16:02:00.000000000
4808,106033,Aberto,2026-01-19 16:20:00.000000000
4810,106033,Fechado,2026-01-19 16:47:39.203019399
344,102711,Aberto,2026-01-19 16:57:00.000000000
4809,106033,Em Atendimento,2026-01-19 18:53:33.764174217
1385,106879,Em Atendimento,2026-01-19 19:59:35.357676534
1386,106879,Fechado,2026-01-19 20:40:09.007770544
345,102711,Em Atendimento,2026-01-19 21:41:46.918937174
346,102711,Fechado,2026-01-20 01:20:31.151476471
2804,107651,Aberto,2026-01-20 12:00:00.000000000
2055,109925,Aberto,2026-01-20 14:11:00.000000000
2806,107651,Fechado,2026-01-20 14:44:57.270629310
2057,109925,Fechado,2026-01-20 16:06:26.907380623
2805,107651,Em Atendimento,2026-01-20 16:53:15.090756626
2056,109925,Em Atendimento,2026-01-20 17:42:42.325942986
5132,101230,Aberto,2026-01-21 08:57:00.000000000
4399,104554,Aberto,2026-01-21 11:02:00.000000000
5133,101230,Em Atendimento,2026-01-21 11:17:39.797548433
3114,100487,Aberto,2026-01-21 11:29:00.000000000
7363,107581,Aberto,2026-01-21 11:41:00.000000000
8293,104502,Aberto,2026-01-21 12:21:00.000000000
7364,107581,Em Atendimento,2026-01-21 13:01:15.567451431
7365,107581,Fechado,2026-01-21 13:34:13.997719561
3115,100487,Em Atendimento,2026-01-21 13:42:52.467564454
4400,104554,Em Atendimento,2026-01-21 14:08:29.971646370
8294,104502,Em Atendimento,2026-01-21 15:42:33.068890494
3116,100487,Fechado,2026-01-21 15:56:41.602648154
8295,104502,Fechado,2026-01-21 20:03:15.661669410
3943,105249,Aberto,2026-01-22 07:36:00.000000000
7672,108536,Aberto,2026-01-22 07:41:00.000000000
7673,108536,Em Atendimento,2026-01-22 08:15:16.241466501
3828,103588,Aberto,2026-01-22 08:37:00.000000000
7674,108536,Fechado,2026-01-22 09:23:32.165294554
3829,103588,Em Atendimento,2026-01-22 09:24:32.328706388
3934,104865,Aberto,2026-01-22 09:30:00.000000000
3944,105249,Em Atendimento,2026-01-22 09:44:58.561439224
1212,102489,Aberto,2026-01-22 10:22:00.000000000
3830,103588,Fechado,2026-01-22 10:46:11.523458808
1318,105205,Aberto,2026-01-22 11:12:00.000000000
6450,107641,Aberto,2026-01-22 11:39:00.000000000
3945,105249,Fechado,2026-01-22 12:06:19.873945267
4348,108579,Aberto,2026-01-22 12:25:00.000000000
1319,105205,Em Atendimento,2026-01-22 13:00:55.940414678
1213,102489,Em Atendimento,2026-01-22 14:25:27.315333496
6451,107641,Em Atendimento,2026-01-22 14:37:30.618144774
4350,108579,Fechado,2026-01-22 15:45:02.897072462
6040,108658,Aberto,2026-01-22 15:54:00.000000000
4349,108579,Em Atendimento,2026-01-22 16:44:39.868541312
3662,101216,Aberto,2026-01-22 17:04:00.000000000
14,107794,Aberto,2026-01-22 17:10:00.000000000
5126,105666,Aberto,2026-01-22 17:47:00.000000000
6452,107641,Fechado,2026-01-22 17:50:08.970500140
1214,102489,Fechado,2026-01-22 18:07:55.439600281
15,107794,Em Atendimento,2026-01-22 19:12:54.804724026
6041,108658,Em Atendimento,2026-01-22 19:20:53.207641469
5127,105666,Em Atendimento,2026-01-22 20:30:48.357899298
16,107794,Fechado,2026-01-22 20:31:17.593705486
2421,104455,Aberto,2026-01-23 07:45:00.000000000
2422,104455,Em Atendimento,2026-01-23 09:19:43.003250179
3643,104001,Aberto,2026-01-23 09:40:00.000000000
3644,104001,Em Atendimento,2026-01-23 09:59:12.408512991
2423,104455,Fechado,2026-01-23 13:57:41.587700565
5128,105666,Fechado,2026-01-23 18:33:17.681561943
21,105223,Aberto,2026-01-24 07:35:00.000000000
8938,100402,Aberto,2026-01-24 07:48:00.000000000
8939,100402,Em Atendimento,2026-01-24 09:10:21.153814447
4079,106839,Aberto,2026-01-24 10:51:00.000000000
6282,106441,Aberto,2026-01-24 12:13:00.000000000
4080,106839,Em Atendimento,2026-01-24 14:12:17.325592019
8940,100402,Fechado,2026-01-24 16:34:08.964274544
4081,106839,Fechado,2026-01-24 16:46:10.700631512
6283,106441,Em Atendimento,2026-01-24 16:51:39.118738723
5659,108071,Aberto,2026-01-24 17:34:00.000000000
6284,106441,Fechado,2026-01-24 21:17:30.940587699
4205,101745,Aberto,2026-01-25 07:22:00.000000000
4206,101745,Em Atendimento,2026-01-25 08:51:44.839910396
4207,101745,Fechado,2026-01-25 09:06:23.570029096
6332,102979,Aberto,2026-01-25 14:59:00.000000000
5522,103441,Aberto,2026-01-25 16:39:00.000000000
4983,103960,Aberto,2026-01-25 17:33:00.000000000
4984,103960,Em Atendimento,2026-01-25 17:53:07.760383893
9540,103016,Aberto,2026-01-25 18:42:00.000000000
5524,103441,Fechado,2026-01-25 19:22:22.109984173
6333,102979,Em Atendimento,2026-01-25 19:38:27.805025959
5523,103441,Em Atendimento,2026-01-25 21:23:09.267171734
6334,102979,Fechado,2026-01-25 22:30:24.226681108
9541,103016,Em Atendimento,2026-01-25 23:34:10.389648275
8762,100636,Aberto,2026-01-26 07:21:00.000000000
5146,101867,Aberto,2026-01-26 07:52:00.000000000
8764,100636,Fechado,2026-01-26 08:11:46.586560761
7311,105445,Aberto,2026-01-26 08:52:00.000000000
4985,103960,Fechado,2026-01-26 10:25:23.240505270
7312,105445,Em Atendimento,2026-01-26 10:32:00.729223323
9236,102168,Aberto,2026-01-26 10:38:00.000000000
8763,100636,Em Atendimento,2026-01-26 11:18:06.822343441
7327,103293,Aberto,2026-01-26 12:30:00.000000000
5147,101867,Em Atendimento,2026-01-26 12:41:31.004054293
9238,102168,Fechado,2026-01-26 12:46:54.672187873
5148,101867,Fechado,2026-01-26 12:59:57.696827307
5164,109663,Aberto,2026-01-26 13:15:00.000000000
7313,105445,Fechado,2026-01-26 14:21:35.252679426
5165,109663,Em Atendimento,2026-01-26 14:21:40.742344286
9237,102168,Em Atendimento,2026-01-26 14:29:45.553507423
7328,103293,Em Atendimento,2026-01-26 16:54:21.307565570
5166,109663,Fechado,2026-01-27 02:01:38.154776901
2612,105697,Aberto,2026-01-27 08:18:00.000000000
1579,103720,Aberto,2026-01-27 09:27:00.000000000
2480,105269,Aberto,2026-01-27 09:35:00.000000000
1580,103720,Em Atendimento,2026-01-27 10:10:14.480335780
5468,101733,Aberto,2026-01-27 10:50:00.000000000
2613,105697,Em Atendimento,2026-01-27 11:05:14.516419614
2481,105269,Em Atendimento,2026-01-27 12:01:25.358133425
2482,105269,Pendente,2026-01-27 16:25:41.286448505
2614,105697,Pendente,2026-01-27 18:43:10.690127110
4989,106123,Aberto,2026-01-28 11:00:00.000000000
4700,101828,Aberto,2026-01-28 11:07:00.000000000
5118,108747,Aberto,2026-01-28 12:11:00.000000000
4990,106123,Em Atendimento,2026-01-28 12:11:02.762023451
4788,104339,Aberto,2026-01-28 12:20:00.000000000
4701,101828,Em Atendimento,2026-01-28 12:55:05.383022472
887,108160,Aberto,2026-01-28 13:47:00.000000000
8512,106797,Aberto,2026-01-28 14:22:00.000000000
8752,102301,Aberto,2026-01-28 14:30:00.000000000
4991,106123,Fechado,2026-01-28 15:04:24.510828417
888,108160,Em Atendimento,2026-01-28 15:06:03.629677031
5119,108747,Em Atendimento,2026-01-28 15:06:30.862784101
7850,101982,Aberto,2026-01-28 15:14:00.000000000
7937,107659,Aberto,2026-01-28 15:36:00.000000000
7851,101982,Em Atendimento,2026-01-28 15:45:44.126518885
7852,101982,Fechado,2026-01-28 15:58:35.096650983
5358,100262,Aberto,2026-01-28 16:27:00.000000000
8754,102301,Fechado,2026-01-28 16:54:20.188380736
5359,100262,Em Atendimento,2026-01-28 17:34:50.086627618
8753,102301,Em Atendimento,2026-01-28 17:51:00.150621292
8513,106797,Em Atendimento,2026-01-28 18:24:56.493924708
7939,107659,Fechado,2026-01-28 19:10:11.463821922
889,108160,Fechado,2026-01-28 20:14:08.340382580
5360,100262,Fechado,2026-01-28 20:14:58.355119593
7938,107659,Em Atendimento,2026-01-28 20:34:15.746204137
8514,106797,Fechado,2026-01-29 03:01:47.582776339
5120,108747,Fechado,2026-01-29 04:47:48.271489804
3406,106496,Aberto,2026-01-29 07:03:00.000000000
3408,106496,Fechado,2026-01-29 07:54:22.971284762
667,107140,Aberto,2026-01-29 08:42:00.000000000
668,107140,Em Atendimento,2026-01-29 08:59:18.987055437
3407,106496,Em Atendimento,2026-01-29 10:00:47.039246264
669,107140,Fechado,2026-01-29 12:29:22.874002026
3385,106415,Aberto,2026-01-29 12:36:00.000000000
3386,106415,Em Atendimento,2026-01-29 15:18:03.172005442
2967,107377,Aberto,2026-01-29 18:31:00.000000000
2969,107377,Fechado,2026-01-29 19:05:14.601608155
3387,106415,Fechado,2026-01-29 19:19:10.020654447
2968,107377,Em Atendimento,2026-01-29 20:35:17.618625587
8231,109948,Aberto,2026-01-30 14:42:00.000000000
5869,109966,Aberto,2026-01-30 15:21:00.000000000
3508,102546,Aberto,2026-01-30 16:58:00.000000000
3510,102546,Fechado,2026-01-30 18:17:25.976191630
8232,109948,Em Atendimento,2026-01-30 18:58:45.407683066
3509,102546,Em Atendimento,2026-01-30 21:49:54.263441587
8233,109948,Fechado,2026-01-31 02:45:26.447003665
645,107615,Aberto,2026-01-31 07:51:00.000000000
4815,107324,Aberto,2026-01-31 08:01:00.000000000
646,107615,Em Atendimento,2026-01-31 09:29:58.923187500
4816,107324,Em Atendimento,2026-01-31 09:38:32.617938954
3384,107877,Aberto,2026-01-31 10:37:00.000000000
3689,109102,Aberto,2026-01-31 11:11:00.000000000
5715,106267,Aberto,2026-01-31 11:56:00.000000000
3623,106987,Aberto,2026-01-31 12:30:00.000000000
1920,103696,Aberto,2026-01-31 12:35:00.000000000
3690,109102,Em Atendimento,2026-01-31 12:53:07.552844044
3624,106987,Em Atendimento,2026-01-31 12:54:06.225005107
3571,104588,Aberto,2026-01-31 12:56:00.000000000
3572,104588,Em Atendimento,2026-01-31 14:34:55.014856936
1921,103696,Em Atendimento,2026-01-31 15:22:35.454783801
4423,108563,Aberto,2026-01-31 16:08:00.000000000
4424,108563,Em Atendimento,2026-01-31 16:27:56.150565682
647,107615,Fechado,2026-01-31 16:48:04.054821768
8203,107434,Aberto,2026-01-31 17:04:00.000000000
8204,107434,Em Atendimento,2026-01-31 19:11:47.962260439
4425,108563,Fechado,2026-01-31 19:33:50.576299896
8205,107434,Fechado,2026-01-31 22:44:35.337794577
1922,103696,Fechado,2026-02-01 03:11:26.995460288
3497,105822,Aberto,2026-02-01 09:52:00.000000000
3499,105822,Fechado,2026-02-01 10:20:11.532158904
3573,104588,Fechado,2026-02-01 11:12:40.457232566
5681,101486,Aberto,2026-02-01 12:02:00.000000000
1374,100182,Aberto,2026-02-01 12:16:00.000000000
5067,106495,Aberto,2026-02-01 13:14:00.000000000
5920,105686,Aberto,2026-02-01 13:56:00.000000000
5682,101486,Em Atendimento,2026-02-01 14:09:31.850690660
3498,105822,Em Atendimento,2026-02-01 14:16:31.556742361
5068,106495,Em Atendimento,2026-02-01 15:24:03.904890874
581,101823,Aberto,2026-02-01 15:34:00.000000000
582,101823,Em Atendimento,2026-02-01 15:52:09.560165071
583,101823,Fechado,2026-02-01 16:29:57.447960700
5069,106495,Fechado,2026-02-01 16:47:38.424556684
5683,101486,Fechado,2026-02-01 17:44:25.243081048
5921,105686,Em Atendimento,2026-02-01 18:28:04.214424291
8152,109572,Aberto,2026-02-02 12:28:00.000000000
8154,109572,Fechado,2026-02-02 13:06:57.815961781
8153,109572,Em Atendimento,2026-02-02 15:20:16.442195643
3986,102872,Aberto,2026-02-02 15:58:00.000000000
9520,104280,Aberto,2026-02-02 16:29:00.000000000
9522,104280,Fechado,2026-02-02 16:47:00.000000000
6324,102333,Aberto,2026-02-02 17:17:00.000000000
1856,109592,Aberto,2026-02-02 17:32:00.000000000
6326,102333,Fechado,2026-02-02 17:55:19.728286216
379,109616,Aberto,2026-02-02 17:56:00.000000000
9521,104280,Em Atendimento,2026-02-02 19:15:18.550304404
1858,109592,Fechado,2026-02-02 19:37:57.924188664
381,109616,Fechado,2026-02-02 19:40:34.943223577
6325,102333,Em Atendimento,2026-02-02 19:42:32.156822465
1857,109592,Em Atendimento,2026-02-02 20:05:05.002143194
3987,102872,Em Atendimento,2026-02-02 20:19:49.732709978
380,109616,Em Atendimento,2026-02-02 21:00:26.212528561
3988,102872,Fechado,2026-02-02 23:38:03.603672213
5543,103934,Aberto,2026-02-03 07:37:00.000000000
8104,109477,Aberto,2026-02-03 07:57:00.000000000
5544,103934,Em Atendimento,2026-02-03 10:02:07.704824122
7484,103107,Aberto,2026-02-03 15:40:00.000000000
6563,101009,Aberto,2026-02-03 16:08:00.000000000
7485,103107,Em Atendimento,2026-02-03 16:15:23.585973682
6564,101009,Em Atendimento,2026-02-03 19:15:50.319838246
6565,101009,Fechado,2026-02-03 19:56:36.795176618
7486,103107,Fechado,2026-02-04 00:09:09.742810912
6975,109607,Aberto,2026-02-04 08:47:00.000000000
6977,109607,Fechado,2026-02-04 09:14:40.706312958
6976,109607,Em Atendimento,2026-02-04 12:41:43.467371056
3079,106926,Aberto,2026-02-04 12:50:00.000000000
3081,106926,Fechado,2026-02-04 13:58:36.843333176
3080,106926,Em Atendimento,2026-02-04 14:59:06.641497759
1902,101769,Aberto,2026-02-04 15:52:00.000000000
1903,101769,Em Atendimento,2026-02-04 17:51:25.401747292
1904,101769,Fechado,2026-02-04 21:23:03.981201495
806,102051,Aberto,2026-02-05 08:22:00.000000000
8118,102807,Aberto,2026-02-05 09:11:00.000000000
867,109897,Aberto,2026-02-05 09:21:00.000000000
7432,102299,Aberto,2026-02-05 09:51:00.000000000
807,102051,Em Atendimento,2026-02-05 10:45:36.766018624
869,109897,Fechado,2026-02-05 10:45:59.489423748
8476,100940,Aberto,2026-02-05 10:59:00.000000000
5750,100021,Aberto,2026-02-05 11:02:00.000000000
6399,101252,Aberto,2026-02-05 11:41:00.000000000
8119,102807,Em Atendimento,2026-02-05 11:41:49.278090341
7433,102299,Em Atendimento,2026-02-05 13:13:38.449458749
8120,102807,Pendente,2026-02-05 13:27:53.847052352
5752,100021,Fechado,2026-02-05 13:30:27.982540192
2510,100403,Aberto,2026-02-05 13:43:00.000000000
868,109897,Em Atendimento,2026-02-05 13:52:05.671141168
2511,100403,Em Atendimento,2026-02-05 14:07:17.001494912
5751,100021,Em Atendimento,2026-02-05 14:25:58.584274920
6400,101252,Em Atendimento,2026-02-05 14:43:25.051053119
6692,101153,Aberto,2026-02-05 18:32:00.000000000
4456,107482,Aberto,2026-02-05 18:43:00.000000000
4458,107482,Fechado,2026-02-05 19:03:25.878851912
2512,100403,Fechado,2026-02-05 19:10:23.783951448
7434,102299,Fechado,2026-02-05 21:02:03.826853379
4457,107482,Em Atendimento,2026-02-05 21:47:48.755902239
6401,101252,Fechado,2026-02-05 23:11:33.077001171
7526,105387,Aberto,2026-02-06 15:28:00.000000000
7527,105387,Em Atendimento,2026-02-06 16:27:59.762140968
7528,105387,Fechado,2026-02-06 19:49:24.268073914
73,105962,Aberto,2026-02-07 12:52:00.000000000
74,105962,Em Atendimento,2026-02-07 14:04:39.675587761
855,100451,Aberto,2026-02-07 14:54:00.000000000
75,105962,Fechado,2026-02-07 15:41:33.489798330
856,100451,Em Atendimento,2026-02-07 15:52:01.998299308
857,100451,Fechado,2026-02-07 16:18:28.589846788
688,103341,Aberto,2026-02-07 17:01:00.000000000
689,103341,Em Atendimento,2026-02-07 17:26:03.440760396
690,103341,Fechado,2026-02-07 20:10:06.032635218
837,103069,Aberto,2026-02-08 08:09:00.000000000
839,103069,Fechado,2026-02-08 09:14:55.130910248
838,103069,Em Atendimento,2026-02-08 09:48:28.175861451
4129,107616,Aberto,2026-02-08 11:39:00.000000000
4131,107616,Fechado,2026-02-08 12:55:14.364907852
5379,109741,Aberto,2026-02-08 13:26:00.000000000
2322,106942,Aberto,2026-02-08 14:02:00.000000000
4130,107616,Em Atendimento,2026-02-08 14:11:44.883409759
5380,109741,Em Atendimento,2026-02-08 15:19:45.432897317
2323,106942,Em Atendimento,2026-02-08 15:24:22.228838884
2324,106942,Fechado,2026-02-08 17:28:22.174578852
7823,105990,Aberto,2026-02-09 10:12:00.000000000
7825,105990,Fechado,2026-02-09 11:48:45.001532300
4832,107204,Aberto,2026-02-09 12:15:00.000000000
1071,105670,Aberto,2026-02-09 12:26:00.000000000
4834,107204,Fechado,2026-02-09 12:52:20.738493519
7659,103724,Aberto,2026-02-09 13:05:00.000000000
1072,105670,Em Atendimento,2026-02-09 13:18:05.795339095
7824,105990,Em Atendimento,2026-02-09 14:28:11.776829512
4833,107204,Em Atendimento,2026-02-09 15:03:23.132973957
2606,101976,Aberto,2026-02-09 15:32:00.000000000
7661,103724,Fechado,2026-02-09 15:54:45.690406449
7660,103724,Em Atendimento,2026-02-09 16:13:54.680531721
2607,101976,Em Atendimento,2026-02-09 17:09:29.265152720
1658,102008,Aberto,2026-02-09 17:14:00.000000000
1073,105670,Fechado,2026-02-09 17:37:01.174269213
1660,102008,Fechado,2026-02-09 18:32:09.368863394
103,108057,Aberto,2026-02-09 18:47:00.000000000
1659,102008,Em Atendimento,2026-02-09 20:33:07.021236544
104,108057,Em Atendimento,2026-02-09 22:35:03.930278732
105,108057,Fechado,2026-02-09 22:59:45.822947958
2608,101976,Fechado,2026-02-09 23:27:27.366857630
2385,101671,Aberto,2026-02-10 10:36:00.000000000
7380,109783,Aberto,2026-02-10 11:52:00.000000000
2182,102394,Aberto,2026-02-10 12:11:00.000000000
7381,109783,Em Atendimento,2026-02-10 12:57:13.835032378
7382,109783,Fechado,2026-02-10 14:20:48.218580109
2386,101671,Em Atendimento,2026-02-10 15:05:45.216751712
2183,102394,Em Atendimento,2026-02-10 16:38:10.281040496
2184,102394,Fechado,2026-02-10 16:46:53.747466568
3860,106773,Aberto,2026-02-10 16:55:00.000000000
3862,106773,Fechado,2026-02-10 18:09:23.845126390
3861,106773,Em Atendimento,2026-02-10 19:15:03.011296853
1610,109885,Aberto,2026-02-11 08:15:00.000000000
1612,109885,Fechado,2026-02-11 08:42:15.123401578
5548,107047,Aberto,2026-02-11 08:51:00.000000000
5549,107047,Em Atendimento,2026-02-11 09:17:07.333881960
1608,101944,Aberto,2026-02-11 10:12:00.000000000
4917,109329,Aberto,2026-02-11 11:51:00.000000000
1609,101944,Em Atendimento,2026-02-11 12:25:07.532432352
1611,109885,Em Atendimento,2026-02-11 12:52:10.907960224
4918,109329,Em Atendimento,2026-02-11 13:21:50.459710905
5550,107047,Fechado,2026-02-11 13:49:59.893284763
4919,109329,Pendente,2026-02-11 18:37:02.613004013
8192,100083,Aberto,2026-02-12 18:28:00.000000000
8193,100083,Em Atendimento,2026-02-12 19:08:35.389685587
8194,100083,Fechado,2026-02-12 20:52:00.965749521
5491,108240,Aberto,2026-02-13 08:10:00.000000000
3983,103392,Aberto,2026-02-13 08:11:00.000000000
5492,108240,Em Atendimento,2026-02-13 08:42:43.735217905
5493,108240,Fechado,2026-02-13 10:08:33.258383983
3984,103392,Em Atendimento,2026-02-13 10:23:21.468620522
5293,104616,Aberto,2026-02-13 10:57:00.000000000
5295,104616,Fechado,2026-02-13 11:35:37.958579808
5294,104616,Em Atendimento,2026-02-13 14:33:52.067860122
3985,103392,Fechado,2026-02-13 14:54:30.766722920
364,109919,Aberto,2026-02-14 07:06:00.000000000
366,109919,Fechado,2026-02-14 08:09:16.510580287
4625,104505,Aberto,2026-02-14 08:18:00.000000000
2718,109152,Aberto,2026-02-14 08:56:00.000000000
4626,104505,Em Atendimento,2026-02-14 08:59:45.327546650
208,100567,Aberto,2026-02-14 09:20:00.000000000
2845,105443,Aberto,2026-02-14 09:30:00.000000000
365,109919,Em Atendimento,2026-02-14 09:55:07.742092594
4627,104505,Fechado,2026-02-14 10:22:30.215652164
8030,100615,Aberto,2026-02-14 11:06:00.000000000
2719,109152,Em Atendimento,2026-02-14 11:36:32.365295271
823,108345,Aberto,2026-02-14 12:13:00.000000000
209,100567,Em Atendimento,2026-02-14 12:35:25.212562572
2846,105443,Em Atendimento,2026-02-14 13:31:39.160984660
210,100567,Fechado,2026-02-14 13:45:50.831281808
8031,100615,Em Atendimento,2026-02-14 15:42:23.434726777
824,108345,Em Atendimento,2026-02-14 15:50:50.743269642
8032,100615,Pendente,2026-02-14 16:53:26.285096422
2720,109152,Pendente,2026-02-14 17:25:22.779938822
825,108345,Fechado,2026-02-14 20:32:41.271112434
6855,103158,Aberto,2026-02-15 10:34:00.000000000
6856,103158,Em Atendimento,2026-02-15 11:13:28.008687855
5632,107521,Aberto,2026-02-15 11:45:00.000000000
6857,103158,Fechado,2026-02-15 13:03:39.024125390
6903,108198,Aberto,2026-02-16 11:45:00.000000000
8379,102919,Aberto,2026-02-16 12:46:00.000000000
3450,106425,Aberto,2026-02-16 13:40:00.000000000
8130,106349,Aberto,2026-02-16 14:13:00.000000000
6904,108198,Em Atendimento,2026-02-16 14:18:33.956886135
8132,106349,Fechado,2026-02-16 14:40:10.868181253
8380,102919,Em Atendimento,2026-02-16 14:45:41.674737655
8131,106349,Em Atendimento,2026-02-16 14:49:52.408178287
6905,108198,Fechado,2026-02-16 17:04:25.949925537
3451,106425,Em Atendimento,2026-02-16 17:13:17.435410211
8381,102919,Fechado,2026-02-16 17:40:12.500622021
630,105380,Aberto,2026-02-17 12:25:00.000000000
2444,109436,Aberto,2026-02-17 12:46:00.000000000
632,105380,Fechado,2026-02-17 14:10:27.979908019
631,105380,Em Atendimento,2026-02-17 15:17:33.345443472
2445,109436,Em Atendimento,2026-02-17 17:28:23.057831131
2446,109436,Fechado,2026-02-17 20:01:22.571697938
6761,103516,Aberto,2026-02-18 07:39:00.000000000
3767,101135,Aberto,2026-02-18 08:48:00.000000000
6762,103516,Em Atendimento,2026-02-18 09:55:53.576947045
3768,101135,Em Atendimento,2026-02-18 10:30:08.793870649
3769,101135,Fechado,2026-02-18 10:49:53.576481871
297,105799,Aberto,2026-02-18 11:51:00.000000000
2756,105963,Aberto,2026-02-18 14:19:00.000000000
3916,104723,Aberto,2026-02-18 14:57:00.000000000
2758,105963,Fechado,2026-02-18 16:09:25.581484312
298,105799,Em Atendimento,2026-02-18 16:41:43.801846685
8473,102713,Aberto,2026-02-18 16:43:00.000000000
4526,100980,Aberto,2026-02-18 17:00:00.000000000
2757,105963,Em Atendimento,2026-02-18 17:30:35.588385794
6824,101911,Aberto,2026-02-18 17:37:00.000000000
778,107840,Aberto,2026-02-18 17:41:00.000000000
8474,102713,Em Atendimento,2026-02-18 18:28:22.638280792
1267,109335,Aberto,2026-02-18 18:37:00.000000000
4527,100980,Em Atendimento,2026-02-18 19:11:53.928129858
3917,104723,Em Atendimento,2026-02-18 19:23:01.436077580
6826,101911,Fechado,2026-02-18 20:00:47.199260882
299,105799,Pendente,2026-02-18 20:00:54.856410517
1269,109335,Fechado,2026-02-18 20:07:38.305076284
779,107840,Em Atendimento,2026-02-18 20:19:48.739490045
8475,102713,Fechado,2026-02-18 20:22:13.540734439
1268,109335,Em Atendimento,2026-02-18 20:52:35.338494003
6825,101911,Em Atendimento,2026-02-18 21:11:59.132488935
3918,104723,Fechado,2026-02-18 21:56:11.077997528
4528,100980,Fechado,2026-02-19 01:46:08.751006962
6763,103516,Fechado,2026-02-19 02:28:44.728923457
4545,105952,Aberto,2026-02-19 07:30:00.000000000
3316,107584,Aberto,2026-02-19 07:34:00.000000000
4546,105952,Em Atendimento,2026-02-19 10:01:16.862184734
4548,109539,Aberto,2026-02-19 10:10:00.000000000
3317,107584,Em Atendimento,2026-02-19 10:45:04.153011847
4547,105952,Fechado,2026-02-19 12:10:26.549363179
4549,109539,Em Atendimento,2026-02-19 12:34:49.996016609
780,107840,Fechado,2026-02-19 13:09:54.853582468
3318,107584,Fechado,2026-02-19 14:42:11.207932015
1311,100323,Aberto,2026-02-19 15:00:00.000000000
1313,100323,Fechado,2026-02-19 16:13:00.764853686
2786,108809,Aberto,2026-02-19 16:39:00.000000000
7117,108410,Aberto,2026-02-19 17:47:00.000000000
1312,100323,Em Atendimento,2026-02-19 19:09:38.805953253
2787,108809,Em Atendimento,2026-02-19 19:33:01.587510613
7119,108410,Fechado,2026-02-19 19:42:17.159821003
7118,108410,Em Atendimento,2026-02-19 22:19:15.138267789
2788,108809,Pendente,2026-02-19 22:37:23.647866566
8324,109216,Aberto,2026-02-20 07:07:00.000000000
3313,107053,Aberto,2026-02-20 07:52:00.000000000
4097,107648,Aberto,2026-02-20 08:35:00.000000000
3314,107053,Em Atendimento,2026-02-20 10:04:04.726093356
8325,109216,Em Atendimento,2026-02-20 11:13:41.016834002
4098,107648,Em Atendimento,2026-02-20 11:45:16.507392927
6645,104855,Aberto,2026-02-20 13:39:00.000000000
3315,107053,Fechado,2026-02-20 13:40:50.346729784
6646,104855,Em Atendimento,2026-02-20 14:58:10.675791799
6647,104855,Fechado,2026-02-20 15:51:49.088177229
465,105831,Aberto,2026-02-20 16:54:00.000000000
584,103535,Aberto,2026-02-20 17:05:00.000000000
466,105831,Em Atendimento,2026-02-20 17:39:46.536365906
586,103535,Fechado,2026-02-20 17:41:36.442898460
585,103535,Em Atendimento,2026-02-20 18:18:23.726894811
467,105831,Fechado,2026-02-20 20:46:16.851688647
4099,107648,Fechado,2026-02-20 21:10:14.328580138
3076,108348,Aberto,2026-02-21 07:58:00.000000000
3078,108348,Fechado,2026-02-21 09:16:53.808056956
8371,101498,Aberto,2026-02-21 10:40:00.000000000
2976,100177,Aberto,2026-02-21 11:30:00.000000000
3077,108348,Em Atendimento,2026-02-21 12:45:15.052829561
2977,100177,Em Atendimento,2026-02-21 13:23:05.918489145
8372,101498,Em Atendimento,2026-02-21 14:16:38.902490686
1419,108043,Aberto,2026-02-21 15:14:00.000000000
4405,109585,Aberto,2026-02-21 16:09:00.000000000
8373,101498,Fechado,2026-02-21 17:29:46.607901913
2567,104043,Aberto,2026-02-21 18:01:00.000000000
1420,108043,Em Atendimento,2026-02-21 19:40:10.129033524
4406,109585,Em Atendimento,2026-02-21 20:37:36.786796437
2569,104043,Fechado,2026-02-21 21:18:33.179523496
2568,104043,Em Atendimento,2026-02-21 22:20:32.183447630
1421,108043,Fechado,2026-02-21 22:24:41.181076117
4407,109585,Pendente,2026-02-22 00:08:26.351691933
5935,100721,Aberto,2026-02-22 09:33:00.000000000
7596,100789,Aberto,2026-02-22 12:26:00.000000000
5936,100721,Em Atendimento,2026-02-22 14:13:56.284382267
7597,100789,Em Atendimento,2026-02-22 14:48:52.977412320
5937,100721,Fechado,2026-02-22 21:44:27.111574518
7598,100789,Fechado,2026-02-23 01:57:35.164026400
6723,106099,Aberto,2026-02-23 07:02:00.000000000
890,101595,Aberto,2026-02-23 11:21:00.000000000
6479,107174,Aberto,2026-02-23 11:34:00.000000000
3672,103230,Aberto,2026-02-23 11:41:00.000000000
3673,103230,Em Atendimento,2026-02-23 12:47:46.573444334
4633,103388,Aberto,2026-02-23 13:17:00.000000000
388,100591,Aberto,2026-02-23 13:20:00.000000000
3812,101045,Aberto,2026-02-23 13:52:00.000000000
1057,109720,Aberto,2026-02-23 14:30:00.000000000
389,100591,Em Atendimento,2026-02-23 14:48:34.438355451
6972,104263,Aberto,2026-02-23 14:56:00.000000000
891,101595,Em Atendimento,2026-02-23 15:41:01.836186745
1058,109720,Em Atendimento,2026-02-23 15:49:17.462065845
4634,103388,Em Atendimento,2026-02-23 16:00:50.483738719
3813,101045,Em Atendimento,2026-02-23 16:05:48.835238307
6480,107174,Em Atendimento,2026-02-23 16:16:15.249091700
6481,107174,Fechado,2026-02-23 17:15:27.200327755
6974,104263,Fechado,2026-02-23 17:50:36.086926939
6973,104263,Em Atendimento,2026-02-23 17:52:14.929222669
3674,103230,Pendente,2026-02-23 19:03:17.824975417
3814,101045,Fechado,2026-02-23 22:27:27.960545709
390,100591,Pendente,2026-02-24 00:06:11.752535202
892,101595,Fechado,2026-02-24 03:30:25.369247120
3740,100701,Aberto,2026-02-24 07:14:00.000000000
277,108373,Aberto,2026-02-24 09:05:00.000000000
9107,100645,Aberto,2026-02-24 09:29:00.000000000
7299,109485,Aberto,2026-02-24 09:35:00.000000000
3711,108044,Aberto,2026-02-24 09:37:00.000000000
3741,100701,Em Atendimento,2026-02-24 09:54:21.401680084
278,108373,Em Atendimento,2026-02-24 10:09:42.033400079
9108,100645,Em Atendimento,2026-02-24 10:22:24.345849705
2147,106962,Aberto,2026-02-24 10:53:00.000000000
3712,108044,Em Atendimento,2026-02-24 11:28:06.075070968
3742,100701,Fechado,2026-02-24 11:52:54.833435707
7301,109485,Pendente,2026-02-24 12:58:05.020625703
7300,109485,Em Atendimento,2026-02-24 13:56:40.738423073
2148,106962,Em Atendimento,2026-02-24 14:16:41.962342184
9109,100645,Fechado,2026-02-24 14:41:13.054125862
5252,105943,Aberto,2026-02-24 14:45:00.000000000
4496,100200,Aberto,2026-02-24 14:53:00.000000000
2149,106962,Fechado,2026-02-24 15:07:47.721278806
279,108373,Pendente,2026-02-24 15:12:18.088543913
4341,101334,Aberto,2026-02-24 16:39:00.000000000
4342,101334,Em Atendimento,2026-02-24 17:15:18.668928452
5253,105943,Em Atendimento,2026-02-24 17:25:30.904255796
9022,103151,Aberto,2026-02-24 17:34:00.000000000
9023,103151,Em Atendimento,2026-02-24 21:14:50.431495523
4343,101334,Fechado,2026-02-24 21:58:41.352991428
9024,103151,Fechado,2026-02-24 22:54:18.796579861
5254,105943,Fechado,2026-02-25 08:13:30.462621859
5851,104777,Aberto,2026-02-25 11:19:00.000000000
861,105838,Aberto,2026-02-25 12:27:00.000000000
3252,102806,Aberto,2026-02-25 12:46:00.000000000
9041,107191,Aberto,2026-02-25 13:15:00.000000000
9042,107191,Em Atendimento,2026-02-25 13:46:09.791455944
5853,104777,Fechado,2026-02-25 14:02:37.324014470
9043,107191,Fechado,2026-02-25 14:09:07.496979001
5852,104777,Em Atendimento,2026-02-25 14:41:15.143803840
862,105838,Em Atendimento,2026-02-25 15:24:20.388479071
5540,104826,Aberto,2026-02-25 15:48:00.000000000
3253,102806,Em Atendimento,2026-02-25 16:56:44.695750322
5541,104826,Em Atendimento,2026-02-25 17:21:56.557631773
6464,102534,Aberto,2026-02-25 18:47:00.000000000
4094,108664,Aberto,2026-02-25 18:54:00.000000000
5542,104826,Fechado,2026-02-25 19:13:02.935244816
4095,108664,Em Atendimento,2026-02-25 20:33:34.038022650
4096,108664,Fechado,2026-02-25 20:36:33.928984209
863,105838,Fechado,2026-02-25 20:57:46.340698978
6466,102534,Fechado,2026-02-25 22:31:35.880177030
6465,102534,Em Atendimento,2026-02-25 22:43:08.016058979
3254,102806,Fechado,2026-02-26 04:46:29.850522246
6611,106715,Aberto,2026-02-26 12:19:00.000000000
6612,106715,Em Atendimento,2026-02-26 14:09:08.320970102
413,100411,Aberto,2026-02-26 16:56:00.000000000
9317,105308,Aberto,2026-02-26 18:48:00.000000000
415,100411,Fechado,2026-02-26 19:31:41.028441514
414,100411,Em Atendimento,2026-02-26 19:32:17.943291427
6613,106715,Fechado,2026-02-26 20:03:21.747501088
9319,105308,Fechado,2026-02-26 21:01:41.827064898
9318,105308,Em Atendimento,2026-02-26 23:16:13.079246072
6525,104813,Aberto,2026-02-27 11:22:00.000000000
1632,109146,Aberto,2026-02-27 14:45:00.000000000
1633,109146,Em Atendimento,2026-02-27 15:44:47.041065793
6526,104813,Em Atendimento,2026-02-27 15:50:05.671129960
1634,109146,Fechado,2026-02-27 16:20:00.775153993
5329,103195,Aberto,2026-02-27 16:50:00.000000000
5330,103195,Em Atendimento,2026-02-27 17:35:21.181077032
6527,104813,Fechado,2026-02-27 18:01:20.977568114
5276,105518,Aberto,2026-02-28 07:34:00.000000000
4246,104318,Aberto,2026-02-28 09:37:00.000000000
5277,105518,Em Atendimento,2026-02-28 10:36:27.454139186
7794,104065,Aberto,2026-02-28 11:03:00.000000000
1416,101376,Aberto,2026-02-28 11:54:00.000000000
4248,104318,Fechado,2026-02-28 12:21:53.412772974
5278,105518,Fechado,2026-02-28 13:10:05.534730612
4247,104318,Em Atendimento,2026-02-28 14:06:52.207855388
1417,101376,Em Atendimento,2026-02-28 15:57:27.960174413
8357,102375,Aberto,2026-02-28 16:42:00.000000000
8359,102375,Fechado,2026-02-28 18:55:23.856006568
8358,102375,Em Atendimento,2026-02-28 19:21:37.599742198
1418,101376,Fechado,2026-02-28 19:34:01.767575492
9278,102131,Aberto,2026-03-01 07:35:00.000000000
9279,102131,Em Atendimento,2026-03-01 08:01:33.606070125
5478,104895,Aberto,2026-03-01 08:33:00.000000000
5479,104895,Em Atendimento,2026-03-01 11:05:32.544200202
7611,101625,Aberto,2026-03-01 12:30:00.000000000
5705,100526,Aberto,2026-03-01 12:52:00.000000000
2078,108968,Aberto,2026-03-01 15:44:00.000000000
2079,108968,Em Atendimento,2026-03-01 16:11:55.509444815
2529,101247,Aberto,2026-03-01 16:27:00.000000000
2530,101247,Em Atendimento,2026-03-01 16:39:53.166473796
5706,100526,Em Atendimento,2026-03-01 17:28:52.268713894
5707,100526,Fechado,2026-03-01 23:45:03.772728736
2080,108968,Fechado,2026-03-02 00:08:37.797107756
9152,107647,Aberto,2026-03-02 09:31:00.000000000
8655,103511,Aberto,2026-03-02 09:51:00.000000000
8657,103511,Fechado,2026-03-02 10:58:08.155302142
8656,103511,Em Atendimento,2026-03-02 11:37:25.393384610
9154,107647,Fechado,2026-03-02 11:48:17.169549500
952,100974,Aberto,2026-03-02 12:05:00.000000000
9153,107647,Em Atendimento,2026-03-02 12:24:35.425624370
953,100974,Em Atendimento,2026-03-02 12:31:49.102226844
5180,104217,Aberto,2026-03-02 13:44:00.000000000
3589,106310,Aberto,2026-03-02 14:51:00.000000000
5181,104217,Em Atendimento,2026-03-02 15:32:24.084492543
3590,106310,Em Atendimento,2026-03-02 16:02:30.321287175
3863,106037,Aberto,2026-03-02 16:13:00.000000000
5182,104217,Fechado,2026-03-02 17:38:20.584961748
3864,106037,Em Atendimento,2026-03-02 17:45:59.048786383
4053,105342,Aberto,2026-03-02 18:59:00.000000000
3591,106310,Fechado,2026-03-02 19:10:08.322307626
4054,105342,Em Atendimento,2026-03-02 20:44:03.825607323
3865,106037,Fechado,2026-03-02 21:45:57.183845931
4055,105342,Pendente,2026-03-02 23:42:21.735930891
4112,108457,Aberto,2026-03-03 08:24:00.000000000
4113,108457,Em Atendimento,2026-03-03 09:58:30.493054268
1961,102193,Aberto,2026-03-03 12:14:00.000000000
1371,101431,Aberto,2026-03-03 14:12:00.000000000
4114,108457,Fechado,2026-03-03 14:31:04.829724210
1962,102193,Em Atendimento,2026-03-03 16:45:06.929909172
8444,103033,Aberto,2026-03-03 16:56:00.000000000
1373,101431,Fechado,2026-03-03 16:58:51.933530164
4520,107331,Aberto,2026-03-03 17:12:00.000000000
3681,104913,Aberto,2026-03-03 17:13:00.000000000
1335,105512,Aberto,2026-03-03 17:35:00.000000000
3683,104913,Fechado,2026-03-03 18:04:37.419769119
1372,101431,Em Atendimento,2026-03-03 18:48:58.159774290
4522,107331,Fechado,2026-03-03 18:58:35.438690082
8445,103033,Em Atendimento,2026-03-03 19:07:31.023456476
4521,107331,Em Atendimento,2026-03-03 19:34:07.130612870
1963,102193,Fechado,2026-03-03 20:05:41.925820784
3682,104913,Em Atendimento,2026-03-03 20:40:20.313934199
8446,103033,Pendente,2026-03-03 23:52:41.755150030
4685,101272,Aberto,2026-03-04 15:47:00.000000000
3923,107258,Aberto,2026-03-04 16:08:00.000000000
7023,103946,Aberto,2026-03-04 17:31:00.000000000
9461,105974,Aberto,2026-03-04 17:38:00.000000000
4687,101272,Fechado,2026-03-04 19:04:11.197507963
3925,107258,Fechado,2026-03-04 19:46:58.196353869
7024,103946,Em Atendimento,2026-03-04 20:20:53.533932256
4686,101272,Em Atendimento,2026-03-04 20:37:49.113825918
3924,107258,Em Atendimento,2026-03-04 20:56:54.395612016
9462,105974,Em Atendimento,2026-03-04 21:12:13.256961398
2351,105046,Aberto,2026-03-05 08:30:00.000000000
5753,103606,Aberto,2026-03-05 08:53:00.000000000
7634,104854,Aberto,2026-03-05 10:56:00.000000000
5755,103606,Fechado,2026-03-05 10:58:05.078905609
5754,103606,Em Atendimento,2026-03-05 11:12:41.537983519
2352,105046,Em Atendimento,2026-03-05 12:32:21.066909961
7635,104854,Em Atendimento,2026-03-05 12:53:05.581066423
5599,104939,Aberto,2026-03-05 18:28:00.000000000
5601,104939,Fechado,2026-03-05 19:15:12.162608163
2353,105046,Fechado,2026-03-05 20:21:20.407637707
5600,104939,Em Atendimento,2026-03-05 22:23:51.805961554
1102,101172,Aberto,2026-03-06 09:31:00.000000000
1103,101172,Em Atendimento,2026-03-06 10:53:10.943615950
2516,102563,Aberto,2026-03-06 11:39:00.000000000
5392,101208,Aberto,2026-03-06 12:27:00.000000000
7636,104854,Fechado,2026-03-06 12:47:52.416278578
1104,101172,Fechado,2026-03-06 14:23:45.464634116
2517,102563,Em Atendimento,2026-03-06 15:05:46.515861536
3834,106636,Aberto,2026-03-06 18:49:00.000000000
2518,102563,Fechado,2026-03-06 20:38:06.048999549
3940,104425,Aberto,2026-03-07 08:06:00.000000000
3942,104425,Fechado,2026-03-07 10:38:25.708838107
3941,104425,Em Atendimento,2026-03-07 11:23:05.169840212
6837,108133,Aberto,2026-03-07 12:49:00.000000000
6539,108945,Aberto,2026-03-07 14:10:00.000000000
6838,108133,Em Atendimento,2026-03-07 15:42:01.333795233
6540,108945,Em Atendimento,2026-03-07 15:50:03.632392546
1378,108330,Aberto,2026-03-07 17:10:00.000000000
6839,108133,Fechado,2026-03-07 17:53:42.784794372
6541,108945,Pendente,2026-03-07 18:54:47.424190116
5155,104936,Aberto,2026-03-08 08:26:00.000000000
5156,104936,Em Atendimento,2026-03-08 09:22:30.854553162
5157,104936,Fechado,2026-03-08 09:50:19.118694567
7513,102354,Aberto,2026-03-08 15:36:00.000000000
1721,102039,Aberto,2026-03-08 18:19:00.000000000
7514,102354,Em Atendimento,2026-03-08 18:41:04.116865198
1723,102039,Fechado,2026-03-08 20:50:53.339150265
1722,102039,Em Atendimento,2026-03-08 22:36:02.918036592
7515,102354,Fechado,2026-03-08 23:31:47.540838637
6329,105561,Aberto,2026-03-09 07:02:00.000000000
6331,105561,Fechado,2026-03-09 07:26:13.538410858
6330,105561,Em Atendimento,2026-03-09 07:33:09.632363096
43,105543,Aberto,2026-03-09 07:40:00.000000000
6162,106982,Aberto,2026-03-09 08:12:00.000000000
6164,106982,Fechado,2026-03-09 09:20:30.589893315
44,105543,Em Atendimento,2026-03-09 10:07:59.500157098
6163,106982,Em Atendimento,2026-03-09 10:17:39.699233124
462,104852,Aberto,2026-03-09 11:32:00.000000000
464,104852,Fechado,2026-03-09 13:36:18.938064806
463,104852,Em Atendimento,2026-03-09 13:48:34.645334864
45,105543,Fechado,2026-03-09 14:43:19.883563027
3666,104159,Aberto,2026-03-09 17:24:00.000000000
3667,104159,Em Atendimento,2026-03-09 21:17:30.162600757
8935,108077,Aberto,2026-03-10 08:03:00.000000000
1511,104146,Aberto,2026-03-10 10:56:00.000000000
8937,108077,Pendente,2026-03-10 11:29:41.458107184
1512,104146,Em Atendimento,2026-03-10 11:37:20.869721775
6145,103815,Aberto,2026-03-10 11:38:00.000000000
8936,108077,Em Atendimento,2026-03-10 12:06:51.955114029
6146,103815,Em Atendimento,2026-03-10 13:43:46.534323267
2433,108377,Aberto,2026-03-10 13:46:00.000000000
6147,103815,Fechado,2026-03-10 15:20:44.498925385
4372,102930,Aberto,2026-03-10 15:33:00.000000000
2434,108377,Em Atendimento,2026-03-10 16:04:58.197731790
2435,108377,Fechado,2026-03-10 16:32:35.939669534
4373,102930,Em Atendimento,2026-03-10 18:26:08.280897401
3899,105904,Aberto,2026-03-10 18:34:00.000000000
3900,105904,Em Atendimento,2026-03-10 18:46:18.848317508
3901,105904,Fechado,2026-03-10 18:52:00.000000000
1513,104146,Fechado,2026-03-10 19:23:24.865600615
4374,102930,Fechado,2026-03-10 20:34:21.941265608
2636,108877,Aberto,2026-03-11 08:46:00.000000000
5030,100563,Aberto,2026-03-11 08:53:00.000000000
6689,100747,Aberto,2026-03-11 09:28:00.000000000
5032,100563,Fechado,2026-03-11 09:52:09.629440004
5031,100563,Em Atendimento,2026-03-11 11:31:16.848549689
4939,104552,Aberto,2026-03-11 11:40:00.000000000
8966,100911,Aberto,2026-03-11 11:59:00.000000000
6690,100747,Em Atendimento,2026-03-11 12:06:19.087687000
2637,108877,Em Atendimento,2026-03-11 13:05:15.124692184
819,102159,Aberto,2026-03-11 13:31:00.000000000
4941,104552,Fechado,2026-03-11 13:32:33.055873982
9486,104667,Aberto,2026-03-11 13:39:00.000000000
9487,104667,Em Atendimento,2026-03-11 14:04:55.774511444
6691,100747,Fechado,2026-03-11 14:05:41.303600446
820,102159,Em Atendimento,2026-03-11 15:24:30.351945275
8967,100911,Em Atendimento,2026-03-11 16:32:28.513668426
4940,104552,Em Atendimento,2026-03-11 16:35:06.055240213
2638,108877,Fechado,2026-03-11 20:03:07.454162943
821,102159,Fechado,2026-03-11 20:52:21.494996517
8968,100911,Pendente,2026-03-11 21:20:54.167099212
9488,104667,Pendente,2026-03-12 00:00:39.188878398
5906,106045,Aberto,2026-03-12 08:48:00.000000000
4776,109049,Aberto,2026-03-12 09:51:00.000000000
1436,104426,Aberto,2026-03-12 10:54:00.000000000
5907,106045,Em Atendimento,2026-03-12 11:24:37.991179518
4777,109049,Em Atendimento,2026-03-12 11:56:11.650738609
5319,102189,Aberto,2026-03-12 11:59:00.000000000
1438,104426,Fechado,2026-03-12 12:19:54.957859410
5321,102189,Fechado,2026-03-12 13:28:18.220788106
5320,102189,Em Atendimento,2026-03-12 13:34:22.690313393
4778,109049,Fechado,2026-03-12 13:47:28.914977551
1437,104426,Em Atendimento,2026-03-12 14:46:35.155835990
6447,101864,Aberto,2026-03-12 15:41:00.000000000
6448,101864,Em Atendimento,2026-03-12 16:12:56.868754092
8066,100710,Aberto,2026-03-12 17:57:00.000000000
5908,106045,Pendente,2026-03-12 18:09:09.163201877
8068,100710,Fechado,2026-03-12 20:41:59.153798187
8067,100710,Em Atendimento,2026-03-12 21:14:41.734506075
6449,101864,Pendente,2026-03-12 22:04:16.225152429
8918,101115,Aberto,2026-03-13 16:02:00.000000000
3140,103833,Aberto,2026-03-14 12:16:00.000000000
6608,109656,Aberto,2026-03-14 12:52:00.000000000
1529,107351,Aberto,2026-03-14 14:06:00.000000000
1530,107351,Em Atendimento,2026-03-14 14:43:33.742000683
763,102853,Aberto,2026-03-14 15:17:00.000000000
6610,109656,Fechado,2026-03-14 16:19:28.542137536
9287,102509,Aberto,2026-03-14 16:26:00.000000000
6609,109656,Em Atendimento,2026-03-14 17:05:46.520560814
3141,103833,Em Atendimento,2026-03-14 17:12:53.619858766
1807,108931,Aberto,2026-03-14 17:18:00.000000000
3964,102960,Aberto,2026-03-14 18:05:00.000000000
764,102853,Em Atendimento,2026-03-14 18:37:05.318299744
1808,108931,Em Atendimento,2026-03-14 18:55:32.066555613
6493,102377,Aberto,2026-03-14 18:57:00.000000000
1809,108931,Fechado,2026-03-14 19:01:34.405736628
9288,102509,Em Atendimento,2026-03-14 19:45:48.546351322
3142,103833,Fechado,2026-03-14 20:12:13.423991805
6494,102377,Em Atendimento,2026-03-14 21:11:58.294751994
6495,102377,Fechado,2026-03-14 21:13:47.639002472
1531,107351,Fechado,2026-03-14 23:08:34.566465386
9289,102509,Fechado,2026-03-15 04:45:50.210466157
765,102853,Fechado,2026-03-15 06:48:43.763367684
1118,107483,Aberto,2026-03-15 07:49:00.000000000
7560,107254,Aberto,2026-03-15 08:08:00.000000000
1119,107483,Em Atendimento,2026-03-15 11:33:35.918988679
7561,107254,Em Atendimento,2026-03-15 12:02:15.795844404
7562,107254,Fechado,2026-03-15 12:07:21.256448596
6843,103332,Aberto,2026-03-15 12:32:00.000000000
3668,103841,Aberto,2026-03-15 13:47:00.000000000
6678,103926,Aberto,2026-03-15 14:17:00.000000000
3669,103841,Em Atendimento,2026-03-15 14:37:25.392576696
2887,105059,Aberto,2026-03-15 15:20:00.000000000
6209,105306,Aberto,2026-03-15 15:37:00.000000000
6844,103332,Em Atendimento,2026-03-15 16:11:21.110362739
796,107871,Aberto,2026-03-15 16:13:00.000000000
1120,107483,Pendente,2026-03-15 16:29:24.041412764
797,107871,Em Atendimento,2026-03-15 17:03:56.676947894
2888,105059,Em Atendimento,2026-03-15 17:53:46.350731208
7070,104988,Aberto,2026-03-15 17:54:00.000000000
6210,105306,Em Atendimento,2026-03-15 18:01:51.535437705
798,107871,Fechado,2026-03-15 18:15:26.212148156
6679,103926,Em Atendimento,2026-03-15 18:56:49.632452565
6845,103332,Pendente,2026-03-15 19:54:11.871982258
6680,103926,Fechado,2026-03-15 20:10:05.674026775
3670,103841,Fechado,2026-03-15 20:27:00.364019656
7071,104988,Em Atendimento,2026-03-15 21:10:09.082791683
2889,105059,Pendente,2026-03-15 23:42:08.707650178
6211,105306,Fechado,2026-03-15 23:47:31.098370263
8646,105335,Aberto,2026-03-16 12:02:00.000000000
8647,105335,Em Atendimento,2026-03-16 12:38:54.151304633
8648,105335,Fechado,2026-03-16 12:59:35.484879013
6264,104575,Aberto,2026-03-16 13:26:00.000000000
6266,104575,Fechado,2026-03-16 15:33:54.044595278
8589,105395,Aberto,2026-03-16 16:33:00.000000000
6265,104575,Em Atendimento,2026-03-16 17:12:37.842792288
7072,104988,Fechado,2026-03-16 17:48:35.720906468
8590,105395,Em Atendimento,2026-03-16 18:03:52.844835038
8591,105395,Fechado,2026-03-16 22:55:40.676247501
7174,101602,Aberto,2026-03-17 09:57:00.000000000
3397,106599,Aberto,2026-03-17 10:37:00.000000000
6270,100316,Aberto,2026-03-17 10:39:00.000000000
6272,100316,Fechado,2026-03-17 11:42:46.811818825
1259,107093,Aberto,2026-03-17 11:54:00.000000000
1133,104471,Aberto,2026-03-17 11:56:00.000000000
3399,106599,Fechado,2026-03-17 12:06:30.519668194
7175,101602,Em Atendimento,2026-03-17 12:20:52.320985568
1126,102413,Aberto,2026-03-17 12:32:00.000000000
1362,108928,Aberto,2026-03-17 13:14:00.000000000
1135,104471,Fechado,2026-03-17 14:03:18.127028370
3398,106599,Em Atendimento,2026-03-17 14:12:26.209248151
1260,107093,Em Atendimento,2026-03-17 14:42:11.471030051
6714,100559,Aberto,2026-03-17 14:47:00.000000000
8909,104451,Aberto,2026-03-17 15:03:00.000000000
1134,104471,Em Atendimento,2026-03-17 15:04:12.457546199
6271,100316,Em Atendimento,2026-03-17 15:07:26.450225006
8911,104451,Fechado,2026-03-17 15:23:04.536638332
6715,100559,Em Atendimento,2026-03-17 15:29:04.678769171
1128,102413,Fechado,2026-03-17 16:46:00.688503040
1127,102413,Em Atendimento,2026-03-17 16:47:46.324999277
9542,102106,Aberto,2026-03-17 17:21:00.000000000
9543,102106,Em Atendimento,2026-03-17 17:54:17.574276066
1363,108928,Em Atendimento,2026-03-17 18:03:02.222599589
6716,100559,Fechado,2026-03-17 18:15:34.355088692
1364,108928,Pendente,2026-03-17 18:27:35.322192087
8910,104451,Em Atendimento,2026-03-17 19:37:17.866919378
9544,102106,Fechado,2026-03-17 21:04:19.941498112
1261,107093,Fechado,2026-03-17 23:07:21.842782186
7176,101602,Fechado,2026-03-18 00:40:15.446998304
319,103768,Aberto,2026-03-18 07:41:00.000000000
320,103768,Em Atendimento,2026-03-18 09:23:11.183762425
1752,100842,Aberto,2026-03-18 09:42:00.000000000
7281,100162,Aberto,2026-03-18 11:49:00.000000000
1754,100842,Fechado,2026-03-18 11:57:53.057933780
7282,100162,Em Atendimento,2026-03-18 12:33:40.246779462
6069,107734,Aberto,2026-03-18 12:40:00.000000000
6071,107734,Fechado,2026-03-18 13:54:19.990958186
1753,100842,Em Atendimento,2026-03-18 14:32:29.101650642
710,105496,Aberto,2026-03-18 14:37:00.000000000
6070,107734,Em Atendimento,2026-03-18 14:47:11.319923933
712,105496,Fechado,2026-03-18 17:15:22.212817670
5972,106334,Aberto,2026-03-18 17:24:00.000000000
7283,100162,Fechado,2026-03-18 17:43:04.169509081
711,105496,Em Atendimento,2026-03-18 17:55:46.544307584
263,105584,Aberto,2026-03-18 17:57:00.000000000
5974,106334,Fechado,2026-03-18 18:07:56.735359604
265,105584,Fechado,2026-03-18 18:17:53.235351639
5973,106334,Em Atendimento,2026-03-18 18:55:54.282158068
3163,101872,Aberto,2026-03-18 18:59:00.000000000
264,105584,Em Atendimento,2026-03-18 19:01:05.628929284
3164,101872,Em Atendimento,2026-03-18 19:15:03.518379650
321,103768,Fechado,2026-03-18 19:26:43.339024810
505,107382,Aberto,2026-03-19 07:51:00.000000000
9118,100780,Aberto,2026-03-19 09:03:00.000000000
507,107382,Fechado,2026-03-19 09:37:08.113197932
5633,103175,Aberto,2026-03-19 11:48:00.000000000
7569,102558,Aberto,2026-03-19 11:50:00.000000000
506,107382,Em Atendimento,2026-03-19 12:03:37.834047215
5635,103175,Fechado,2026-03-19 12:51:06.329031771
9119,100780,Em Atendimento,2026-03-19 13:28:02.922865801
6467,105654,Aberto,2026-03-19 13:43:00.000000000
5634,103175,Em Atendimento,2026-03-19 14:05:44.438224845
7570,102558,Em Atendimento,2026-03-19 14:05:49.711465932
6469,105654,Fechado,2026-03-19 14:23:24.000894325
6468,105654,Em Atendimento,2026-03-19 15:10:47.415597433
9120,100780,Fechado,2026-03-19 16:26:14.520486426
9050,109349,Aberto,2026-03-19 17:22:00.000000000
9051,109349,Em Atendimento,2026-03-19 17:49:28.120684120
9359,103354,Aberto,2026-03-19 18:53:00.000000000
7571,102558,Pendente,2026-03-19 19:57:25.628483517
9360,103354,Em Atendimento,2026-03-19 21:47:22.248329925
9052,109349,Pendente,2026-03-19 22:39:38.919153059
9361,103354,Fechado,2026-03-20 04:15:04.961887237
7196,104985,Aberto,2026-03-20 07:43:00.000000000
4495,105988,Aberto,2026-03-20 10:02:00.000000000
7197,104985,Em Atendimento,2026-03-20 10:09:39.138827269
1649,103949,Aberto,2026-03-20 12:06:00.000000000
2202,107201,Aberto,2026-03-20 12:33:00.000000000
1650,103949,Em Atendimento,2026-03-20 13:40:01.197497224
2203,107201,Em Atendimento,2026-03-20 13:51:32.503613925
4757,103485,Aberto,2026-03-20 16:01:00.000000000
7198,104985,Pendente,2026-03-20 16:22:34.756745630
4759,103485,Fechado,2026-03-20 16:24:43.897504524
2204,107201,Pendente,2026-03-20 16:24:58.007065460
4758,103485,Em Atendimento,2026-03-20 16:29:25.596656536
1651,103949,Fechado,2026-03-20 17:33:55.555462303
6830,106644,Aberto,2026-03-21 07:44:00.000000000
7466,102130,Aberto,2026-03-21 08:30:00.000000000
6832,106644,Fechado,2026-03-21 09:12:40.519866104
8317,104235,Aberto,2026-03-21 10:37:00.000000000
8318,104235,Em Atendimento,2026-03-21 11:20:53.644859830
7467,102130,Em Atendimento,2026-03-21 11:52:50.900475486
6831,106644,Em Atendimento,2026-03-21 12:10:13.164058656
3027,109120,Aberto,2026-03-21 13:56:00.000000000
2125,107830,Aberto,2026-03-21 14:04:00.000000000
8319,104235,Fechado,2026-03-21 16:38:32.093603936
7202,105281,Aberto,2026-03-21 16:40:00.000000000
2126,107830,Em Atendimento,2026-03-21 17:07:51.135323500
3028,109120,Em Atendimento,2026-03-21 17:51:23.032107488
7468,102130,Pendente,2026-03-21 19:37:55.248639351
7203,105281,Em Atendimento,2026-03-21 20:18:29.521995123
3029,109120,Fechado,2026-03-22 06:44:17.366033210
7423,109468,Aberto,2026-03-22 07:01:00.000000000
7424,109468,Em Atendimento,2026-03-22 11:20:05.656056986
7425,109468,Fechado,2026-03-22 12:57:28.226635137
3295,100540,Aberto,2026-03-22 12:58:00.000000000
2131,102983,Aberto,2026-03-22 13:15:00.000000000
7161,105917,Aberto,2026-03-22 14:17:00.000000000
3297,100540,Fechado,2026-03-22 14:18:55.098995632
7798,106723,Aberto,2026-03-22 15:26:00.000000000
7162,105917,Em Atendimento,2026-03-22 15:29:36.682113969
2132,102983,Em Atendimento,2026-03-22 15:43:42.920816096
2127,107830,Fechado,2026-03-22 16:32:56.382738927
3296,100540,Em Atendimento,2026-03-22 16:58:02.460881107
2390,105231,Aberto,2026-03-23 11:17:00.000000000
2391,105231,Em Atendimento,2026-03-23 11:35:55.849617487
2133,102983,Fechado,2026-03-23 12:44:35.157939072
6639,103945,Aberto,2026-03-23 13:57:00.000000000
6641,103945,Fechado,2026-03-23 15:51:53.142896448
2706,108163,Aberto,2026-03-23 15:54:00.000000000
2707,108163,Em Atendimento,2026-03-23 16:14:48.455738392
7943,107424,Aberto,2026-03-23 16:38:00.000000000
5912,106347,Aberto,2026-03-23 17:03:00.000000000
6640,103945,Em Atendimento,2026-03-23 17:55:45.823715208
5913,106347,Em Atendimento,2026-03-23 19:03:31.612578597
7944,107424,Em Atendimento,2026-03-23 19:56:42.450849721
5914,106347,Fechado,2026-03-23 23:11:47.076723927
2708,108163,Pendente,2026-03-24 00:43:28.808160143
2747,104675,Aberto,2026-03-24 11:57:00.000000000
1786,108638,Aberto,2026-03-24 12:26:00.000000000
2749,104675,Fechado,2026-03-24 12:33:29.953263621
5950,109974,Aberto,2026-03-24 12:37:00.000000000
1787,108638,Em Atendimento,2026-03-24 12:45:04.039914525
5951,109974,Em Atendimento,2026-03-24 13:22:55.047303233
2748,104675,Em Atendimento,2026-03-24 14:25:12.994656827
1788,108638,Pendente,2026-03-24 23:28:39.780554714
4586,101846,Aberto,2026-03-25 08:43:00.000000000
4587,101846,Em Atendimento,2026-03-25 11:20:29.167490932
7507,101969,Aberto,2026-03-25 13:05:00.000000000
5255,106478,Aberto,2026-03-25 13:40:00.000000000
9193,109707,Aberto,2026-03-25 13:40:00.000000000
9195,109707,Fechado,2026-03-25 16:45:11.383279915
7508,101969,Em Atendimento,2026-03-25 17:44:45.167445672
9194,109707,Em Atendimento,2026-03-25 18:21:48.376736784
5256,106478,Em Atendimento,2026-03-25 18:35:30.198059149
4588,101846,Pendente,2026-03-25 20:29:20.761345955
7509,101969,Pendente,2026-03-26 00:03:01.099640134
8388,104837,Aberto,2026-03-26 07:09:00.000000000
9089,101507,Aberto,2026-03-26 07:10:00.000000000
5687,100352,Aberto,2026-03-26 07:43:00.000000000
8698,103781,Aberto,2026-03-26 08:34:00.000000000
9090,101507,Em Atendimento,2026-03-26 08:34:18.065581982
8390,104837,Fechado,2026-03-26 09:22:23.982297186
5285,109140,Aberto,2026-03-26 10:25:00.000000000
9290,100435,Aberto,2026-03-26 10:53:00.000000000
9091,101507,Fechado,2026-03-26 11:08:21.924658052
8699,103781,Em Atendimento,2026-03-26 11:09:21.945802687
9292,100435,Fechado,2026-03-26 11:11:00.000000000
8389,104837,Em Atendimento,2026-03-26 11:13:30.099144307
9291,100435,Em Atendimento,2026-03-26 11:14:40.244054395
5287,109140,Fechado,2026-03-26 11:22:43.109616780
5688,100352,Em Atendimento,2026-03-26 11:27:00.353586250
6165,106158,Aberto,2026-03-26 11:34:00.000000000
5689,100352,Fechado,2026-03-26 11:34:48.753505036
6166,106158,Em Atendimento,2026-03-26 12:00:52.980427160
5257,106478,Fechado,2026-03-26 12:25:49.315887594
5286,109140,Em Atendimento,2026-03-26 12:45:55.109341779
8863,106671,Aberto,2026-03-26 12:50:00.000000000
3671,103023,Aberto,2026-03-26 13:51:00.000000000
3520,102256,Aberto,2026-03-26 14:44:00.000000000
4226,100896,Aberto,2026-03-26 15:11:00.000000000
922,107949,Aberto,2026-03-26 15:30:00.000000000
4227,100896,Em Atendimento,2026-03-26 15:40:46.047387050
3521,102256,Em Atendimento,2026-03-26 15:45:50.907158024
923,107949,Em Atendimento,2026-03-26 16:41:37.730679398
8864,106671,Em Atendimento,2026-03-26 16:55:07.424364979
613,107880,Aberto,2026-03-26 17:13:00.000000000
3522,102256,Fechado,2026-03-26 17:56:51.368434711
614,107880,Em Atendimento,2026-03-26 17:58:02.508854052
7159,103528,Aberto,2026-03-26 18:14:00.000000000
924,107949,Fechado,2026-03-26 19:16:17.199417939
8700,103781,Pendente,2026-03-26 20:16:12.849689336
6167,106158,Fechado,2026-03-26 20:24:25.649385025
615,107880,Pendente,2026-03-26 22:02:31.579881403
7160,103528,Em Atendimento,2026-03-26 22:44:03.823296660
4228,100896,Fechado,2026-03-26 23:15:21.826627730
6139,103260,Aberto,2026-03-27 07:47:00.000000000
8033,102518,Aberto,2026-03-27 09:14:00.000000000
1031,104882,Aberto,2026-03-27 10:10:00.000000000
6140,103260,Em Atendimento,2026-03-27 10:32:44.580252157
8035,102518,Fechado,2026-03-27 11:13:39.001238548
6141,103260,Fechado,2026-03-27 11:53:18.478423468
8034,102518,Em Atendimento,2026-03-27 13:15:54.751945892
1032,104882,Em Atendimento,2026-03-27 14:41:59.341302211
8467,103057,Aberto,2026-03-27 15:31:00.000000000
1016,103749,Aberto,2026-03-27 16:47:00.000000000
1017,103749,Em Atendimento,2026-03-27 18:41:06.112089912
8468,103057,Em Atendimento,2026-03-27 19:07:03.375063748
1018,103749,Fechado,2026-03-27 19:23:44.343995958
1033,104882,Fechado,2026-03-27 21:44:27.195339622
8469,103057,Pendente,2026-03-27 22:47:09.923788498
995,105940,Aberto,2026-03-28 09:09:00.000000000
4838,108847,Aberto,2026-03-28 09:37:00.000000000
1001,103360,Aberto,2026-03-28 10:07:00.000000000
6648,103227,Aberto,2026-03-28 11:08:00.000000000
6649,103227,Em Atendimento,2026-03-28 12:32:28.707939825
997,105940,Fechado,2026-03-28 12:44:18.361424295
7149,102817,Aberto,2026-03-28 13:46:00.000000000
996,105940,Em Atendimento,2026-03-28 13:56:29.815330836
1002,103360,Em Atendimento,2026-03-28 14:22:29.660734031
6650,103227,Fechado,2026-03-28 15:16:51.203826549
2958,101561,Aberto,2026-03-28 16:18:00.000000000
2960,101561,Fechado,2026-03-28 17:17:26.704398062
7150,102817,Em Atendimento,2026-03-28 17:40:05.914153661
3277,107669,Aberto,2026-03-28 18:36:00.000000000
3278,107669,Em Atendimento,2026-03-28 19:31:30.274774045
3279,107669,Fechado,2026-03-28 19:59:27.987867697
2959,101561,Em Atendimento,2026-03-28 20:33:02.933394893
7151,102817,Fechado,2026-03-28 23:27:38.561536143
1003,106893,Aberto,2026-03-29 12:27:00.000000000
1005,106893,Fechado,2026-03-29 13:36:19.082860232
2395,100038,Aberto,2026-03-29 13:51:00.000000000
2397,100038,Fechado,2026-03-29 14:15:45.930156674
1004,106893,Em Atendimento,2026-03-29 14:27:41.564023132
2396,100038,Em Atendimento,2026-03-29 15:10:11.379523774
757,104856,Aberto,2026-03-29 15:49:00.000000000
1379,109872,Aberto,2026-03-29 16:34:00.000000000
759,104856,Fechado,2026-03-29 17:24:27.886204039
758,104856,Em Atendimento,2026-03-29 18:40:22.021045639
1380,109872,Em Atendimento,2026-03-29 20:13:11.021889470
1381,109872,Fechado,2026-03-30 01:36:50.165778364
6072,106848,Aberto,2026-03-30 08:28:00.000000000
6073,106848,Em Atendimento,2026-03-30 09:27:52.451072617
5044,104333,Aberto,2026-03-30 10:30:00.000000000
5045,104333,Em Atendimento,2026-03-30 11:08:14.660701575
4604,109362,Aberto,2026-03-30 11:26:00.000000000
5046,104333,Fechado,2026-03-30 13:34:54.780678415
4605,109362,Em Atendimento,2026-03-30 14:11:51.787704561
5282,102486,Aberto,2026-03-30 15:21:00.000000000
9204,101508,Aberto,2026-03-30 16:00:00.000000000
875,106659,Aberto,2026-03-30 16:01:00.000000000
6074,106848,Fechado,2026-03-30 16:05:54.998270346
9205,101508,Em Atendimento,2026-03-30 16:23:21.609279003
876,106659,Em Atendimento,2026-03-30 16:28:21.789705065
9206,101508,Fechado,2026-03-30 16:37:18.008110426
242,108962,Aberto,2026-03-30 16:58:00.000000000
244,108962,Fechado,2026-03-30 17:16:55.259755815
5283,102486,Em Atendimento,2026-03-30 20:18:11.759147882
243,108962,Em Atendimento,2026-03-30 20:21:57.579146862
5284,102486,Pendente,2026-03-31 03:08:30.452552944
4606,109362,Fechado,2026-03-31 04:33:55.835063472
877,106659,Fechado,2026-03-31 05:37:54.683135200
5186,107570,Aberto,2026-03-31 11:59:00.000000000
1929,101224,Aberto,2026-03-31 12:10:00.000000000
8930,101788,Aberto,2026-03-31 12:48:00.000000000
1930,101224,Em Atendimento,2026-03-31 12:53:28.674633269
1931,101224,Fechado,2026-03-31 13:00:56.295613298
7168,101136,Aberto,2026-03-31 13:02:00.000000000
7169,101136,Em Atendimento,2026-03-31 13:33:18.559253125
5187,107570,Em Atendimento,2026-03-31 15:46:46.493474541
1938,100862,Aberto,2026-03-31 17:08:00.000000000
8931,101788,Em Atendimento,2026-03-31 17:16:36.472191756
2847,108817,Aberto,2026-03-31 17:46:00.000000000
569,104793,Aberto,2026-03-31 17:48:00.000000000
8551,105760,Aberto,2026-03-31 17:49:00.000000000
8553,105760,Fechado,2026-03-31 18:32:43.312281582
571,104793,Fechado,2026-03-31 20:20:29.764008286
570,104793,Em Atendimento,2026-03-31 20:32:15.720250776
1939,100862,Em Atendimento,2026-03-31 21:10:12.743981430
2848,108817,Em Atendimento,2026-03-31 21:41:46.486704694
8552,105760,Em Atendimento,2026-03-31 21:43:06.406081953
1940,100862,Fechado,2026-03-31 23:52:25.457840599
7170,101136,Pendente,2026-04-01 00:39:18.779170241
2849,108817,Fechado,2026-04-01 03:41:32.670823854
8932,101788,Fechado,2026-04-01 06:15:43.030463032
1584,103053,Aberto,2026-04-01 08:21:00.000000000
3146,108599,Aberto,2026-04-01 09:38:00.000000000
3147,108599,Em Atendimento,2026-04-01 10:04:45.945932443
1586,103053,Fechado,2026-04-01 10:51:45.502570000
9523,107082,Aberto,2026-04-01 11:03:00.000000000
3148,108599,Fechado,2026-04-01 11:37:46.594474126
1585,103053,Em Atendimento,2026-04-01 12:47:29.269842109
1989,101672,Aberto,2026-04-01 12:53:00.000000000
9524,107082,Em Atendimento,2026-04-01 13:15:39.865323957
1991,101672,Fechado,2026-04-01 13:28:29.165237066
5826,102450,Aberto,2026-04-01 14:40:00.000000000
1990,101672,Em Atendimento,2026-04-01 16:47:55.725373464
5693,102911,Aberto,2026-04-01 16:54:00.000000000
5828,102450,Fechado,2026-04-01 16:54:31.077406626
3910,102951,Aberto,2026-04-01 17:27:00.000000000
5695,102911,Fechado,2026-04-01 18:18:31.732694596
5827,102450,Em Atendimento,2026-04-01 19:37:55.467763379
5694,102911,Em Atendimento,2026-04-01 20:54:33.021928305
3911,102951,Em Atendimento,2026-04-01 21:16:44.057836381
9525,107082,Fechado,2026-04-02 00:14:44.777463568
3912,102951,Fechado,2026-04-02 01:28:23.890076749
6559,108700,Aberto,2026-04-02 08:40:00.000000000
3263,102906,Aberto,2026-04-02 08:43:00.000000000
6560,108700,Em Atendimento,2026-04-02 11:05:54.627406697
3264,102906,Em Atendimento,2026-04-02 12:36:57.772103682
3265,102906,Fechado,2026-04-02 13:00:42.438583590
3786,105614,Aberto,2026-04-02 14:41:00.000000000
6561,108700,Fechado,2026-04-02 15:01:01.662743869
1161,103517,Aberto,2026-04-02 15:02:00.000000000
26,104760,Aberto,2026-04-02 15:46:00.000000000
2641,104320,Aberto,2026-04-02 15:48:00.000000000
1162,103517,Em Atendimento,2026-04-02 16:41:06.544153002
2642,104320,Em Atendimento,2026-04-02 17:01:49.805902022
3787,105614,Em Atendimento,2026-04-02 17:45:55.085648013
3788,105614,Fechado,2026-04-02 18:19:00.623017024
1400,101759,Aberto,2026-04-02 18:35:00.000000000
1401,101759,Em Atendimento,2026-04-02 21:52:36.219712034
1402,101759,Fechado,2026-04-03 00:59:00.871108732
1163,103517,Fechado,2026-04-03 02:00:54.885769946
2188,107798,Aberto,2026-04-03 07:57:00.000000000
2189,107798,Em Atendimento,2026-04-03 09:41:09.374404490
9226,106481,Aberto,2026-04-03 11:50:00.000000000
2190,107798,Fechado,2026-04-03 12:12:23.640114952
4444,103247,Aberto,2026-04-03 13:59:00.000000000
4446,103247,Fechado,2026-04-03 14:31:14.408657102
6729,108417,Aberto,2026-04-03 14:47:00.000000000
9227,106481,Em Atendimento,2026-04-03 15:00:02.132826884
2673,103748,Aberto,2026-04-03 15:20:00.000000000
4445,103247,Em Atendimento,2026-04-03 16:14:52.848471751
2675,103748,Fechado,2026-04-03 16:51:06.983986638
6159,103808,Aberto,2026-04-03 17:01:00.000000000
9228,106481,Fechado,2026-04-03 17:30:17.882637160
6730,108417,Em Atendimento,2026-04-03 17:45:19.963956802
2674,103748,Em Atendimento,2026-04-03 18:18:58.876620775
6731,108417,Fechado,2026-04-03 19:10:10.136085230
6160,103808,Em Atendimento,2026-04-03 19:12:19.060639107
6161,103808,Fechado,2026-04-03 20:34:31.288855269
434,102841,Aberto,2026-04-04 11:11:00.000000000
5839,101547,Aberto,2026-04-04 12:04:00.000000000
5841,101547,Fechado,2026-04-04 12:53:22.829278872
5840,101547,Em Atendimento,2026-04-04 13:38:23.468867621
2089,104374,Aberto,2026-04-04 14:37:00.000000000
435,102841,Em Atendimento,2026-04-04 14:44:57.855733151
1942,101610,Aberto,2026-04-04 15:17:00.000000000
2090,104374,Em Atendimento,2026-04-04 15:37:48.945870811
2091,104374,Fechado,2026-04-04 17:52:20.866456389
1943,101610,Em Atendimento,2026-04-04 19:26:15.287542142
436,102841,Fechado,2026-04-04 20:56:07.639831123
7252,101674,Aberto,2026-04-05 07:57:00.000000000
2588,101377,Aberto,2026-04-05 08:09:00.000000000
2589,101377,Em Atendimento,2026-04-05 08:52:12.638189182
7253,101674,Em Atendimento,2026-04-05 10:22:24.314999712
870,102298,Aberto,2026-04-05 16:10:00.000000000
7254,101674,Fechado,2026-04-05 18:03:48.875769720
871,102298,Em Atendimento,2026-04-05 19:42:48.111879300
5656,106214,Aberto,2026-04-06 07:00:00.000000000
872,102298,Fechado,2026-04-06 07:07:25.642738742
2328,102950,Aberto,2026-04-06 08:23:00.000000000
3659,105845,Aberto,2026-04-06 09:35:00.000000000
2329,102950,Em Atendimento,2026-04-06 09:40:56.167596296
5657,106214,Em Atendimento,2026-04-06 10:30:05.674861017
2590,101377,Fechado,2026-04-06 11:18:36.379620810
262,104427,Aberto,2026-04-06 11:52:00.000000000
5658,106214,Fechado,2026-04-06 11:52:38.948928146
2330,102950,Fechado,2026-04-06 12:17:26.237622448
3660,105845,Em Atendimento,2026-04-06 13:51:34.805252314
3661,105845,Pendente,2026-04-06 20:35:51.180637658
7305,109759,Aberto,2026-04-07 07:47:00.000000000
938,106614,Aberto,2026-04-07 07:57:00.000000000
7306,109759,Em Atendimento,2026-04-07 09:11:05.175289692
7307,109759,Fechado,2026-04-07 09:46:51.928787072
939,106614,Em Atendimento,2026-04-07 11:46:38.278192755
6098,106592,Aberto,2026-04-07 15:25:00.000000000
940,106614,Fechado,2026-04-07 16:27:54.728593758
6099,106592,Em Atendimento,2026-04-07 18:00:10.494142744
6100,106592,Fechado,2026-04-07 21:36:23.123643774
3550,101886,Aberto,2026-04-08 10:59:00.000000000
3354,101758,Aberto,2026-04-08 11:00:00.000000000
4641,101938,Aberto,2026-04-08 11:04:00.000000000
4642,101938,Em Atendimento,2026-04-08 11:23:20.201927063
7053,107972,Aberto,2026-04-08 11:28:00.000000000
4643,101938,Fechado,2026-04-08 11:43:30.966281787
3355,101758,Em Atendimento,2026-04-08 12:40:55.313780656
7054,107972,Em Atendimento,2026-04-08 13:12:31.679610221
3551,101886,Em Atendimento,2026-04-08 14:25:05.407024917
5334,106952,Aberto,2026-04-08 15:35:00.000000000
3552,101886,Pendente,2026-04-08 16:13:54.828406115
5335,106952,Em Atendimento,2026-04-08 17:51:59.817840514
5336,106952,Fechado,2026-04-08 18:23:22.298735509
2266,101255,Aberto,2026-04-08 18:49:00.000000000
2268,101255,Fechado,2026-04-08 21:59:33.270624037
3356,101758,Pendente,2026-04-08 22:27:16.035483298
2267,101255,Em Atendimento,2026-04-08 23:42:45.041936536
3366,109778,Aberto,2026-04-09 08:42:00.000000000
1170,109847,Aberto,2026-04-09 10:12:00.000000000
3368,109778,Fechado,2026-04-09 11:44:40.721804185
3367,109778,Em Atendimento,2026-04-09 12:02:05.713246619
1171,109847,Em Atendimento,2026-04-09 14:06:46.187770003
4426,106266,Aberto,2026-04-09 17:29:00.000000000
4427,106266,Em Atendimento,2026-04-09 18:44:11.087358234
4428,106266,Fechado,2026-04-09 21:53:52.116193170
1172,109847,Fechado,2026-04-09 23:51:57.221968017
694,102887,Aberto,2026-04-10 07:54:00.000000000
695,102887,Em Atendimento,2026-04-10 11:07:34.638063520
696,102887,Fechado,2026-04-10 11:42:09.726662980
2911,109319,Aberto,2026-04-10 13:44:00.000000000
6476,108777,Aberto,2026-04-10 15:20:00.000000000
2913,109319,Fechado,2026-04-10 15:24:57.252492332
6477,108777,Em Atendimento,2026-04-10 15:36:28.328223141
2912,109319,Em Atendimento,2026-04-10 15:42:25.984235231
6369,102654,Aberto,2026-04-10 15:49:00.000000000
6478,108777,Fechado,2026-04-10 16:00:44.646428658
9095,101808,Aberto,2026-04-10 16:48:00.000000000
6370,102654,Em Atendimento,2026-04-10 17:08:00.113564012
9096,101808,Em Atendimento,2026-04-10 18:15:55.358265322
6371,102654,Fechado,2026-04-10 23:31:33.490900213
9097,101808,Fechado,2026-04-11 00:26:36.484320292
6045,108175,Aberto,2026-04-11 07:52:00.000000000
5082,101935,Aberto,2026-04-11 08:43:00.000000000
5083,101935,Em Atendimento,2026-04-11 09:06:03.633295077
6047,108175,Fechado,2026-04-11 09:40:33.089484801
7302,101716,Aberto,2026-04-11 09:57:00.000000000
7303,101716,Em Atendimento,2026-04-11 10:11:54.812761757
6046,108175,Em Atendimento,2026-04-11 10:57:54.234639389
751,100931,Aberto,2026-04-11 13:46:00.000000000
5018,109194,Aberto,2026-04-11 14:22:00.000000000
1908,102779,Aberto,2026-04-11 14:27:00.000000000
4309,109226,Aberto,2026-04-11 15:16:00.000000000
5084,101935,Fechado,2026-04-11 15:39:28.339583028
3009,107480,Aberto,2026-04-11 15:42:00.000000000
4310,109226,Em Atendimento,2026-04-11 15:59:46.993141367
1910,102779,Fechado,2026-04-11 16:14:04.015724913
752,100931,Em Atendimento,2026-04-11 16:15:45.811828212
5019,109194,Em Atendimento,2026-04-11 16:27:40.951818616
3010,107480,Em Atendimento,2026-04-11 16:37:56.071689927
753,100931,Fechado,2026-04-11 16:44:24.701803579
5370,107077,Aberto,2026-04-11 17:10:00.000000000
1909,102779,Em Atendimento,2026-04-11 17:30:54.474678481
7304,101716,Fechado,2026-04-11 19:45:39.843198946
5372,107077,Fechado,2026-04-11 19:56:18.479704724
4311,109226,Fechado,2026-04-11 20:39:07.319607820
5371,107077,Em Atendimento,2026-04-11 22:05:39.520170781
3011,107480,Fechado,2026-04-11 22:18:14.586075723
5020,109194,Fechado,2026-04-12 02:12:32.675001536
6654,101843,Aberto,2026-04-12 09:17:00.000000000
4826,108583,Aberto,2026-04-12 09:19:00.000000000
2156,108526,Aberto,2026-04-12 10:42:00.000000000
9087,104034,Aberto,2026-04-12 11:32:00.000000000
308,107707,Aberto,2026-04-12 11:33:00.000000000
6656,101843,Fechado,2026-04-12 11:51:41.381824710
808,101134,Aberto,2026-04-12 12:35:00.000000000
4827,108583,Em Atendimento,2026-04-12 13:35:53.195282864
6655,101843,Em Atendimento,2026-04-12 14:09:25.831471090
309,107707,Em Atendimento,2026-04-12 14:46:08.855113074
9088,104034,Em Atendimento,2026-04-12 15:04:45.308610815
809,101134,Em Atendimento,2026-04-12 15:23:12.743697727
4828,108583,Fechado,2026-04-12 15:49:48.480952024
1944,104717,Aberto,2026-04-12 15:53:00.000000000
1976,108937,Aberto,2026-04-12 16:34:00.000000000
1977,108937,Em Atendimento,2026-04-12 16:55:38.080945233
1945,104717,Em Atendimento,2026-04-12 17:26:23.802693617
6840,101753,Aberto,2026-04-12 18:08:00.000000000
310,107707,Fechado,2026-04-12 19:11:14.671155267
6841,101753,Em Atendimento,2026-04-12 22:23:53.428329324
1978,108937,Pendente,2026-04-13 01:25:47.048987286
6842,101753,Fechado,2026-04-13 06:30:18.493848566
6430,109110,Aberto,2026-04-13 07:01:00.000000000
2170,103794,Aberto,2026-04-13 08:27:00.000000000
2172,103794,Fechado,2026-04-13 09:05:00.183512558
6432,109110,Fechado,2026-04-13 10:27:04.080710583
6431,109110,Em Atendimento,2026-04-13 10:44:31.832486807
3012,104930,Aberto,2026-04-13 12:10:00.000000000
6867,106860,Aberto,2026-04-13 12:11:00.000000000
2171,103794,Em Atendimento,2026-04-13 12:35:22.788215441
3014,104930,Fechado,2026-04-13 12:40:23.923017468
6868,106860,Em Atendimento,2026-04-13 14:06:07.227283630
3013,104930,Em Atendimento,2026-04-13 15:37:17.716131466
6869,106860,Fechado,2026-04-13 17:04:48.154487589
4896,100734,Aberto,2026-04-14 13:25:00.000000000
5000,108885,Aberto,2026-04-14 13:36:00.000000000
5001,108885,Em Atendimento,2026-04-14 13:51:05.144335930
4898,100734,Fechado,2026-04-14 15:58:01.170495208
4897,100734,Em Atendimento,2026-04-14 17:47:37.521831430
5002,108885,Pendente,2026-04-14 21:03:29.623682396
8992,100024,Aberto,2026-04-15 07:35:00.000000000
8993,100024,Em Atendimento,2026-04-15 09:36:06.296320431
8994,100024,Fechado,2026-04-15 12:26:18.052226269
8170,108591,Aberto,2026-04-15 15:07:00.000000000
1448,101531,Aberto,2026-04-15 17:56:00.000000000
8171,108591,Em Atendimento,2026-04-15 18:35:08.180142129
1449,101531,Em Atendimento,2026-04-15 22:07:03.761593396
1450,101531,Fechado,2026-04-15 22:56:37.562705258
8172,108591,Fechado,2026-04-16 01:25:21.968720960
5845,109852,Aberto,2026-04-16 08:21:00.000000000
5846,109852,Em Atendimento,2026-04-16 08:48:33.978173241
5208,100813,Aberto,2026-04-16 09:44:00.000000000
3400,103515,Aberto,2026-04-16 10:15:00.000000000
3402,103515,Fechado,2026-04-16 10:40:47.034197094
5210,100813,Fechado,2026-04-16 11:34:01.083784149
5847,109852,Fechado,2026-04-16 12:15:09.013788532
816,104172,Aberto,2026-04-16 12:17:00.000000000
9110,106878,Aberto,2026-04-16 13:16:00.000000000
3401,103515,Em Atendimento,2026-04-16 13:28:54.575205039
3086,102808,Aberto,2026-04-16 13:31:00.000000000
3732,107611,Aberto,2026-04-16 13:35:00.000000000
7214,100091,Aberto,2026-04-16 14:09:00.000000000
3088,102808,Fechado,2026-04-16 14:13:44.129980638
5209,100813,Em Atendimento,2026-04-16 14:33:07.232672596
818,104172,Fechado,2026-04-16 14:38:58.325967100
817,104172,Em Atendimento,2026-04-16 15:29:08.494740713
3087,102808,Em Atendimento,2026-04-16 15:29:11.106381024
9111,106878,Em Atendimento,2026-04-16 15:31:24.131036742
7215,100091,Em Atendimento,2026-04-16 15:32:33.504771371
3733,107611,Em Atendimento,2026-04-16 15:54:15.720234017
3734,107611,Fechado,2026-04-16 16:19:18.249145879
2419,107114,Aberto,2026-04-16 16:33:00.000000000
2420,107114,Em Atendimento,2026-04-16 19:45:50.053081997
7216,100091,Pendente,2026-04-16 20:55:33.616449659
8975,104120,Aberto,2026-04-17 11:12:00.000000000
2727,108627,Aberto,2026-04-17 11:58:00.000000000
8140,104112,Aberto,2026-04-17 12:26:00.000000000
9328,105332,Aberto,2026-04-17 13:22:00.000000000
8976,104120,Em Atendimento,2026-04-17 13:47:22.174669300
2728,108627,Em Atendimento,2026-04-17 15:12:56.215685622
8141,104112,Em Atendimento,2026-04-17 15:57:01.807503191
8977,104120,Fechado,2026-04-17 16:33:21.725103481
5456,108669,Aberto,2026-04-17 17:15:00.000000000
5458,108669,Fechado,2026-04-17 18:06:11.795369047
5457,108669,Em Atendimento,2026-04-17 21:04:14.814501195
8142,104112,Fechado,2026-04-17 22:33:59.004776611
2298,104020,Aberto,2026-04-18 09:59:00.000000000
957,109230,Aberto,2026-04-18 10:17:00.000000000
958,109230,Em Atendimento,2026-04-18 11:19:28.878238834
959,109230,Fechado,2026-04-18 11:28:52.731423960
2300,104020,Fechado,2026-04-18 12:26:26.795853432
2299,104020,Em Atendimento,2026-04-18 14:19:10.533187192
9068,107508,Aberto,2026-04-18 15:18:00.000000000
5063,106212,Aberto,2026-04-18 18:01:00.000000000
4042,108646,Aberto,2026-04-18 18:26:00.000000000
9070,107508,Fechado,2026-04-18 18:38:38.705105385
9069,107508,Em Atendimento,2026-04-18 18:52:59.913919613
4275,109555,Aberto,2026-04-18 18:53:00.000000000
5065,106212,Fechado,2026-04-18 19:02:35.804996605
4043,108646,Em Atendimento,2026-04-18 19:03:31.825048155
5064,106212,Em Atendimento,2026-04-18 21:23:51.681152339
4276,109555,Em Atendimento,2026-04-18 23:45:25.518589047
8214,103318,Aberto,2026-04-19 07:29:00.000000000
4936,104399,Aberto,2026-04-19 07:32:00.000000000
4937,104399,Em Atendimento,2026-04-19 08:31:07.928353131
1276,108484,Aberto,2026-04-19 09:23:00.000000000
4995,106631,Aberto,2026-04-19 10:06:00.000000000
1952,106898,Aberto,2026-04-19 10:33:00.000000000
1277,108484,Em Atendimento,2026-04-19 10:50:45.990549062
1954,106898,Fechado,2026-04-19 13:00:16.132616420
1568,109452,Aberto,2026-04-19 13:30:00.000000000
4938,104399,Fechado,2026-04-19 14:20:03.497024656
1569,109452,Em Atendimento,2026-04-19 14:25:20.666152954
3123,109975,Aberto,2026-04-19 14:40:00.000000000
4996,106631,Em Atendimento,2026-04-19 14:43:58.960612312
899,103223,Aberto,2026-04-19 15:23:00.000000000
1953,106898,Em Atendimento,2026-04-19 15:32:20.367841578
900,103223,Em Atendimento,2026-04-19 18:02:31.961577623
3124,109975,Em Atendimento,2026-04-19 18:17:04.776569416
3125,109975,Fechado,2026-04-19 20:14:20.745017677
1278,108484,Fechado,2026-04-19 20:19:45.616791192
7412,107481,Aberto,2026-04-20 07:07:00.000000000
901,103223,Fechado,2026-04-20 07:42:06.718510448
5143,103117,Aberto,2026-04-20 09:40:00.000000000
7413,107481,Em Atendimento,2026-04-20 11:52:30.122512453
5145,103117,Fechado,2026-04-20 11:56:12.978109527
5144,103117,Em Atendimento,2026-04-20 12:40:21.755517978
8604,109698,Aberto,2026-04-20 12:51:00.000000000
8606,109698,Fechado,2026-04-20 16:07:22.636452687
8605,109698,Em Atendimento,2026-04-20 17:24:06.177549687
239,104607,Aberto,2026-04-21 07:03:00.000000000
240,104607,Em Atendimento,2026-04-21 07:19:52.750446297
587,102246,Aberto,2026-04-21 09:35:00.000000000
7091,100374,Aberto,2026-04-21 10:50:00.000000000
7093,100374,Fechado,2026-04-21 12:30:49.713817771
588,102246,Em Atendimento,2026-04-21 13:37:53.287148533
7092,100374,Em Atendimento,2026-04-21 15:00:14.392558309
241,104607,Fechado,2026-04-21 17:50:00.961591272
376,102352,Aberto,2026-04-22 08:11:00.000000000
378,102352,Fechado,2026-04-22 08:34:04.363389430
5073,107839,Aberto,2026-04-22 08:54:00.000000000
377,102352,Em Atendimento,2026-04-22 08:58:40.265243603
3890,102247,Aberto,2026-04-22 09:20:00.000000000
5074,107839,Em Atendimento,2026-04-22 10:23:05.821462025
8835,100988,Aberto,2026-04-22 10:37:00.000000000
896,100048,Aberto,2026-04-22 12:47:00.000000000
3891,102247,Em Atendimento,2026-04-22 13:44:51.886049760
8836,100988,Em Atendimento,2026-04-22 14:02:09.859259144
898,100048,Fechado,2026-04-22 15:38:39.333598250
8458,109723,Aberto,2026-04-22 16:01:00.000000000
897,100048,Em Atendimento,2026-04-22 17:22:31.550136055
651,105710,Aberto,2026-04-22 17:54:00.000000000
5075,107839,Pendente,2026-04-22 18:19:37.690246983
3892,102247,Fechado,2026-04-22 18:57:28.056342043
652,105710,Em Atendimento,2026-04-22 19:40:53.782525711
8460,109723,Fechado,2026-04-22 19:51:14.184532543
8459,109723,Em Atendimento,2026-04-22 20:38:04.625393583
1825,108851,Aberto,2026-04-23 08:56:00.000000000
8374,106471,Aberto,2026-04-23 09:10:00.000000000
1826,108851,Em Atendimento,2026-04-23 12:03:41.857140796
7207,103029,Aberto,2026-04-23 13:40:00.000000000
7208,103029,Em Atendimento,2026-04-23 13:57:53.674347728
8375,106471,Em Atendimento,2026-04-23 13:57:54.757596651
1827,108851,Fechado,2026-04-23 17:15:36.859636149
679,100643,Aberto,2026-04-23 18:13:00.000000000
8376,106471,Fechado,2026-04-23 19:02:02.836576999
7209,103029,Fechado,2026-04-23 19:05:28.500493260
680,100643,Em Atendimento,2026-04-23 19:39:50.601520766
681,100643,Pendente,2026-04-23 21:52:12.857944650
5525,106002,Aberto,2026-04-24 08:35:00.000000000
5526,106002,Em Atendimento,2026-04-24 09:12:26.528984177
259,108521,Aberto,2026-04-24 09:14:00.000000000
261,108521,Fechado,2026-04-24 09:36:23.417740246
4992,107786,Aberto,2026-04-24 09:50:00.000000000
260,108521,Em Atendimento,2026-04-24 10:23:55.252226922
4993,107786,Em Atendimento,2026-04-24 11:34:00.486908081
2561,109881,Aberto,2026-04-24 12:22:00.000000000
4138,106167,Aberto,2026-04-24 12:42:00.000000000
4994,107786,Fechado,2026-04-24 13:10:32.176738255
2563,109881,Fechado,2026-04-24 16:25:40.419364647
2562,109881,Em Atendimento,2026-04-24 16:44:34.752046775
5569,106210,Aberto,2026-04-24 17:06:00.000000000
8776,106289,Aberto,2026-04-24 17:19:00.000000000
4139,106167,Em Atendimento,2026-04-24 17:31:01.894838117
5527,106002,Fechado,2026-04-24 17:53:58.145694278
5570,106210,Em Atendimento,2026-04-24 18:25:31.930824421
8777,106289,Em Atendimento,2026-04-24 19:00:39.772615392
4140,106167,Pendente,2026-04-25 00:00:46.554265803
8688,104582,Aberto,2026-04-25 07:10:00.000000000
8778,106289,Fechado,2026-04-25 07:24:32.823725204
8689,104582,Em Atendimento,2026-04-25 08:02:22.621678840
592,107161,Aberto,2026-04-25 09:34:00.000000000
594,107161,Fechado,2026-04-25 11:18:28.081297820
7109,103746,Aberto,2026-04-25 12:59:00.000000000
7111,103746,Fechado,2026-04-25 13:25:50.362645200
5438,109421,Aberto,2026-04-25 14:03:00.000000000
593,107161,Em Atendimento,2026-04-25 14:03:33.624278215
5439,109421,Em Atendimento,2026-04-25 14:57:57.917969093
5571,106210,Fechado,2026-04-25 15:14:44.844364712
5440,109421,Fechado,2026-04-25 15:47:18.745103540
7110,103746,Em Atendimento,2026-04-25 15:49:27.779415825
285,103714,Aberto,2026-04-25 16:21:00.000000000
5793,107283,Aberto,2026-04-25 16:21:00.000000000
287,103714,Fechado,2026-04-25 17:50:35.022601838
5472,108189,Aberto,2026-04-25 18:03:00.000000000
3556,103409,Aberto,2026-04-25 18:06:00.000000000
5794,107283,Em Atendimento,2026-04-25 18:46:45.989906168
286,103714,Em Atendimento,2026-04-25 19:51:46.027187357
5795,107283,Fechado,2026-04-25 20:30:33.000134842
8690,104582,Fechado,2026-04-25 21:13:56.600263872
5473,108189,Em Atendimento,2026-04-25 21:24:11.714167156
3557,103409,Em Atendimento,2026-04-25 22:33:34.758588484
5474,108189,Fechado,2026-04-26 03:27:12.798982342
3558,103409,Fechado,2026-04-26 04:47:43.892049552
4609,104007,Aberto,2026-04-26 07:47:00.000000000
8531,100037,Aberto,2026-04-26 09:38:00.000000000
8532,100037,Em Atendimento,2026-04-26 11:24:37.320338712
8533,100037,Pendente,2026-04-26 15:05:28.375720316
8978,109101,Aberto,2026-04-26 15:46:00.000000000
1655,103350,Aberto,2026-04-26 18:25:00.000000000
8979,109101,Em Atendimento,2026-04-26 19:28:27.201991104
1656,103350,Em Atendimento,2026-04-26 22:46:49.650364200
1657,103350,Fechado,2026-04-27 00:43:30.707124382
8980,109101,Fechado,2026-04-27 09:04:32.799119457
3913,105050,Aberto,2026-04-27 09:51:00.000000000
3914,105050,Em Atendimento,2026-04-27 11:09:43.237384047
4417,101732,Aberto,2026-04-27 11:49:00.000000000
4854,102368,Aberto,2026-04-27 12:09:00.000000000
4419,101732,Fechado,2026-04-27 12:25:39.059054470
1483,108200,Aberto,2026-04-27 13:11:00.000000000
1485,108200,Fechado,2026-04-27 14:08:53.366466175
2857,103646,Aberto,2026-04-27 14:20:00.000000000
385,105863,Aberto,2026-04-27 14:49:00.000000000
2858,103646,Em Atendimento,2026-04-27 14:49:01.455009037
2955,101171,Aberto,2026-04-27 15:01:00.000000000
4855,102368,Em Atendimento,2026-04-27 15:33:29.412814409
5376,105399,Aberto,2026-04-27 16:01:00.000000000
4418,101732,Em Atendimento,2026-04-27 16:19:56.349477495
1484,108200,Em Atendimento,2026-04-27 16:54:03.707481996
5377,105399,Em Atendimento,2026-04-27 17:42:28.157046080
4856,102368,Fechado,2026-04-27 18:15:46.343622704
386,105863,Em Atendimento,2026-04-27 19:36:47.383878503
2956,101171,Em Atendimento,2026-04-27 19:41:23.705925345
2957,101171,Pendente,2026-04-27 21:44:15.474511846
387,105863,Pendente,2026-04-27 22:13:51.199307143
5378,105399,Pendente,2026-04-28 01:18:52.454590402
3915,105050,Fechado,2026-04-28 04:26:58.338713367
2555,104388,Aberto,2026-04-28 08:13:00.000000000
2474,104976,Aberto,2026-04-28 09:18:00.000000000
2557,104388,Fechado,2026-04-28 11:56:28.382381896
2475,104976,Em Atendimento,2026-04-28 12:01:20.822228052
2556,104388,Em Atendimento,2026-04-28 12:33:09.766876262
2476,104976,Pendente,2026-04-28 14:49:58.089031082
555,108072,Aberto,2026-04-28 18:30:00.000000000
556,108072,Em Atendimento,2026-04-28 18:44:37.994469379
557,108072,Fechado,2026-04-29 08:42:42.020947033
9405,106485,Aberto,2026-04-29 13:20:00.000000000
9406,106485,Em Atendimento,2026-04-29 14:18:47.542550335
1247,101147,Aberto,2026-04-29 14:46:00.000000000
1248,101147,Em Atendimento,2026-04-29 15:47:30.893346275
5870,109144,Aberto,2026-04-29 16:30:00.000000000
8637,106670,Aberto,2026-04-29 16:31:00.000000000
5871,109144,Em Atendimento,2026-04-29 17:26:27.815860668
8639,106670,Fechado,2026-04-29 17:32:49.764117054
5872,109144,Fechado,2026-04-29 18:20:43.294413570
6124,100237,Aberto,2026-04-29 18:21:00.000000000
6125,100237,Em Atendimento,2026-04-29 18:39:58.483054128
8638,106670,Em Atendimento,2026-04-29 18:45:27.406453298
1249,101147,Fechado,2026-04-29 19:47:12.005630162
9407,106485,Fechado,2026-04-29 21:56:13.204359313
4256,105105,Aberto,2026-04-30 08:47:00.000000000
4257,105105,Em Atendimento,2026-04-30 09:17:19.870822537
3777,103878,Aberto,2026-04-30 10:06:00.000000000
4258,105105,Fechado,2026-04-30 12:02:31.627380546
6427,103529,Aberto,2026-04-30 12:06:00.000000000
3778,103878,Em Atendimento,2026-04-30 12:31:37.734954140
7082,103661,Aberto,2026-04-30 12:46:00.000000000
499,102572,Aberto,2026-04-30 14:17:00.000000000
6428,103529,Em Atendimento,2026-04-30 14:33:19.148946912
501,102572,Fechado,2026-04-30 14:36:15.490500988
1885,101781,Aberto,2026-04-30 14:49:00.000000000
568,108892,Aberto,2026-04-30 14:59:00.000000000
3275,105284,Aberto,2026-04-30 15:34:00.000000000
1886,101781,Em Atendimento,2026-04-30 15:49:17.359861287
3779,103878,Fechado,2026-04-30 15:53:11.008581554
7083,103661,Em Atendimento,2026-04-30 16:11:08.753501302
3479,105430,Aberto,2026-04-30 16:35:00.000000000
500,102572,Em Atendimento,2026-04-30 17:06:03.716807086
148,109480,Aberto,2026-04-30 17:35:00.000000000
3481,105430,Fechado,2026-04-30 18:14:25.606272906
3276,105284,Em Atendimento,2026-04-30 19:54:53.347582075
149,109480,Em Atendimento,2026-04-30 19:59:33.786993675
7084,103661,Fechado,2026-04-30 20:11:54.197863323
3480,105430,Em Atendimento,2026-04-30 21:01:56.443777691
150,109480,Fechado,2026-04-30 22:39:39.029523517
6429,103529,Fechado,2026-05-01 01:07:07.050910915
8779,109918,Aberto,2026-05-01 08:04:00.000000000
245,107102,Aberto,2026-05-01 09:35:00.000000000
246,107102,Em Atendimento,2026-05-01 10:11:19.019073602
5499,109343,Aberto,2026-05-01 11:00:00.000000000
8780,109918,Em Atendimento,2026-05-01 11:47:20.088206047
247,107102,Fechado,2026-05-01 11:59:29.302738293
2750,109830,Aberto,2026-05-01 12:04:00.000000000
5500,109343,Em Atendimento,2026-05-01 13:15:21.623923044
2752,109830,Fechado,2026-05-01 14:07:00.689101531
325,102220,Aberto,2026-05-01 15:06:00.000000000
2751,109830,Em Atendimento,2026-05-01 15:50:37.996621790
5501,109343,Fechado,2026-05-01 16:23:19.748546210
326,102220,Em Atendimento,2026-05-01 18:22:26.925519322
8781,109918,Fechado,2026-05-01 18:39:14.784636947
4596,105844,Aberto,2026-05-02 09:28:00.000000000
4597,105844,Em Atendimento,2026-05-02 11:05:50.245733588
4414,108009,Aberto,2026-05-02 12:53:00.000000000
4415,108009,Em Atendimento,2026-05-02 13:06:11.073139543
3111,104294,Aberto,2026-05-02 14:31:00.000000000
5923,102634,Aberto,2026-05-02 14:40:00.000000000
3112,104294,Em Atendimento,2026-05-02 14:51:36.361567866
5924,102634,Em Atendimento,2026-05-02 15:13:49.172555931
3113,104294,Fechado,2026-05-02 16:20:40.218406582
166,108848,Aberto,2026-05-02 18:19:00.000000000
168,108848,Fechado,2026-05-02 18:48:02.659727889
167,108848,Em Atendimento,2026-05-02 19:45:40.454706625
4416,108009,Pendente,2026-05-02 22:15:32.001709528
5925,102634,Fechado,2026-05-02 23:14:41.047370583
803,106687,Aberto,2026-05-03 07:21:00.000000000
804,106687,Em Atendimento,2026-05-03 09:56:19.000927510
7711,102852,Aberto,2026-05-03 14:45:00.000000000
805,106687,Fechado,2026-05-03 16:08:13.837718158
7713,102852,Fechado,2026-05-03 17:03:29.337003295
7712,102852,Em Atendimento,2026-05-03 18:14:46.395145686
3463,103190,Aberto,2026-05-04 09:22:00.000000000
3464,103190,Em Atendimento,2026-05-04 13:01:11.509691020
8557,102916,Aberto,2026-05-04 16:40:00.000000000
4550,109758,Aberto,2026-05-04 17:04:00.000000000
8558,102916,Em Atendimento,2026-05-04 17:13:34.134875507
4552,109758,Fechado,2026-05-04 18:19:40.126407271
4551,109758,Em Atendimento,2026-05-04 19:18:36.607192438
8922,108365,Aberto,2026-05-05 08:28:00.000000000
8021,107103,Aberto,2026-05-05 08:59:00.000000000
8022,107103,Em Atendimento,2026-05-05 09:27:24.965479476
8923,108365,Em Atendimento,2026-05-05 10:21:00.388086910
610,109809,Aberto,2026-05-05 10:27:00.000000000
1461,103438,Aberto,2026-05-05 10:36:00.000000000
8023,107103,Fechado,2026-05-05 10:59:21.670770682
611,109809,Em Atendimento,2026-05-05 12:53:13.318833246
4660,103674,Aberto,2026-05-05 12:57:00.000000000
1462,103438,Em Atendimento,2026-05-05 14:56:17.685136488
9053,101044,Aberto,2026-05-05 15:11:00.000000000
8924,108365,Fechado,2026-05-05 16:28:03.874027622
4661,103674,Em Atendimento,2026-05-05 17:11:55.214266116
3382,101418,Aberto,2026-05-05 17:18:00.000000000
9054,101044,Em Atendimento,2026-05-05 17:18:05.027236973
8195,103925,Aberto,2026-05-05 17:51:00.000000000
3383,101418,Em Atendimento,2026-05-05 19:52:37.197558110
612,109809,Fechado,2026-05-05 21:54:15.658964830
8196,103925,Em Atendimento,2026-05-05 22:12:14.108025557
9055,101044,Fechado,2026-05-06 02:48:05.827957381
1471,100890,Aberto,2026-05-06 07:05:00.000000000
1472,100890,Em Atendimento,2026-05-06 09:57:06.572733619
6168,109029,Aberto,2026-05-06 09:58:00.000000000
450,106679,Aberto,2026-05-06 10:01:00.000000000
6170,109029,Fechado,2026-05-06 11:35:56.107710490
1473,100890,Fechado,2026-05-06 12:00:14.251943524
6169,109029,Em Atendimento,2026-05-06 13:04:32.370783128
9331,109041,Aberto,2026-05-06 13:14:00.000000000
2159,101871,Aberto,2026-05-06 13:20:00.000000000
3547,102955,Aberto,2026-05-06 13:30:00.000000000
451,106679,Em Atendimento,2026-05-06 13:33:02.842706255
6218,104262,Aberto,2026-05-06 14:16:00.000000000
452,106679,Fechado,2026-05-06 14:20:32.787106802
9332,109041,Em Atendimento,2026-05-06 14:52:19.957216724
6219,104262,Em Atendimento,2026-05-06 15:36:45.181565043
2160,101871,Em Atendimento,2026-05-06 15:42:58.664356405
3548,102955,Em Atendimento,2026-05-06 16:58:04.111655460
5296,101973,Aberto,2026-05-06 17:31:00.000000000
3549,102955,Fechado,2026-05-06 18:51:34.267796730
5297,101973,Em Atendimento,2026-05-06 19:07:52.950581191
2161,101871,Fechado,2026-05-06 21:56:01.126322967
5298,101973,Fechado,2026-05-06 22:38:47.208590169
6220,104262,Fechado,2026-05-06 23:09:34.003369168
4506,106357,Aberto,2026-05-07 12:46:00.000000000
4507,106357,Em Atendimento,2026-05-07 13:03:29.292555464
4508,106357,Fechado,2026-05-07 13:44:17.401933984
6770,102939,Aberto,2026-05-07 14:29:00.000000000
7700,102397,Aberto,2026-05-07 16:17:00.000000000
8117,108746,Aberto,2026-05-07 17:03:00.000000000
8500,109667,Aberto,2026-05-07 17:58:00.000000000
7701,102397,Em Atendimento,2026-05-07 20:53:58.102703712
8501,109667,Em Atendimento,2026-05-07 22:42:30.225317614
8502,109667,Fechado,2026-05-07 22:50:47.121420964
7756,102993,Aberto,2026-05-08 13:46:00.000000000
8743,101029,Aberto,2026-05-08 14:31:00.000000000
8745,101029,Fechado,2026-05-08 15:10:18.448481433
8744,101029,Em Atendimento,2026-05-08 17:38:53.750351523
7050,100196,Aberto,2026-05-08 18:48:00.000000000
7051,100196,Em Atendimento,2026-05-08 21:17:45.965793804
7052,100196,Pendente,2026-05-08 23:43:52.238538819
6594,104312,Aberto,2026-05-09 07:37:00.000000000
5909,108479,Aberto,2026-05-09 07:54:00.000000000
6595,104312,Em Atendimento,2026-05-09 07:56:30.094642224
6596,104312,Fechado,2026-05-09 08:43:28.610456410
1768,105355,Aberto,2026-05-09 08:50:00.000000000
5910,108479,Em Atendimento,2026-05-09 09:38:04.705231823
3795,104364,Aberto,2026-05-09 09:47:00.000000000
1770,105355,Fechado,2026-05-09 10:07:58.944803557
1769,105355,Em Atendimento,2026-05-09 10:18:05.668466165
3797,104364,Fechado,2026-05-09 10:31:08.273927076
725,102669,Aberto,2026-05-09 11:47:00.000000000
8417,101766,Aberto,2026-05-09 12:01:00.000000000
8418,101766,Em Atendimento,2026-05-09 12:25:49.642164894
578,102358,Aberto,2026-05-09 12:30:00.000000000
3796,104364,Em Atendimento,2026-05-09 13:13:33.934297262
3249,103868,Aberto,2026-05-09 13:59:00.000000000
6200,103437,Aberto,2026-05-09 14:01:00.000000000
8419,101766,Fechado,2026-05-09 14:10:32.409362818
526,109232,Aberto,2026-05-09 14:54:00.000000000
3250,103868,Em Atendimento,2026-05-09 15:09:45.287325674
5039,104908,Aberto,2026-05-09 15:12:00.000000000
579,102358,Em Atendimento,2026-05-09 15:18:25.500869718
580,102358,Pendente,2026-05-09 16:09:03.531970721
5040,104908,Em Atendimento,2026-05-09 16:27:03.875412378
5041,104908,Fechado,2026-05-09 16:48:31.640646902
6201,103437,Em Atendimento,2026-05-09 17:05:36.347129798
6202,103437,Pendente,2026-05-09 17:33:21.183406192
528,109232,Fechado,2026-05-09 17:46:59.085664845
4088,109132,Aberto,2026-05-09 18:36:00.000000000
527,109232,Em Atendimento,2026-05-09 19:27:45.492062083
5911,108479,Fechado,2026-05-09 20:55:45.433121059
4089,109132,Em Atendimento,2026-05-09 21:21:24.522252787
3251,103868,Fechado,2026-05-10 02:26:11.515148578
6227,104205,Aberto,2026-05-10 10:01:00.000000000
6229,104205,Fechado,2026-05-10 11:39:37.827892158
6228,104205,Em Atendimento,2026-05-10 12:05:49.551325644
6150,106371,Aberto,2026-05-10 12:07:00.000000000
274,101430,Aberto,2026-05-10 14:05:00.000000000
8511,104949,Aberto,2026-05-10 15:05:00.000000000
6151,106371,Em Atendimento,2026-05-10 16:19:54.188543373
275,101430,Em Atendimento,2026-05-10 17:00:48.169113554
6152,106371,Fechado,2026-05-10 17:09:48.850727596
9548,108725,Aberto,2026-05-10 17:55:00.000000000
9550,108725,Fechado,2026-05-10 18:38:37.921815123
276,101430,Pendente,2026-05-10 19:46:50.281518272
9549,108725,Em Atendimento,2026-05-10 21:54:59.523024931
2499,105099,Aberto,2026-05-11 08:25:00.000000000
2500,105099,Em Atendimento,2026-05-11 09:20:55.998641312
2359,106779,Aberto,2026-05-11 10:48:00.000000000
2501,105099,Fechado,2026-05-11 10:57:44.294831422
9395,108149,Aberto,2026-05-11 11:23:00.000000000
2360,106779,Em Atendimento,2026-05-11 11:55:51.441773159
949,103162,Aberto,2026-05-11 12:00:00.000000000
7097,100269,Aberto,2026-05-11 14:21:00.000000000
8697,102829,Aberto,2026-05-11 15:44:00.000000000
950,103162,Em Atendimento,2026-05-11 16:16:10.710475285
951,103162,Fechado,2026-05-11 17:23:28.914816984
7098,100269,Em Atendimento,2026-05-11 18:16:03.959261407
2361,106779,Fechado,2026-05-11 18:34:23.030078491
1958,109128,Aberto,2026-05-12 08:24:00.000000000
1959,109128,Em Atendimento,2026-05-12 09:40:34.059209529
3920,102601,Aberto,2026-05-12 10:02:00.000000000
7357,101809,Aberto,2026-05-12 10:29:00.000000000
3922,102601,Fechado,2026-05-12 10:41:44.333342560
7359,101809,Fechado,2026-05-12 10:55:26.481678331
3921,102601,Em Atendimento,2026-05-12 11:05:35.055543566
143,100920,Aberto,2026-05-12 11:33:00.000000000
1960,109128,Fechado,2026-05-12 11:59:28.218318190
7358,101809,Em Atendimento,2026-05-12 13:52:55.824124195
7599,101399,Aberto,2026-05-12 14:16:00.000000000
144,100920,Em Atendimento,2026-05-12 14:29:57.316390412
7600,101399,Em Atendimento,2026-05-12 17:24:52.363335915
941,100967,Aberto,2026-05-12 17:51:00.000000000
7601,101399,Fechado,2026-05-12 18:32:04.997371994
942,100967,Em Atendimento,2026-05-12 21:55:18.098451923
943,100967,Fechado,2026-05-12 23:11:52.335840598
5355,100907,Aberto,2026-05-13 07:16:00.000000000
1693,109192,Aberto,2026-05-13 07:27:00.000000000
2679,106871,Aberto,2026-05-13 07:29:00.000000000
2680,106871,Em Atendimento,2026-05-13 10:24:24.600135576
5357,100907,Fechado,2026-05-13 11:01:43.062367950
849,105028,Aberto,2026-05-13 11:02:00.000000000
1694,109192,Em Atendimento,2026-05-13 11:05:10.594860830
5356,100907,Em Atendimento,2026-05-13 11:42:16.234486092
1695,109192,Fechado,2026-05-13 12:37:56.085150734
851,105028,Fechado,2026-05-13 13:21:57.238577335
850,105028,Em Atendimento,2026-05-13 14:35:05.769429159
1028,105240,Aberto,2026-05-13 15:15:00.000000000
3298,108337,Aberto,2026-05-13 17:06:00.000000000
8601,104027,Aberto,2026-05-13 17:12:00.000000000
3299,108337,Em Atendimento,2026-05-13 18:05:05.600626862
8603,104027,Fechado,2026-05-13 19:07:23.600909370
1029,105240,Em Atendimento,2026-05-13 20:03:46.730477965
8602,104027,Em Atendimento,2026-05-13 20:54:25.720096624
1030,105240,Fechado,2026-05-13 21:16:17.515824927
3300,108337,Fechado,2026-05-14 03:13:16.409601336
46,107397,Aberto,2026-05-14 12:16:00.000000000
1556,103601,Aberto,2026-05-14 12:24:00.000000000
48,107397,Fechado,2026-05-14 14:07:00.891238712
1558,103601,Fechado,2026-05-14 15:08:46.376383819
6335,104072,Aberto,2026-05-14 16:02:00.000000000
47,107397,Em Atendimento,2026-05-14 16:03:23.760929054
1557,103601,Em Atendimento,2026-05-14 16:07:23.339275756
6337,104072,Fechado,2026-05-14 19:26:42.192066916
6336,104072,Em Atendimento,2026-05-14 20:22:09.840454781
8394,104005,Aberto,2026-05-15 07:16:00.000000000
8396,104005,Fechado,2026-05-15 07:53:32.210212857
8395,104005,Em Atendimento,2026-05-15 08:41:40.225441199
6749,107491,Aberto,2026-05-15 10:55:00.000000000
6750,107491,Em Atendimento,2026-05-15 11:52:10.639601896
1193,103264,Aberto,2026-05-15 12:19:00.000000000
2890,109662,Aberto,2026-05-15 13:54:00.000000000
202,102064,Aberto,2026-05-15 14:02:00.000000000
204,102064,Fechado,2026-05-15 14:24:14.052214999
2891,109662,Em Atendimento,2026-05-15 14:31:54.355858095
7266,108620,Aberto,2026-05-15 14:51:00.000000000
4763,101676,Aberto,2026-05-15 15:10:00.000000000
203,102064,Em Atendimento,2026-05-15 15:28:49.799323736
356,100821,Aberto,2026-05-15 15:36:00.000000000
9092,105163,Aberto,2026-05-15 16:08:00.000000000
1194,103264,Em Atendimento,2026-05-15 16:08:21.909220547
4764,101676,Em Atendimento,2026-05-15 16:38:49.819220810
8898,103659,Aberto,2026-05-15 17:00:00.000000000
9093,105163,Em Atendimento,2026-05-15 17:12:41.225101773
358,100821,Fechado,2026-05-15 17:21:18.801324082
9094,105163,Fechado,2026-05-15 18:08:15.037818310
7267,108620,Em Atendimento,2026-05-15 19:10:30.253479407
357,100821,Em Atendimento,2026-05-15 19:15:52.211983034
8899,103659,Em Atendimento,2026-05-15 21:27:31.558264656
1195,103264,Pendente,2026-05-15 22:37:18.560434539
4765,101676,Fechado,2026-05-15 23:04:04.580903710
7268,108620,Fechado,2026-05-16 04:27:12.196121932
175,106737,Aberto,2026-05-16 07:11:00.000000000
176,106737,Em Atendimento,2026-05-16 10:41:59.893423872
2545,100195,Aberto,2026-05-16 12:11:00.000000000
7165,101228,Aberto,2026-05-16 12:17:00.000000000
2547,100195,Fechado,2026-05-16 13:25:30.394362933
6751,107491,Fechado,2026-05-16 13:45:59.723302113
2546,100195,Em Atendimento,2026-05-16 14:34:37.892951273
177,106737,Fechado,2026-05-16 15:19:43.794973615
7167,101228,Fechado,2026-05-16 16:26:44.781856927
7166,101228,Em Atendimento,2026-05-16 16:45:33.543915722
5882,109161,Aberto,2026-05-16 17:41:00.000000000
4795,106416,Aberto,2026-05-17 07:57:00.000000000
3694,105239,Aberto,2026-05-17 10:26:00.000000000
598,102823,Aberto,2026-05-17 10:27:00.000000000
3153,108555,Aberto,2026-05-17 11:20:00.000000000
3695,105239,Em Atendimento,2026-05-17 11:58:14.269857978
599,102823,Em Atendimento,2026-05-17 12:19:45.306055470
8840,100342,Aberto,2026-05-17 12:22:00.000000000
3154,108555,Em Atendimento,2026-05-17 12:31:16.201132116
3696,105239,Fechado,2026-05-17 14:33:57.705308990
8841,100342,Em Atendimento,2026-05-17 14:56:19.520223754
1279,109212,Aberto,2026-05-17 15:52:00.000000000
1280,109212,Em Atendimento,2026-05-17 17:04:14.339781200
1281,109212,Fechado,2026-05-17 17:37:17.944879392
4638,102890,Aberto,2026-05-17 17:59:00.000000000
3155,108555,Pendente,2026-05-17 18:32:12.163109195
4639,102890,Em Atendimento,2026-05-17 18:54:09.373740543
600,102823,Fechado,2026-05-17 21:10:21.360745808
8842,100342,Pendente,2026-05-17 21:41:51.262448846
2310,106169,Aberto,2026-05-18 12:58:00.000000000
2311,106169,Em Atendimento,2026-05-18 13:20:47.732806793
8794,106776,Aberto,2026-05-18 14:01:00.000000000
2683,108857,Aberto,2026-05-18 14:26:00.000000000
2312,106169,Fechado,2026-05-18 15:07:41.586557216
3201,109030,Aberto,2026-05-18 15:18:00.000000000
3219,109727,Aberto,2026-05-18 15:30:00.000000000
3220,109727,Em Atendimento,2026-05-18 16:10:06.728880070
2684,108857,Em Atendimento,2026-05-18 16:28:44.990739631
3221,109727,Fechado,2026-05-18 16:46:06.672168170
3203,109030,Fechado,2026-05-18 18:06:59.945081911
3202,109030,Em Atendimento,2026-05-18 19:14:50.105312734
2685,108857,Fechado,2026-05-18 20:02:21.770477931
4640,102890,Fechado,2026-05-18 21:01:26.085521929
70,103167,Aberto,2026-05-19 07:09:00.000000000
7708,108441,Aberto,2026-05-19 07:29:00.000000000
7709,108441,Em Atendimento,2026-05-19 08:02:30.131704416
71,103167,Em Atendimento,2026-05-19 08:51:22.103860058
5384,104332,Aberto,2026-05-19 08:52:00.000000000
72,103167,Fechado,2026-05-19 09:30:45.636330967
5385,104332,Em Atendimento,2026-05-19 10:11:39.617162994
5702,100017,Aberto,2026-05-19 10:29:00.000000000
5704,100017,Fechado,2026-05-19 10:47:00.000000000
6019,103732,Aberto,2026-05-19 12:19:00.000000000
6020,103732,Em Atendimento,2026-05-19 12:47:37.198502281
5386,104332,Fechado,2026-05-19 13:04:55.721368846
5703,100017,Em Atendimento,2026-05-19 13:27:13.221120034
9121,102195,Aberto,2026-05-19 14:00:00.000000000
9122,102195,Em Atendimento,2026-05-19 14:30:39.184867836
8464,103648,Aberto,2026-05-19 15:37:00.000000000
9123,102195,Fechado,2026-05-19 16:05:03.697095498
6021,103732,Fechado,2026-05-19 18:41:46.521349093
8465,103648,Em Atendimento,2026-05-19 19:36:20.086868547
7710,108441,Fechado,2026-05-19 21:00:16.216038519
8466,103648,Fechado,2026-05-20 02:12:01.533587470
932,102063,Aberto,2026-05-20 08:59:00.000000000
3050,103597,Aberto,2026-05-20 09:01:00.000000000
934,102063,Fechado,2026-05-20 10:14:24.609743708
933,102063,Em Atendimento,2026-05-20 10:35:16.087072885
3052,103597,Fechado,2026-05-20 10:43:40.213807088
3051,103597,Em Atendimento,2026-05-20 10:56:42.138240967
1354,103116,Aberto,2026-05-20 11:27:00.000000000
9144,102506,Aberto,2026-05-20 11:43:00.000000000
3926,106431,Aberto,2026-05-20 13:08:00.000000000
1744,107697,Aberto,2026-05-20 14:26:00.000000000
1355,103116,Em Atendimento,2026-05-20 15:23:03.545984826
9145,102506,Em Atendimento,2026-05-20 15:36:21.512034387
3928,106431,Fechado,2026-05-20 16:28:30.625469984
8726,100299,Aberto,2026-05-20 17:06:00.000000000
1745,107697,Em Atendimento,2026-05-20 17:19:28.495047651
7463,101851,Aberto,2026-05-20 17:41:00.000000000
3927,106431,Em Atendimento,2026-05-20 18:03:42.998211543
7464,101851,Em Atendimento,2026-05-20 19:16:47.856594037
8727,100299,Em Atendimento,2026-05-20 19:41:04.106637173
7465,101851,Fechado,2026-05-21 03:15:48.213879423
9146,102506,Fechado,2026-05-21 04:01:21.278967991
2378,106791,Aberto,2026-05-21 08:26:00.000000000
2379,106791,Em Atendimento,2026-05-21 08:46:33.729877664
2387,106458,Aberto,2026-05-21 10:24:00.000000000
2439,108509,Aberto,2026-05-21 11:18:00.000000000
2380,106791,Fechado,2026-05-21 11:55:01.390732141
2441,108509,Fechado,2026-05-21 12:09:08.208614502
3857,100229,Aberto,2026-05-21 12:16:00.000000000
2388,106458,Em Atendimento,2026-05-21 12:31:18.773363068
4811,102237,Aberto,2026-05-21 13:26:00.000000000
7951,106811,Aberto,2026-05-21 13:47:00.000000000
2389,106458,Fechado,2026-05-21 13:56:13.383982845
2009,108718,Aberto,2026-05-21 15:31:00.000000000
137,100822,Aberto,2026-05-21 16:02:00.000000000
2440,108509,Em Atendimento,2026-05-21 16:09:38.310073595
3859,100229,Fechado,2026-05-21 16:09:44.647169341
3858,100229,Em Atendimento,2026-05-21 16:45:52.870518581
5469,106956,Aberto,2026-05-21 16:46:00.000000000
139,100822,Fechado,2026-05-21 17:01:58.758058831
4920,104735,Aberto,2026-05-21 17:11:00.000000000
5470,106956,Em Atendimento,2026-05-21 17:59:48.721261139
7952,106811,Em Atendimento,2026-05-21 18:32:46.043877829
138,100822,Em Atendimento,2026-05-21 19:11:18.114983822
2010,108718,Em Atendimento,2026-05-21 19:36:50.834994091
4921,104735,Em Atendimento,2026-05-21 21:20:14.416238261
5471,106956,Pendente,2026-05-22 01:00:00.329297687
8728,100299,Fechado,2026-05-22 01:36:22.088062162
7953,106811,Fechado,2026-05-22 02:40:09.127350009
2011,108718,Fechado,2026-05-22 05:12:30.259113464
4922,104735,Fechado,2026-05-22 07:47:08.702670038
8186,106881,Aberto,2026-05-22 15:06:00.000000000
8187,106881,Em Atendimento,2026-05-22 15:27:31.033395674
1911,102946,Aberto,2026-05-22 15:54:00.000000000
8188,106881,Fechado,2026-05-22 17:02:54.762548708
1912,102946,Em Atendimento,2026-05-22 20:14:58.887651882
1913,102946,Pendente,2026-05-22 23:37:44.478984043
7915,103357,Aberto,2026-05-23 08:27:00.000000000
1397,100494,Aberto,2026-05-23 09:55:00.000000000
7916,103357,Em Atendimento,2026-05-23 10:36:43.963712592
1399,100494,Fechado,2026-05-23 10:46:21.784050003
3760,105047,Aberto,2026-05-23 12:40:00.000000000
1398,100494,Em Atendimento,2026-05-23 13:56:15.455092147
1167,106869,Aberto,2026-05-23 14:28:00.000000000
7917,103357,Pendente,2026-05-23 16:06:54.714982663
485,100301,Aberto,2026-05-23 16:56:00.000000000
1169,106869,Fechado,2026-05-23 18:20:50.342841922
3181,109242,Aberto,2026-05-23 18:30:00.000000000
5587,107301,Aberto,2026-05-23 18:35:00.000000000
1168,106869,Em Atendimento,2026-05-23 18:59:45.912907693
5588,107301,Em Atendimento,2026-05-23 19:50:19.267961123
3183,109242,Fechado,2026-05-23 19:52:04.657892142
486,100301,Em Atendimento,2026-05-23 20:32:27.926723361
3182,109242,Em Atendimento,2026-05-23 22:08:16.870094241
5589,107301,Fechado,2026-05-24 04:16:10.412347527
8088,102616,Aberto,2026-05-24 11:34:00.000000000
7251,104236,Aberto,2026-05-24 13:17:00.000000000
88,106187,Aberto,2026-05-24 13:28:00.000000000
8090,102616,Fechado,2026-05-24 13:33:41.422583101
8089,102616,Em Atendimento,2026-05-24 14:23:20.926878335
7741,103440,Aberto,2026-05-24 14:31:00.000000000
6031,106358,Aberto,2026-05-24 14:49:00.000000000
89,106187,Em Atendimento,2026-05-24 15:04:27.531525973
6032,106358,Em Atendimento,2026-05-24 15:51:28.906575010
6033,106358,Fechado,2026-05-24 17:09:19.747819953
7742,103440,Em Atendimento,2026-05-24 17:22:34.354723144
6025,101601,Aberto,2026-05-24 18:44:00.000000000
7743,103440,Fechado,2026-05-24 20:15:04.323509923
90,106187,Fechado,2026-05-24 21:27:05.611701753
6026,101601,Em Atendimento,2026-05-24 22:14:38.462267086
6027,101601,Fechado,2026-05-25 05:58:06.353197328
799,107167,Aberto,2026-05-25 07:37:00.000000000
801,107167,Fechado,2026-05-25 09:24:29.596366237
1822,108192,Aberto,2026-05-25 12:01:00.000000000
800,107167,Em Atendimento,2026-05-25 12:11:48.553831190
561,104126,Aberto,2026-05-25 14:03:00.000000000
3875,101813,Aberto,2026-05-25 14:17:00.000000000
1824,108192,Fechado,2026-05-25 14:39:30.746121262
1823,108192,Em Atendimento,2026-05-25 14:58:22.676410714
3876,101813,Em Atendimento,2026-05-25 15:34:00.630283271
3877,101813,Fechado,2026-05-25 18:32:03.481550589
8363,106122,Aberto,2026-05-26 12:30:00.000000000
1501,108786,Aberto,2026-05-26 12:55:00.000000000
1783,103806,Aberto,2026-05-26 13:37:00.000000000
2290,100579,Aberto,2026-05-26 15:00:00.000000000
2292,100579,Fechado,2026-05-26 15:38:37.892027688
1302,106434,Aberto,2026-05-26 15:47:00.000000000
8364,106122,Em Atendimento,2026-05-26 15:51:48.899523057
112,103150,Aberto,2026-05-26 15:56:00.000000000
1502,108786,Em Atendimento,2026-05-26 16:04:48.321082601
2291,100579,Em Atendimento,2026-05-26 17:20:51.486290787
1784,103806,Em Atendimento,2026-05-26 17:38:05.014399461
1785,103806,Fechado,2026-05-26 17:40:40.143086906
114,103150,Fechado,2026-05-26 17:49:39.483245270
1304,106434,Fechado,2026-05-26 19:11:24.392265382
1303,106434,Em Atendimento,2026-05-26 19:17:17.062789834
113,103150,Em Atendimento,2026-05-26 19:40:35.158971145
1503,108786,Fechado,2026-05-27 02:38:00.495846202
8408,105506,Aberto,2026-05-27 08:58:00.000000000
2398,100043,Aberto,2026-05-27 09:43:00.000000000
5690,107378,Aberto,2026-05-27 10:23:00.000000000
2400,100043,Fechado,2026-05-27 11:07:11.268637333
2399,100043,Em Atendimento,2026-05-27 12:31:36.329648686
5692,107378,Fechado,2026-05-27 12:55:30.130776031
8409,105506,Em Atendimento,2026-05-27 13:55:22.114182632
6636,103046,Aberto,2026-05-27 14:03:00.000000000
5691,107378,Em Atendimento,2026-05-27 14:46:45.229247819
9013,103459,Aberto,2026-05-27 15:16:00.000000000
6637,103046,Em Atendimento,2026-05-27 16:27:09.911245227
8365,106122,Fechado,2026-05-27 18:58:56.273989260
8410,105506,Fechado,2026-05-27 20:47:29.943000498
6638,103046,Fechado,2026-05-27 21:59:52.192746682
6433,104750,Aberto,2026-05-28 13:24:00.000000000
1074,105313,Aberto,2026-05-28 14:20:00.000000000
6434,104750,Em Atendimento,2026-05-28 14:40:11.821316065
6110,107768,Aberto,2026-05-28 15:10:00.000000000
2526,100324,Aberto,2026-05-28 15:11:00.000000000
9280,106850,Aberto,2026-05-28 15:18:00.000000000
2528,100324,Fechado,2026-05-28 16:41:08.939589566
9281,106850,Em Atendimento,2026-05-28 16:41:33.676363109
6111,107768,Em Atendimento,2026-05-28 17:31:51.237187854
1075,105313,Em Atendimento,2026-05-28 18:05:43.428061962
2527,100324,Em Atendimento,2026-05-28 18:58:48.811364388
9282,106850,Fechado,2026-05-28 19:47:01.229583760
6112,107768,Fechado,2026-05-28 21:20:16.399758903
6435,104750,Fechado,2026-05-28 21:27:19.916813581
1076,105313,Fechado,2026-05-28 23:27:59.023690831
7585,102347,Aberto,2026-05-29 07:58:00.000000000
7586,102347,Em Atendimento,2026-05-29 09:44:12.543784255
7997,109185,Aberto,2026-05-29 12:24:00.000000000
7998,109185,Em Atendimento,2026-05-29 16:05:08.474204537
514,103327,Aberto,2026-05-29 16:36:00.000000000
7999,109185,Fechado,2026-05-29 17:00:42.423558076
7587,102347,Fechado,2026-05-29 17:14:03.803698268
7446,102152,Aberto,2026-05-29 17:41:00.000000000
515,103327,Em Atendimento,2026-05-29 18:19:17.953836995
8071,109868,Aberto,2026-05-29 18:56:00.000000000
7448,102152,Fechado,2026-05-29 20:12:27.697048928
7447,102152,Em Atendimento,2026-05-29 22:24:52.872503402
8072,109868,Em Atendimento,2026-05-29 22:55:29.580516762
8718,103770,Aberto,2026-05-30 08:02:00.000000000
516,103327,Fechado,2026-05-30 08:49:47.605730232
8719,103770,Em Atendimento,2026-05-30 10:22:35.901886767
1283,104338,Aberto,2026-05-30 11:46:00.000000000
5660,106635,Aberto,2026-05-30 13:38:00.000000000
5661,106635,Em Atendimento,2026-05-30 14:21:34.626102724
5662,106635,Fechado,2026-05-30 14:55:20.932679662
8720,103770,Fechado,2026-05-30 20:22:10.449275974
8073,109868,Fechado,2026-05-31 01:11:59.026134621
3482,101327,Aberto,2026-05-31 07:39:00.000000000
8167,102017,Aberto,2026-05-31 08:17:00.000000000
3484,101327,Fechado,2026-05-31 08:52:15.972365118
3483,101327,Em Atendimento,2026-05-31 11:08:23.599622971
5922,102925,Aberto,2026-05-31 11:39:00.000000000
8168,102017,Em Atendimento,2026-05-31 11:45:03.982590863
8169,102017,Fechado,2026-05-31 12:28:19.585874310
4015,103898,Aberto,2026-05-31 13:01:00.000000000
4016,103898,Em Atendimento,2026-05-31 13:41:46.438468868
4017,103898,Fechado,2026-05-31 14:41:14.747382390
7146,100165,Aberto,2026-05-31 18:02:00.000000000
1755,100039,Aberto,2026-05-31 18:11:00.000000000
5024,108310,Aberto,2026-05-31 18:18:00.000000000
5025,108310,Em Atendimento,2026-05-31 20:00:35.287120861
7147,100165,Em Atendimento,2026-05-31 20:44:28.472776311
5026,108310,Pendente,2026-06-01 01:29:07.395552471
7148,100165,Fechado,2026-06-01 04:40:16.020127442
9245,101752,Aberto,2026-06-01 08:21:00.000000000
409,103276,Aberto,2026-06-01 09:39:00.000000000
1150,101037,Aberto,2026-06-01 09:59:00.000000000
9247,101752,Fechado,2026-06-01 10:04:09.271767770
9246,101752,Em Atendimento,2026-06-01 10:13:02.869594400
6470,101627,Aberto,2026-06-01 10:51:00.000000000
1151,101037,Em Atendimento,2026-06-01 11:53:08.282603156
7241,109344,Aberto,2026-06-01 12:59:00.000000000
7227,101445,Aberto,2026-06-01 13:10:00.000000000
6471,101627,Em Atendimento,2026-06-01 13:38:33.019876740
7228,101445,Em Atendimento,2026-06-01 14:52:59.343306711
5459,106028,Aberto,2026-06-01 15:43:00.000000000
6472,101627,Fechado,2026-06-01 16:09:40.164251266
7242,109344,Em Atendimento,2026-06-01 16:30:29.846088201
7229,101445,Fechado,2026-06-01 17:05:47.940604802
7243,109344,Fechado,2026-06-01 17:09:58.858922398
5461,106028,Fechado,2026-06-01 17:37:45.210871116
5460,106028,Em Atendimento,2026-06-01 19:34:11.600637407
4345,100527,Aberto,2026-06-02 09:23:00.000000000
4346,100527,Em Atendimento,2026-06-02 10:28:33.279419005
4592,102989,Aberto,2026-06-02 10:37:00.000000000
2655,108708,Aberto,2026-06-02 11:21:00.000000000
2656,108708,Em Atendimento,2026-06-02 13:09:25.925035536
4594,102989,Fechado,2026-06-02 13:09:47.958326199
4593,102989,Em Atendimento,2026-06-02 13:26:40.448388598
2657,108708,Fechado,2026-06-02 14:33:24.898301298
4347,100527,Fechado,2026-06-02 14:43:15.303835665
6441,107329,Aberto,2026-06-02 15:26:00.000000000
6442,107329,Em Atendimento,2026-06-02 18:49:43.204633094
6443,107329,Fechado,2026-06-03 04:40:59.857294549
5373,100945,Aberto,2026-06-03 07:41:00.000000000
5374,100945,Em Atendimento,2026-06-03 10:55:33.175807246
4320,105207,Aberto,2026-06-03 15:44:00.000000000
7974,102109,Aberto,2026-06-03 16:12:00.000000000
7976,102109,Fechado,2026-06-03 16:36:04.178264554
5375,100945,Fechado,2026-06-03 16:38:52.138786608
835,104741,Aberto,2026-06-03 16:51:00.000000000
5915,106309,Aberto,2026-06-03 16:53:00.000000000
4321,105207,Em Atendimento,2026-06-03 18:21:02.142639267
836,104741,Em Atendimento,2026-06-03 18:44:31.275462931
7975,102109,Em Atendimento,2026-06-03 19:40:06.554209739
5916,106309,Em Atendimento,2026-06-03 21:23:11.610998548
4322,105207,Fechado,2026-06-03 23:38:00.059295182
3729,109489,Aberto,2026-06-04 09:16:00.000000000
3428,103025,Aberto,2026-06-04 11:30:00.000000000
7847,104877,Aberto,2026-06-04 11:46:00.000000000
7848,104877,Em Atendimento,2026-06-04 12:20:03.193892853
9420,108254,Aberto,2026-06-04 12:29:00.000000000
3730,109489,Em Atendimento,2026-06-04 12:34:21.907383907
3731,109489,Pendente,2026-06-04 12:42:08.736107279
4118,102622,Aberto,2026-06-04 13:47:00.000000000
884,103683,Aberto,2026-06-04 13:52:00.000000000
886,103683,Fechado,2026-06-04 14:51:08.248148883
1877,107505,Aberto,2026-06-04 14:59:00.000000000
5106,105703,Aberto,2026-06-04 15:16:00.000000000
3430,103025,Fechado,2026-06-04 15:21:16.020507524
7849,104877,Fechado,2026-06-04 15:23:15.779803515
3429,103025,Em Atendimento,2026-06-04 15:33:48.262362106
5107,105703,Em Atendimento,2026-06-04 15:57:15.456986124
5108,105703,Fechado,2026-06-04 16:10:20.511882151
1878,107505,Em Atendimento,2026-06-04 16:43:08.797489793
885,103683,Em Atendimento,2026-06-04 17:16:28.239392461
4119,102622,Em Atendimento,2026-06-04 17:51:42.449783947
6502,101572,Aberto,2026-06-05 09:37:00.000000000
9063,108645,Aberto,2026-06-05 11:02:00.000000000
914,106739,Aberto,2026-06-05 12:01:00.000000000
915,106739,Em Atendimento,2026-06-05 12:15:45.306165639
2144,105359,Aberto,2026-06-05 12:42:00.000000000
6504,101572,Fechado,2026-06-05 13:25:37.898080218
9064,108645,Em Atendimento,2026-06-05 13:40:01.263646910
1932,100832,Aberto,2026-06-05 14:19:00.000000000
6503,101572,Em Atendimento,2026-06-05 14:25:14.250966357
2145,105359,Em Atendimento,2026-06-05 14:45:17.612414182
1933,100832,Em Atendimento,2026-06-05 15:22:13.348669298
5725,105894,Aberto,2026-06-05 15:55:00.000000000
3532,109750,Aberto,2026-06-05 16:06:00.000000000
4435,103178,Aberto,2026-06-05 16:12:00.000000000
5726,105894,Em Atendimento,2026-06-05 16:16:25.931441189
3533,109750,Em Atendimento,2026-06-05 17:34:55.818953733
8903,109559,Aberto,2026-06-05 17:43:00.000000000
4436,103178,Em Atendimento,2026-06-05 19:56:23.308342660
3534,109750,Fechado,2026-06-05 20:22:25.676218275
4437,103178,Fechado,2026-06-05 20:46:29.584036678
8904,109559,Em Atendimento,2026-06-05 22:01:31.266677776
1934,100832,Fechado,2026-06-05 22:45:46.147693002
8905,109559,Fechado,2026-06-06 02:29:05.313047739
2146,105359,Fechado,2026-06-06 07:13:38.414088580
2627,107750,Aberto,2026-06-06 09:26:00.000000000
2629,107750,Fechado,2026-06-06 09:55:11.755840531
6755,108045,Aberto,2026-06-06 10:39:00.000000000
5323,101905,Aberto,2026-06-06 11:49:00.000000000
6757,108045,Fechado,2026-06-06 12:01:10.395584947
2628,107750,Em Atendimento,2026-06-06 12:29:45.443580131
6756,108045,Em Atendimento,2026-06-06 13:11:21.791451627
5324,101905,Em Atendimento,2026-06-06 13:58:32.553581367
743,107782,Aberto,2026-06-06 14:08:00.000000000
3929,105705,Aberto,2026-06-06 15:20:00.000000000
6817,105986,Aberto,2026-06-06 15:24:00.000000000
745,107782,Fechado,2026-06-06 16:14:35.094776090
5325,101905,Fechado,2026-06-06 16:43:08.909438212
744,107782,Em Atendimento,2026-06-06 16:44:05.644514405
8888,108148,Aberto,2026-06-06 17:13:00.000000000
6818,105986,Em Atendimento,2026-06-06 17:21:21.187066202
6701,104546,Aberto,2026-06-06 17:32:00.000000000
8889,108148,Em Atendimento,2026-06-06 17:50:36.622673353
6702,104546,Em Atendimento,2026-06-06 18:09:39.789898646
8890,108148,Fechado,2026-06-06 18:28:53.859703932
3930,105705,Em Atendimento,2026-06-06 18:52:40.752070064
3931,105705,Fechado,2026-06-07 00:29:03.870455083
6819,105986,Fechado,2026-06-07 03:14:06.270648482
5617,106925,Aberto,2026-06-07 09:31:00.000000000
5618,106925,Em Atendimento,2026-06-07 10:05:56.631282296
5619,106925,Fechado,2026-06-07 10:07:23.143736642
6703,104546,Fechado,2026-06-07 12:54:16.767330366
3919,106830,Aberto,2026-06-07 14:10:00.000000000
7061,104831,Aberto,2026-06-07 14:24:00.000000000
7532,102999,Aberto,2026-06-07 14:51:00.000000000
7533,102999,Em Atendimento,2026-06-07 15:34:29.345176888
5534,105656,Aberto,2026-06-07 16:50:00.000000000
7062,104831,Em Atendimento,2026-06-07 17:02:17.825115909
7063,104831,Fechado,2026-06-07 17:17:14.926870345
7534,102999,Fechado,2026-06-07 17:45:48.287220832
8308,103869,Aberto,2026-06-07 17:50:00.000000000
8309,103869,Em Atendimento,2026-06-07 19:20:44.254588836
5535,105656,Em Atendimento,2026-06-07 20:08:20.817868189
5536,105656,Fechado,2026-06-07 22:53:30.363599538
8310,103869,Fechado,2026-06-08 00:27:00.890781322
9371,105640,Aberto,2026-06-08 08:00:00.000000000
9372,105640,Em Atendimento,2026-06-08 08:23:47.577189934
9373,105640,Fechado,2026-06-08 08:26:19.452868497
3965,106765,Aberto,2026-06-08 08:37:00.000000000
7031,106703,Aberto,2026-06-08 09:20:00.000000000
4061,101201,Aberto,2026-06-08 10:33:00.000000000
3966,106765,Em Atendimento,2026-06-08 12:22:47.483429461
4063,101201,Fechado,2026-06-08 12:26:42.637654075
7985,105858,Aberto,2026-06-08 12:35:00.000000000
2083,102640,Aberto,2026-06-08 13:16:00.000000000
211,101121,Aberto,2026-06-08 13:29:00.000000000
7032,106703,Em Atendimento,2026-06-08 14:09:53.311032634
7987,105858,Fechado,2026-06-08 14:19:23.110613602
4062,101201,Em Atendimento,2026-06-08 14:21:10.323136405
9035,104560,Aberto,2026-06-08 14:22:00.000000000
7986,105858,Em Atendimento,2026-06-08 14:37:46.310359377
9036,104560,Em Atendimento,2026-06-08 16:05:45.265718991
2084,102640,Em Atendimento,2026-06-08 16:48:07.947810511
3967,106765,Fechado,2026-06-08 16:59:46.099701937
212,101121,Em Atendimento,2026-06-08 17:46:11.124447856
7120,104811,Aberto,2026-06-08 17:48:00.000000000
7122,104811,Fechado,2026-06-08 18:49:12.501814702
213,101121,Fechado,2026-06-08 20:57:12.644640019
9037,104560,Pendente,2026-06-08 21:56:45.201371482
7121,104811,Em Atendimento,2026-06-08 22:31:59.849274370
7033,106703,Fechado,2026-06-09 00:43:52.065361989
2085,102640,Pendente,2026-06-09 01:03:12.395677216
3097,105093,Aberto,2026-06-09 07:17:00.000000000
3229,102860,Aberto,2026-06-09 07:47:00.000000000
4786,103242,Aberto,2026-06-09 07:51:00.000000000
9421,109012,Aberto,2026-06-09 08:06:00.000000000
3098,105093,Em Atendimento,2026-06-09 09:19:33.690564037
7140,102870,Aberto,2026-06-09 09:43:00.000000000
4787,103242,Em Atendimento,2026-06-09 09:50:48.061008468
9422,109012,Em Atendimento,2026-06-09 10:32:20.078451802
3230,102860,Em Atendimento,2026-06-09 10:41:31.681442528
3099,105093,Fechado,2026-06-09 11:08:12.275559180
7141,102870,Em Atendimento,2026-06-09 12:43:56.281947930
8100,105784,Aberto,2026-06-09 15:10:00.000000000
5802,106388,Aberto,2026-06-09 17:07:00.000000000
5804,106388,Fechado,2026-06-09 17:37:03.252621517
8101,105784,Em Atendimento,2026-06-09 18:58:13.859251206
5803,106388,Em Atendimento,2026-06-09 19:55:34.000055652
3231,102860,Fechado,2026-06-09 22:46:42.924471558
8102,105784,Fechado,2026-06-09 23:12:07.686600187
9423,109012,Fechado,2026-06-10 01:36:37.556982586
7142,102870,Fechado,2026-06-10 06:57:14.365957538
5103,109315,Aberto,2026-06-10 07:26:00.000000000
5104,109315,Em Atendimento,2026-06-10 07:46:34.694986122
3994,104254,Aberto,2026-06-10 09:24:00.000000000
7684,100956,Aberto,2026-06-10 09:47:00.000000000
4751,101710,Aberto,2026-06-10 10:22:00.000000000
3995,104254,Em Atendimento,2026-06-10 10:23:35.970678814
4753,101710,Fechado,2026-06-10 11:07:27.068722736
3996,104254,Fechado,2026-06-10 11:34:32.104187652
7686,100956,Fechado,2026-06-10 11:51:51.757480686
4752,101710,Em Atendimento,2026-06-10 12:09:43.488292883
7685,100956,Em Atendimento,2026-06-10 12:40:00.513097229
3117,105676,Aberto,2026-06-10 14:16:00.000000000
3118,105676,Em Atendimento,2026-06-10 14:46:26.257139204
2296,102019,Aberto,2026-06-10 16:05:00.000000000
5105,109315,Fechado,2026-06-10 17:08:25.616579749
2297,102019,Em Atendimento,2026-06-10 18:14:39.159249716
3119,105676,Fechado,2026-06-10 20:23:48.523250794
3412,100966,Aberto,2026-06-11 07:52:00.000000000
9365,107810,Aberto,2026-06-11 08:03:00.000000000
3413,100966,Em Atendimento,2026-06-11 08:21:02.782705986
7204,107967,Aberto,2026-06-11 09:26:00.000000000
6780,105490,Aberto,2026-06-11 10:24:00.000000000
7205,107967,Em Atendimento,2026-06-11 11:10:40.207938906
6781,105490,Em Atendimento,2026-06-11 11:14:33.534454685
2104,109848,Aberto,2026-06-11 11:26:00.000000000
9452,109799,Aberto,2026-06-11 12:00:00.000000000
7206,107967,Fechado,2026-06-11 12:02:08.136437655
2105,109848,Em Atendimento,2026-06-11 12:20:52.621475503
9366,107810,Em Atendimento,2026-06-11 12:54:01.374879332
9453,109799,Em Atendimento,2026-06-11 13:45:59.399772841
9354,106882,Aberto,2026-06-11 14:26:00.000000000
9355,106882,Em Atendimento,2026-06-11 15:35:52.260160365
7773,106988,Aberto,2026-06-11 16:01:00.000000000
1270,107440,Aberto,2026-06-11 16:20:00.000000000
1272,107440,Fechado,2026-06-11 16:55:18.559023961
2106,109848,Fechado,2026-06-11 17:50:28.697827543
1271,107440,Em Atendimento,2026-06-11 17:53:13.853460347
7774,106988,Em Atendimento,2026-06-11 18:42:05.080544685
8824,108918,Aberto,2026-06-11 18:53:00.000000000
8825,108918,Em Atendimento,2026-06-11 19:49:34.387230735
9367,107810,Fechado,2026-06-11 20:03:08.065881813
9454,109799,Fechado,2026-06-11 20:09:31.495605897
7775,106988,Fechado,2026-06-11 21:31:12.578016884
8826,108918,Fechado,2026-06-12 01:01:46.366929535
4962,102900,Aberto,2026-06-12 10:06:00.000000000
6585,109316,Aberto,2026-06-12 11:35:00.000000000
4963,102900,Em Atendimento,2026-06-12 13:26:03.979817499
6587,109316,Fechado,2026-06-12 13:26:56.674175364
4964,102900,Fechado,2026-06-12 16:00:47.669606341
6586,109316,Em Atendimento,2026-06-12 16:12:51.222557361
3310,107309,Aberto,2026-06-12 18:32:00.000000000
3311,107309,Em Atendimento,2026-06-12 19:42:05.558133929
3312,107309,Fechado,2026-06-12 21:14:21.599359196
4796,100723,Aberto,2026-06-13 07:06:00.000000000
7791,102147,Aberto,2026-06-13 08:14:00.000000000
6827,109578,Aberto,2026-06-13 09:28:00.000000000
7792,102147,Em Atendimento,2026-06-13 09:36:21.757275682
4797,100723,Em Atendimento,2026-06-13 09:40:51.005542578
6828,109578,Em Atendimento,2026-06-13 10:19:30.246055948
4798,100723,Fechado,2026-06-13 10:52:48.636809302
2681,106090,Aberto,2026-06-13 11:56:00.000000000
2682,106090,Em Atendimento,2026-06-13 12:29:54.617345992
852,109286,Aberto,2026-06-13 13:25:00.000000000
3631,104778,Aberto,2026-06-13 14:55:00.000000000
6893,105668,Aberto,2026-06-13 15:01:00.000000000
3632,104778,Em Atendimento,2026-06-13 15:39:55.450012165
853,109286,Em Atendimento,2026-06-13 15:45:12.487280506
6829,109578,Fechado,2026-06-13 15:57:04.039858021
3633,104778,Fechado,2026-06-13 16:09:10.020352552
8429,108923,Aberto,2026-06-13 16:13:00.000000000
7793,102147,Fechado,2026-06-13 17:14:18.296757090
6895,105668,Fechado,2026-06-13 17:33:08.306158063
8430,108923,Em Atendimento,2026-06-13 17:55:55.799397441
6894,105668,Em Atendimento,2026-06-13 19:02:51.734151505
8431,108923,Fechado,2026-06-14 01:56:41.773840136
854,109286,Fechado,2026-06-14 02:08:21.434611360
1520,104174,Aberto,2026-06-14 07:41:00.000000000
2242,107471,Aberto,2026-06-14 08:36:00.000000000
1819,105794,Aberto,2026-06-14 09:37:00.000000000
1522,104174,Fechado,2026-06-14 09:59:49.626306939
1820,105794,Em Atendimento,2026-06-14 10:02:25.957548436
2243,107471,Em Atendimento,2026-06-14 10:54:58.027461793
2244,107471,Fechado,2026-06-14 11:03:09.582552687
6194,108987,Aberto,2026-06-14 11:30:00.000000000
1521,104174,Em Atendimento,2026-06-14 11:51:49.919524960
6195,108987,Em Atendimento,2026-06-14 12:11:24.092260005
1821,105794,Fechado,2026-06-14 13:38:38.188563596
4654,104387,Aberto,2026-06-14 13:40:00.000000000
6196,108987,Pendente,2026-06-14 14:31:44.156572143
1896,106916,Aberto,2026-06-14 15:09:00.000000000
4655,104387,Em Atendimento,2026-06-14 16:13:07.602402050
5316,109666,Aberto,2026-06-14 16:42:00.000000000
4656,104387,Fechado,2026-06-14 16:46:05.833861365
6960,104345,Aberto,2026-06-14 17:06:00.000000000
5318,109666,Fechado,2026-06-14 17:27:34.602149120
5317,109666,Em Atendimento,2026-06-14 17:28:45.778193304
1897,106916,Em Atendimento,2026-06-14 18:08:19.725823467
6794,104790,Aberto,2026-06-14 18:18:00.000000000
6961,104345,Em Atendimento,2026-06-14 18:54:19.616375615
1898,106916,Fechado,2026-06-14 20:18:53.935414225
6796,104790,Fechado,2026-06-14 20:53:40.205588863
6795,104790,Em Atendimento,2026-06-14 22:15:35.011142592
6962,104345,Fechado,2026-06-15 06:59:00.491285616
769,105556,Aberto,2026-06-15 11:44:00.000000000
2839,107451,Aberto,2026-06-15 13:28:00.000000000
2840,107451,Em Atendimento,2026-06-15 14:50:53.003442904
7517,101613,Aberto,2026-06-15 15:53:00.000000000
770,105556,Em Atendimento,2026-06-15 15:55:56.257878387
2841,107451,Fechado,2026-06-15 16:01:19.174542714
7518,101613,Em Atendimento,2026-06-15 17:14:58.546789377
1494,106919,Aberto,2026-06-15 17:44:00.000000000
7692,107312,Aberto,2026-06-15 17:51:00.000000000
7693,107312,Em Atendimento,2026-06-15 18:42:54.614833452
771,105556,Pendente,2026-06-15 18:44:39.206949194
1495,106919,Em Atendimento,2026-06-15 19:19:22.823769961
1496,106919,Fechado,2026-06-15 19:21:27.407476113
4103,104247,Aberto,2026-06-16 07:17:00.000000000
2319,103825,Aberto,2026-06-16 09:07:00.000000000
4104,104247,Em Atendimento,2026-06-16 09:13:35.703837381
2320,103825,Em Atendimento,2026-06-16 09:58:13.420561597
6387,104628,Aberto,2026-06-16 11:45:00.000000000
4105,104247,Pendente,2026-06-16 12:02:10.134912549
2321,103825,Fechado,2026-06-16 12:25:14.812611141
1314,103626,Aberto,2026-06-16 13:23:00.000000000
1702,107694,Aberto,2026-06-16 13:27:00.000000000
6389,104628,Fechado,2026-06-16 13:44:46.593989023
303,109523,Aberto,2026-06-16 13:47:00.000000000
1315,103626,Em Atendimento,2026-06-16 13:49:35.084102936
1316,103626,Fechado,2026-06-16 14:30:53.131017486
304,109523,Em Atendimento,2026-06-16 15:15:48.121411403
6388,104628,Em Atendimento,2026-06-16 15:51:15.190205430
1704,107694,Fechado,2026-06-16 15:57:30.451963057
1703,107694,Em Atendimento,2026-06-16 16:08:56.920587354
7750,105365,Aberto,2026-06-16 17:03:00.000000000
305,109523,Fechado,2026-06-16 17:08:56.387069578
2122,100816,Aberto,2026-06-16 17:51:00.000000000
7811,101743,Aberto,2026-06-16 18:01:00.000000000
2124,100816,Fechado,2026-06-16 19:04:12.903742696
7752,105365,Fechado,2026-06-16 19:07:44.102357324
7751,105365,Em Atendimento,2026-06-16 19:40:14.394579831
7813,101743,Fechado,2026-06-16 20:09:52.954879106
7812,101743,Em Atendimento,2026-06-16 21:53:33.832949044
2123,100816,Em Atendimento,2026-06-16 22:20:40.880742797
5465,106837,Aberto,2026-06-17 08:12:00.000000000
1105,106401,Aberto,2026-06-17 08:13:00.000000000
1107,106401,Fechado,2026-06-17 09:04:26.225680323
5466,106837,Em Atendimento,2026-06-17 09:28:08.337426038
4812,108320,Aberto,2026-06-17 10:00:00.000000000
4813,108320,Em Atendimento,2026-06-17 10:34:02.545993570
4814,108320,Fechado,2026-06-17 11:07:19.463334931
5467,106837,Fechado,2026-06-17 11:21:50.494844610
2558,108953,Aberto,2026-06-17 11:37:00.000000000
2559,108953,Em Atendimento,2026-06-17 12:06:24.282701910
1106,106401,Em Atendimento,2026-06-17 12:30:35.827008406
1862,102750,Aberto,2026-06-17 13:38:00.000000000
969,109074,Aberto,2026-06-17 14:35:00.000000000
1864,102750,Fechado,2026-06-17 14:55:49.819361942
2560,108953,Fechado,2026-06-17 15:03:01.722245024
1863,102750,Em Atendimento,2026-06-17 16:25:07.482872873
970,109074,Em Atendimento,2026-06-17 16:54:55.386285189
971,109074,Fechado,2026-06-17 17:42:07.319348738
7261,103722,Aberto,2026-06-18 07:21:00.000000000
7262,103722,Em Atendimento,2026-06-18 08:34:25.599365596
1517,106543,Aberto,2026-06-18 12:17:00.000000000
1518,106543,Em Atendimento,2026-06-18 16:30:05.289051585
6285,104335,Aberto,2026-06-18 17:07:00.000000000
5941,104529,Aberto,2026-06-18 18:09:00.000000000
5942,104529,Em Atendimento,2026-06-18 20:53:00.779772191
6286,104335,Em Atendimento,2026-06-18 21:59:01.330853886
1519,106543,Fechado,2026-06-18 23:02:03.424658850
5943,104529,Fechado,2026-06-18 23:46:51.833402151
6287,104335,Fechado,2026-06-19 04:57:02.988021994
3818,108101,Aberto,2026-06-19 07:37:00.000000000
3819,108101,Em Atendimento,2026-06-19 10:33:11.871570466
3820,108101,Fechado,2026-06-19 13:44:20.817894201
4595,109986,Aberto,2026-06-19 17:53:00.000000000
1834,101111,Aberto,2026-06-19 18:20:00.000000000
9455,105662,Aberto,2026-06-19 18:47:00.000000000
9456,105662,Em Atendimento,2026-06-19 19:43:07.622812092
9457,105662,Fechado,2026-06-19 19:56:44.961867694
1836,101111,Fechado,2026-06-19 20:34:07.243236452
1835,101111,Em Atendimento,2026-06-19 20:41:40.912342923
5238,106483,Aberto,2026-06-20 08:11:00.000000000
2307,103127,Aberto,2026-06-20 09:38:00.000000000
2309,103127,Fechado,2026-06-20 10:22:22.594303032
2308,103127,Em Atendimento,2026-06-20 10:35:47.189546189
2037,102815,Aberto,2026-06-20 10:42:00.000000000
2038,102815,Em Atendimento,2026-06-20 12:03:11.687146443
5917,109145,Aberto,2026-06-20 12:54:00.000000000
5239,106483,Em Atendimento,2026-06-20 13:02:11.067984533
5918,109145,Em Atendimento,2026-06-20 14:19:13.537286760
5240,106483,Fechado,2026-06-20 15:23:46.657251777
2689,106465,Aberto,2026-06-20 17:45:00.000000000
1831,106201,Aberto,2026-06-20 18:46:00.000000000
2690,106465,Em Atendimento,2026-06-20 19:10:09.978456315
1832,106201,Em Atendimento,2026-06-20 19:42:32.179335514
2691,106465,Fechado,2026-06-20 19:42:45.394191313
5919,109145,Fechado,2026-06-20 22:25:46.601587063
1833,106201,Fechado,2026-06-20 23:17:22.545733357
4180,109453,Aberto,2026-06-21 07:56:00.000000000
6104,106446,Aberto,2026-06-21 08:08:00.000000000
9007,101719,Aberto,2026-06-21 08:22:00.000000000
6105,106446,Em Atendimento,2026-06-21 08:28:44.153636635
4182,109453,Fechado,2026-06-21 08:44:51.637698172
6106,106446,Fechado,2026-06-21 09:18:34.283861065
3955,100507,Aberto,2026-06-21 09:58:00.000000000
2039,102815,Fechado,2026-06-21 11:04:18.717747726
3956,100507,Em Atendimento,2026-06-21 11:15:56.847780925
4181,109453,Em Atendimento,2026-06-21 12:48:37.590831565
3957,100507,Fechado,2026-06-21 13:07:25.210415858
9008,101719,Em Atendimento,2026-06-21 13:17:08.548325495
370,103156,Aberto,2026-06-21 16:11:00.000000000
5223,106845,Aberto,2026-06-21 16:32:00.000000000
1059,105026,Aberto,2026-06-21 16:51:00.000000000
9009,101719,Fechado,2026-06-21 17:44:56.227319050
372,103156,Fechado,2026-06-21 18:20:20.502293868
1060,105026,Em Atendimento,2026-06-21 18:40:52.185589723
5224,106845,Em Atendimento,2026-06-21 20:48:16.935647131
371,103156,Em Atendimento,2026-06-21 21:06:28.228942042
5225,106845,Fechado,2026-06-22 00:27:02.024749081
2067,105557,Aberto,2026-06-22 08:38:00.000000000
2069,105557,Fechado,2026-06-22 09:03:06.632527011
2068,105557,Em Atendimento,2026-06-22 09:42:23.999856281
3726,101457,Aberto,2026-06-22 11:07:00.000000000
3727,101457,Em Atendimento,2026-06-22 11:32:31.496875155
3728,101457,Fechado,2026-06-22 12:51:42.405084618
8712,108210,Aberto,2026-06-22 13:20:00.000000000
1061,105026,Fechado,2026-06-22 13:39:18.988030220
8713,108210,Em Atendimento,2026-06-22 13:50:08.547214205
8326,105181,Aberto,2026-06-22 14:30:00.000000000
8714,108210,Fechado,2026-06-22 16:34:14.217990993
8327,105181,Em Atendimento,2026-06-22 17:04:21.107635879
7654,104956,Aberto,2026-06-22 17:39:00.000000000
7222,107628,Aberto,2026-06-22 18:09:00.000000000
7656,104956,Fechado,2026-06-22 19:16:38.588928762
7655,104956,Em Atendimento,2026-06-22 19:21:06.041813701
7223,107628,Em Atendimento,2026-06-22 22:01:49.757553248
7224,107628,Fechado,2026-06-22 23:56:30.017203382
8831,105939,Aberto,2026-06-23 08:56:00.000000000
648,101186,Aberto,2026-06-23 09:02:00.000000000
7290,106834,Aberto,2026-06-23 09:05:00.000000000
5623,107133,Aberto,2026-06-23 09:30:00.000000000
650,101186,Fechado,2026-06-23 10:26:20.665981544
5625,107133,Fechado,2026-06-23 11:00:27.539557452
5624,107133,Em Atendimento,2026-06-23 12:53:02.244754915
649,101186,Em Atendimento,2026-06-23 13:20:08.436464419
7291,106834,Em Atendimento,2026-06-23 13:40:50.834431611
7292,106834,Fechado,2026-06-23 15:28:11.058537760
3329,101536,Aberto,2026-06-23 16:07:00.000000000
3331,101536,Fechado,2026-06-23 17:00:17.282832399
3330,101536,Em Atendimento,2026-06-23 17:24:47.978116286
6321,104983,Aberto,2026-06-24 07:14:00.000000000
1508,103787,Aberto,2026-06-24 07:18:00.000000000
5497,107771,Aberto,2026-06-24 07:55:00.000000000
6323,104983,Fechado,2026-06-24 09:29:02.068371705
5498,107771,Em Atendimento,2026-06-24 09:47:10.524638259
6322,104983,Em Atendimento,2026-06-24 10:24:45.588867708
4559,103539,Aberto,2026-06-24 10:29:00.000000000
4560,103539,Em Atendimento,2026-06-24 10:42:46.051128241
1510,103787,Fechado,2026-06-24 11:36:21.942103255
1492,103891,Aberto,2026-06-24 11:44:00.000000000
4561,103539,Fechado,2026-06-24 12:05:33.882055351
1509,103787,Em Atendimento,2026-06-24 12:11:44.144119806
7037,109990,Aberto,2026-06-24 12:22:00.000000000
2800,102851,Aberto,2026-06-24 13:10:00.000000000
6255,109695,Aberto,2026-06-24 13:46:00.000000000
7038,109990,Em Atendimento,2026-06-24 14:15:27.201641221
7039,109990,Fechado,2026-06-24 16:11:42.321819637
8397,109393,Aberto,2026-06-24 16:18:00.000000000
1493,103891,Em Atendimento,2026-06-24 16:43:57.630692030
6256,109695,Em Atendimento,2026-06-24 17:22:01.171369523
546,106484,Aberto,2026-06-24 17:28:00.000000000
76,107709,Aberto,2026-06-24 17:36:00.000000000
78,107709,Fechado,2026-06-24 17:59:29.105888578
77,107709,Em Atendimento,2026-06-24 18:43:58.342802617
6257,109695,Fechado,2026-06-24 19:00:44.526601813
8398,109393,Em Atendimento,2026-06-24 21:06:29.454264136
8399,109393,Pendente,2026-06-25 02:12:36.843582436
1108,103590,Aberto,2026-06-25 08:05:00.000000000
4509,109984,Aberto,2026-06-25 08:07:00.000000000
8740,106789,Aberto,2026-06-25 08:38:00.000000000
1109,103590,Em Atendimento,2026-06-25 08:52:00.931365830
9392,101936,Aberto,2026-06-25 09:56:00.000000000
3961,107635,Aberto,2026-06-25 11:12:00.000000000
9393,101936,Em Atendimento,2026-06-25 11:14:52.766170305
4510,109984,Em Atendimento,2026-06-25 11:25:50.186928919
8094,101058,Aberto,2026-06-25 11:27:00.000000000
8742,106789,Pendente,2026-06-25 11:59:41.788667332
8741,106789,Em Atendimento,2026-06-25 13:09:52.130070362
4511,109984,Pendente,2026-06-25 13:12:27.346617418
1110,103590,Fechado,2026-06-25 13:25:28.002714219
3962,107635,Em Atendimento,2026-06-25 13:34:42.114805427
8096,101058,Fechado,2026-06-25 14:10:21.920371334
9394,101936,Fechado,2026-06-25 14:57:10.519565682
8095,101058,Em Atendimento,2026-06-25 15:27:56.434871525
1139,106573,Aberto,2026-06-25 16:54:00.000000000
1141,106573,Fechado,2026-06-25 17:48:30.997592755
1140,106573,Em Atendimento,2026-06-25 18:49:03.118125282
981,104816,Aberto,2026-06-25 18:52:00.000000000
982,104816,Em Atendimento,2026-06-25 22:59:18.946625896
983,104816,Fechado,2026-06-26 00:47:38.688246274
3963,107635,Fechado,2026-06-26 01:38:43.534013521
4109,102692,Aberto,2026-06-26 07:03:00.000000000
4110,102692,Em Atendimento,2026-06-26 10:25:23.780137001
5684,102316,Aberto,2026-06-26 14:37:00.000000000
5109,105773,Aberto,2026-06-26 14:58:00.000000000
5686,102316,Fechado,2026-06-26 15:38:38.506236985
2490,102571,Aberto,2026-06-26 15:47:00.000000000
5685,102316,Em Atendimento,2026-06-26 17:01:30.109609674
4111,102692,Fechado,2026-06-26 18:42:05.236863422
2491,102571,Em Atendimento,2026-06-26 19:32:26.547980849
5111,105773,Fechado,2026-06-26 19:36:29.555549376
5110,105773,Em Atendimento,2026-06-26 19:48:27.123371554
2492,102571,Pendente,2026-06-27 00:34:41.536432795
6924,102088,Aberto,2026-06-27 08:43:00.000000000
6926,102088,Fechado,2026-06-27 10:00:23.792207892
447,105384,Aberto,2026-06-27 10:23:00.000000000
1148,101742,Aberto,2026-06-27 11:07:00.000000000
6925,102088,Em Atendimento,2026-06-27 13:30:36.856077274
448,105384,Em Atendimento,2026-06-27 14:46:07.671652612
1149,101742,Em Atendimento,2026-06-27 15:51:46.934941590
2639,109211,Aberto,2026-06-27 16:30:00.000000000
5447,106257,Aberto,2026-06-27 17:10:00.000000000
5448,106257,Em Atendimento,2026-06-27 17:43:37.402122616
2640,109211,Em Atendimento,2026-06-27 20:51:47.335877626
449,105384,Fechado,2026-06-27 22:35:53.553022077
5449,106257,Fechado,2026-06-28 03:44:04.618666610
5787,103225,Aberto,2026-06-28 11:17:00.000000000
5788,103225,Em Atendimento,2026-06-28 12:11:22.258366422
5121,103495,Aberto,2026-06-28 12:49:00.000000000
5789,103225,Fechado,2026-06-28 13:25:26.331558367
5122,103495,Em Atendimento,2026-06-28 17:36:43.887937919
5932,105873,Aberto,2026-06-29 10:07:00.000000000
7040,100173,Aberto,2026-06-29 13:54:00.000000000
1351,108685,Aberto,2026-06-29 14:33:00.000000000
5933,105873,Em Atendimento,2026-06-29 15:05:19.398053905
3663,107762,Aberto,2026-06-29 15:51:00.000000000
7505,107944,Aberto,2026-06-29 16:05:00.000000000
1352,108685,Em Atendimento,2026-06-29 17:01:31.722043939
3664,107762,Em Atendimento,2026-06-29 19:23:43.948650889
7506,107944,Em Atendimento,2026-06-29 20:26:01.260355930
1353,108685,Fechado,2026-06-29 21:53:46.960008259
5934,105873,Fechado,2026-06-29 22:16:42.165078912
3665,107762,Pendente,2026-06-30 00:48:49.674307130
7539,101814,Aberto,2026-06-30 08:45:00.000000000
2992,109448,Aberto,2026-06-30 09:53:00.000000000
2993,109448,Em Atendimento,2026-06-30 11:43:07.165075868
1565,109828,Aberto,2026-06-30 11:44:00.000000000
1567,109828,Fechado,2026-06-30 12:03:41.573301474
1566,109828,Em Atendimento,2026-06-30 12:10:01.770598031
7540,101814,Em Atendimento,2026-06-30 13:16:14.108728503
4580,103063,Aberto,2026-06-30 16:49:00.000000000
1282,107759,Aberto,2026-06-30 18:34:00.000000000
4581,103063,Em Atendimento,2026-06-30 18:53:18.366822826
4582,103063,Pendente,2026-06-30 21:40:42.606047370
7541,101814,Fechado,2026-07-01 03:04:43.367749957
2173,106521,Aberto,2026-07-01 07:03:00.000000000
5033,109422,Aberto,2026-07-01 07:37:00.000000000
2174,106521,Em Atendimento,2026-07-01 08:15:50.017503538
7445,103507,Aberto,2026-07-01 10:38:00.000000000
6366,104720,Aberto,2026-07-01 10:57:00.000000000
5035,109422,Fechado,2026-07-01 11:16:18.968572587
2175,106521,Fechado,2026-07-01 12:14:30.911575340
6312,100602,Aberto,2026-07-01 12:15:00.000000000
5034,109422,Em Atendimento,2026-07-01 12:21:50.234637835
2370,108992,Aberto,2026-07-01 14:21:00.000000000
6743,100040,Aberto,2026-07-01 14:33:00.000000000
476,100347,Aberto,2026-07-01 14:55:00.000000000
6367,104720,Em Atendimento,2026-07-01 14:59:13.584747992
8299,109672,Aberto,2026-07-01 15:07:00.000000000
6368,104720,Fechado,2026-07-01 15:34:08.099989561
2372,108992,Fechado,2026-07-01 15:55:04.939119299
6313,100602,Em Atendimento,2026-07-01 15:57:30.955082440
8300,109672,Em Atendimento,2026-07-01 16:06:24.857959084
478,100347,Fechado,2026-07-01 16:42:40.284158017
6744,100040,Em Atendimento,2026-07-01 18:00:28.782028000
2371,108992,Em Atendimento,2026-07-01 18:21:49.475810133
477,100347,Em Atendimento,2026-07-01 19:45:35.052485305
6745,100040,Fechado,2026-07-01 21:36:50.222566882
6314,100602,Fechado,2026-07-02 02:11:59.344405238
3172,105449,Aberto,2026-07-02 10:06:00.000000000
3173,105449,Em Atendimento,2026-07-02 10:53:03.356559615
2185,106077,Aberto,2026-07-02 11:11:00.000000000
4159,105172,Aberto,2026-07-02 11:18:00.000000000
2186,106077,Em Atendimento,2026-07-02 12:12:17.623779938
4161,105172,Fechado,2026-07-02 12:44:29.440781509
3174,105449,Pendente,2026-07-02 14:12:48.429836366
2187,106077,Fechado,2026-07-02 14:16:45.695263156
4160,105172,Em Atendimento,2026-07-02 14:18:39.309244929
5545,107566,Aberto,2026-07-02 16:27:00.000000000
8900,107739,Aberto,2026-07-02 17:32:00.000000000
5546,107566,Em Atendimento,2026-07-02 17:53:35.157562412
8901,107739,Em Atendimento,2026-07-02 19:41:57.289851327
8902,107739,Fechado,2026-07-02 21:48:12.420709564
5547,107566,Pendente,2026-07-03 03:30:41.585609413
7545,105111,Aberto,2026-07-03 07:38:00.000000000
2825,102699,Aberto,2026-07-03 09:03:00.000000000
7546,105111,Em Atendimento,2026-07-03 09:23:20.151907740
2826,102699,Em Atendimento,2026-07-03 12:21:26.215599861
4012,107287,Aberto,2026-07-03 12:55:00.000000000
4014,107287,Fechado,2026-07-03 13:15:24.334899658
8528,103454,Aberto,2026-07-03 14:35:00.000000000
8006,102575,Aberto,2026-07-03 14:49:00.000000000
4013,107287,Em Atendimento,2026-07-03 15:45:53.933756425
2827,102699,Pendente,2026-07-03 16:14:31.963667291
8007,102575,Em Atendimento,2026-07-03 16:40:10.391947211
8530,103454,Fechado,2026-07-03 17:32:29.788133979
8529,103454,Em Atendimento,2026-07-03 17:39:24.657456721
7547,105111,Pendente,2026-07-03 18:31:03.083742159
8008,102575,Pendente,2026-07-03 22:54:23.379232070
2924,108732,Aberto,2026-07-04 07:32:00.000000000
5651,108873,Aberto,2026-07-04 07:42:00.000000000
5652,108873,Em Atendimento,2026-07-04 07:58:40.462634437
236,108036,Aberto,2026-07-04 08:18:00.000000000
237,108036,Em Atendimento,2026-07-04 08:53:46.950834901
7657,108255,Aberto,2026-07-04 09:16:00.000000000
8524,105033,Aberto,2026-07-04 09:33:00.000000000
7658,108255,Em Atendimento,2026-07-04 09:39:28.617215719
238,108036,Fechado,2026-07-04 10:41:53.147455015
2925,108732,Em Atendimento,2026-07-04 11:49:50.266484322
2926,108732,Fechado,2026-07-04 12:32:05.743409086
6727,105267,Aberto,2026-07-04 15:18:00.000000000
7918,107876,Aberto,2026-07-04 16:19:00.000000000
6728,105267,Em Atendimento,2026-07-04 17:05:29.698792301
4459,100577,Aberto,2026-07-04 18:02:00.000000000
3339,107316,Aberto,2026-07-04 18:26:00.000000000
4461,100577,Fechado,2026-07-04 19:00:41.229114380
7919,107876,Em Atendimento,2026-07-04 19:53:05.895806652
3340,107316,Em Atendimento,2026-07-04 21:49:21.213911810
4460,100577,Em Atendimento,2026-07-04 23:00:11.464025187
7920,107876,Fechado,2026-07-05 00:01:27.128232842
7345,104779,Aberto,2026-07-05 09:29:00.000000000
7377,101116,Aberto,2026-07-05 10:08:00.000000000
7378,101116,Em Atendimento,2026-07-05 10:42:52.566740771
8788,102300,Aberto,2026-07-05 11:24:00.000000000
8789,102300,Em Atendimento,2026-07-05 11:52:26.897449309
1559,107927,Aberto,2026-07-05 12:30:00.000000000
7379,101116,Fechado,2026-07-05 12:39:45.862249335
1560,107927,Em Atendimento,2026-07-05 13:06:41.720435129
7178,100393,Aberto,2026-07-05 13:54:00.000000000
1458,105068,Aberto,2026-07-05 14:03:00.000000000
1477,103165,Aberto,2026-07-05 14:08:00.000000000
7346,104779,Em Atendimento,2026-07-05 14:09:25.546811781
7180,100393,Fechado,2026-07-05 14:36:02.887985822
8790,102300,Fechado,2026-07-05 14:41:43.450017586
1478,103165,Em Atendimento,2026-07-05 16:24:18.888255536
7179,100393,Em Atendimento,2026-07-05 16:59:32.568013765
1459,105068,Em Atendimento,2026-07-05 17:16:42.339568673
1460,105068,Fechado,2026-07-05 17:18:21.359953026
8266,106237,Aberto,2026-07-05 17:20:00.000000000
1561,107927,Fechado,2026-07-05 17:25:26.674889746
7588,103967,Aberto,2026-07-05 18:04:00.000000000
7347,104779,Pendente,2026-07-05 18:27:11.308225923
1479,103165,Fechado,2026-07-05 19:07:36.726329104
7589,103967,Em Atendimento,2026-07-05 19:13:49.230220344
8267,106237,Em Atendimento,2026-07-05 19:30:19.196415798
7590,103967,Fechado,2026-07-05 19:59:46.146865476
8268,106237,Fechado,2026-07-05 22:43:45.478427071
5097,104212,Aberto,2026-07-06 07:37:00.000000000
5258,109725,Aberto,2026-07-06 10:21:00.000000000
5099,104212,Fechado,2026-07-06 10:56:11.090263076
5098,104212,Em Atendimento,2026-07-06 12:18:32.189182981
5259,109725,Em Atendimento,2026-07-06 13:27:49.249477515
737,101348,Aberto,2026-07-06 17:55:00.000000000
4679,106692,Aberto,2026-07-06 18:06:00.000000000
5866,108872,Aberto,2026-07-06 18:07:00.000000000
4971,107168,Aberto,2026-07-06 18:31:00.000000000
738,101348,Em Atendimento,2026-07-06 18:31:16.467563895
217,103102,Aberto,2026-07-06 18:44:00.000000000
5260,109725,Pendente,2026-07-06 18:53:51.636856775
4972,107168,Em Atendimento,2026-07-06 19:25:31.082294136
219,103102,Fechado,2026-07-06 20:37:54.050276511
739,101348,Fechado,2026-07-06 21:27:04.919593041
4973,107168,Fechado,2026-07-06 21:32:09.617321182
4680,106692,Em Atendimento,2026-07-06 21:35:38.645355784
5867,108872,Em Atendimento,2026-07-06 22:27:01.414573048
218,103102,Em Atendimento,2026-07-06 22:29:56.135097179
5868,108872,Fechado,2026-07-07 01:40:36.644599767
4681,106692,Fechado,2026-07-07 04:35:20.167016564
6173,102433,Aberto,2026-07-07 08:27:00.000000000
4304,105488,Aberto,2026-07-07 08:32:00.000000000
4305,105488,Em Atendimento,2026-07-07 10:27:49.879312567
6175,102433,Fechado,2026-07-07 11:06:56.658227050
6174,102433,Em Atendimento,2026-07-07 12:13:17.312937482
2220,103338,Aberto,2026-07-07 14:12:00.000000000
8765,109865,Aberto,2026-07-07 14:47:00.000000000
8012,105214,Aberto,2026-07-07 14:48:00.000000000
8766,109865,Em Atendimento,2026-07-07 15:49:36.528256511
4046,102826,Aberto,2026-07-07 16:07:00.000000000
8208,103110,Aberto,2026-07-07 16:49:00.000000000
8013,105214,Em Atendimento,2026-07-07 17:17:23.384152705
8209,103110,Em Atendimento,2026-07-07 20:26:57.410006290
4306,105488,Fechado,2026-07-08 02:03:41.806976620
8210,103110,Fechado,2026-07-08 05:30:59.408790147
8014,105214,Fechado,2026-07-08 07:59:14.912773828
9432,107828,Aberto,2026-07-08 08:25:00.000000000
9433,107828,Em Atendimento,2026-07-08 11:05:10.279329281
9434,107828,Fechado,2026-07-08 12:42:30.863898621
4329,101820,Aberto,2026-07-08 15:33:00.000000000
4673,100525,Aberto,2026-07-08 16:09:00.000000000
2157,109820,Aberto,2026-07-08 16:39:00.000000000
4331,101820,Fechado,2026-07-08 17:04:15.895971969
4330,101820,Em Atendimento,2026-07-08 17:19:45.172552235
4675,100525,Fechado,2026-07-08 18:21:42.939039240
1905,105165,Aberto,2026-07-08 18:28:00.000000000
1906,105165,Em Atendimento,2026-07-08 18:57:35.875129985
2158,109820,Em Atendimento,2026-07-08 19:29:01.004805168
4674,100525,Em Atendimento,2026-07-08 20:22:25.345793845
1907,105165,Fechado,2026-07-09 06:53:15.713404496
1730,104918,Aberto,2026-07-09 13:28:00.000000000
1006,107037,Aberto,2026-07-09 16:16:00.000000000
5349,108429,Aberto,2026-07-09 16:20:00.000000000
1469,108378,Aberto,2026-07-09 16:54:00.000000000
5350,108429,Em Atendimento,2026-07-09 18:01:43.499125427
1008,107037,Fechado,2026-07-09 19:15:46.824927349
1007,107037,Em Atendimento,2026-07-09 19:47:06.628694075
1470,108378,Em Atendimento,2026-07-09 21:39:16.822453756
7729,106805,Aberto,2026-07-10 09:23:00.000000000
5351,108429,Fechado,2026-07-10 10:25:36.399437937
7472,105726,Aberto,2026-07-10 11:06:00.000000000
7731,106805,Fechado,2026-07-10 11:28:50.438748850
8534,100180,Aberto,2026-07-10 11:44:00.000000000
7730,106805,Em Atendimento,2026-07-10 11:48:04.968219098
8535,100180,Em Atendimento,2026-07-10 12:24:41.833390958
7474,105726,Fechado,2026-07-10 12:45:16.504741260
7473,105726,Em Atendimento,2026-07-10 12:58:30.128478930
3703,104599,Aberto,2026-07-10 13:01:00.000000000
7566,105632,Aberto,2026-07-10 14:27:00.000000000
7568,105632,Fechado,2026-07-10 15:26:52.196569771
3704,104599,Em Atendimento,2026-07-10 15:32:26.701920434
2354,105610,Aberto,2026-07-10 16:56:00.000000000
7567,105632,Em Atendimento,2026-07-10 17:57:50.683353439
7732,104258,Aberto,2026-07-10 18:24:00.000000000
2355,105610,Em Atendimento,2026-07-10 18:50:10.753789443
7733,104258,Em Atendimento,2026-07-10 22:39:29.843500439
2356,105610,Pendente,2026-07-11 02:41:22.915400409
3705,104599,Fechado,2026-07-11 03:02:21.950909101
288,106622,Aberto,2026-07-11 09:25:00.000000000
289,106622,Em Atendimento,2026-07-11 09:51:40.002318348
3691,104295,Aberto,2026-07-11 11:46:00.000000000
6705,107668,Aberto,2026-07-11 12:04:00.000000000
6706,107668,Em Atendimento,2026-07-11 12:31:15.129125002
3692,104295,Em Atendimento,2026-07-11 13:12:06.663774065
3693,104295,Fechado,2026-07-11 13:17:37.661464920
1917,103624,Aberto,2026-07-11 14:10:00.000000000
1918,103624,Em Atendimento,2026-07-11 16:21:04.709369204
6707,107668,Fechado,2026-07-11 16:22:35.707156894
290,106622,Fechado,2026-07-11 16:36:43.253753902
3137,104883,Aberto,2026-07-11 17:09:00.000000000
3139,104883,Fechado,2026-07-11 17:32:01.477219840
3138,104883,Em Atendimento,2026-07-11 17:37:45.136966657
7734,104258,Fechado,2026-07-12 02:18:57.736924830
8548,102443,Aberto,2026-07-12 07:30:00.000000000
8550,102443,Fechado,2026-07-12 07:58:58.414737010
8549,102443,Em Atendimento,2026-07-12 09:25:02.415892069
4882,103521,Aberto,2026-07-12 09:41:00.000000000
1919,103624,Fechado,2026-07-12 09:51:40.898137902
5975,102639,Aberto,2026-07-12 10:00:00.000000000
4760,107515,Aberto,2026-07-12 10:06:00.000000000
4761,107515,Em Atendimento,2026-07-12 10:45:00.532006304
5976,102639,Em Atendimento,2026-07-12 12:15:03.523804874
5977,102639,Fechado,2026-07-12 12:16:37.155265284
1995,104593,Aberto,2026-07-12 13:17:00.000000000
341,102977,Aberto,2026-07-12 13:19:00.000000000
4883,103521,Em Atendimento,2026-07-12 13:39:39.802450196
8837,106676,Aberto,2026-07-12 14:42:00.000000000
1176,105625,Aberto,2026-07-12 15:54:00.000000000
4762,107515,Fechado,2026-07-12 16:47:57.840044748
8838,106676,Em Atendimento,2026-07-12 16:50:46.733066025
4884,103521,Pendente,2026-07-12 17:04:01.513725415
8839,106676,Fechado,2026-07-12 17:22:04.414455807
8278,108755,Aberto,2026-07-12 18:30:00.000000000
1871,108572,Aberto,2026-07-12 18:44:00.000000000
1177,105625,Em Atendimento,2026-07-12 18:46:28.276016752
8640,102311,Aberto,2026-07-12 18:53:00.000000000
1178,105625,Fechado,2026-07-12 19:55:54.316655569
1873,108572,Fechado,2026-07-12 20:45:18.759123364
8641,102311,Em Atendimento,2026-07-12 20:50:55.507099167
8280,108755,Fechado,2026-07-12 21:16:23.810568218
1872,108572,Em Atendimento,2026-07-12 21:16:51.571990057
8279,108755,Em Atendimento,2026-07-12 21:49:08.442510353
8642,102311,Pendente,2026-07-13 06:12:01.777663031
4183,102537,Aberto,2026-07-13 09:12:00.000000000
4185,102537,Fechado,2026-07-13 12:28:34.929776377
5608,104773,Aberto,2026-07-13 12:47:00.000000000
4184,102537,Em Atendimento,2026-07-13 12:48:53.517293232
4006,102207,Aberto,2026-07-13 13:37:00.000000000
2741,103543,Aberto,2026-07-13 13:53:00.000000000
4899,109535,Aberto,2026-07-13 14:01:00.000000000
4901,109535,Fechado,2026-07-13 14:38:28.577976736
4900,109535,Em Atendimento,2026-07-13 14:39:35.842840314
2743,103543,Fechado,2026-07-13 14:41:22.836465450
7308,109588,Aberto,2026-07-13 15:32:00.000000000
7866,106311,Aberto,2026-07-13 15:35:00.000000000
2040,106547,Aberto,2026-07-13 15:42:00.000000000
8562,104730,Aberto,2026-07-13 15:51:00.000000000
5609,104773,Em Atendimento,2026-07-13 16:12:44.163212305
4008,102207,Fechado,2026-07-13 16:16:45.124544095
7309,109588,Em Atendimento,2026-07-13 16:20:45.064173972
8414,101566,Aberto,2026-07-13 16:27:00.000000000
2742,103543,Em Atendimento,2026-07-13 16:32:33.224246886
4007,102207,Em Atendimento,2026-07-13 16:39:16.747587292
2041,106547,Em Atendimento,2026-07-13 18:24:42.196247738
8415,101566,Em Atendimento,2026-07-13 18:35:10.213920664
8564,104730,Fechado,2026-07-13 19:58:21.330286161
8563,104730,Em Atendimento,2026-07-13 19:59:10.705276779
7310,109588,Pendente,2026-07-13 20:57:55.599582136
5610,104773,Fechado,2026-07-13 21:23:18.481114530
8416,101566,Pendente,2026-07-14 00:17:02.041202315
2797,108270,Aberto,2026-07-14 09:18:00.000000000
1241,107915,Aberto,2026-07-14 09:28:00.000000000
258,109370,Aberto,2026-07-14 10:45:00.000000000
713,105648,Aberto,2026-07-14 11:05:00.000000000
714,105648,Em Atendimento,2026-07-14 11:42:43.233555711
5575,102527,Aberto,2026-07-14 12:03:00.000000000
1243,107915,Fechado,2026-07-14 12:05:38.679152422
5381,103367,Aberto,2026-07-14 12:23:00.000000000
2798,108270,Em Atendimento,2026-07-14 12:35:15.695970872
8420,103005,Aberto,2026-07-14 13:31:00.000000000
1242,107915,Em Atendimento,2026-07-14 13:34:51.061514609
5577,102527,Fechado,2026-07-14 13:44:21.134478364
8422,103005,Fechado,2026-07-14 13:49:00.000000000
2799,108270,Fechado,2026-07-14 14:18:07.653661099
5576,102527,Em Atendimento,2026-07-14 14:38:35.937615242
8421,103005,Em Atendimento,2026-07-14 14:48:02.477508167
5383,103367,Fechado,2026-07-14 15:11:11.477058220
4126,107788,Aberto,2026-07-14 15:51:00.000000000
552,106852,Aberto,2026-07-14 16:19:00.000000000
3697,101833,Aberto,2026-07-14 16:36:00.000000000
5382,103367,Em Atendimento,2026-07-14 17:05:23.107652126
715,105648,Fechado,2026-07-14 17:06:12.312534140
3698,101833,Em Atendimento,2026-07-14 18:33:01.539430044
4127,107788,Em Atendimento,2026-07-14 19:57:45.823294841
4128,107788,Fechado,2026-07-14 21:06:42.897381033
3699,101833,Fechado,2026-07-15 01:51:10.288847037
6048,105916,Aberto,2026-07-15 10:13:00.000000000
3831,107187,Aberto,2026-07-15 11:09:00.000000000
1572,101626,Aberto,2026-07-15 11:31:00.000000000
2646,101887,Aberto,2026-07-15 12:39:00.000000000
7671,108375,Aberto,2026-07-15 12:49:00.000000000
2647,101887,Em Atendimento,2026-07-15 13:43:19.172370267
1573,101626,Em Atendimento,2026-07-15 14:31:40.617457173
3832,107187,Em Atendimento,2026-07-15 14:33:03.693696634
2648,101887,Fechado,2026-07-15 14:35:15.935799969
3833,107187,Fechado,2026-07-15 14:48:48.427922300
6291,105578,Aberto,2026-07-15 18:12:00.000000000
6292,105578,Em Atendimento,2026-07-15 21:02:02.894650303
6293,105578,Pendente,2026-07-16 01:58:40.477331923
1574,101626,Fechado,2026-07-16 05:30:23.232173395
2042,106547,Fechado,2026-07-16 07:45:08.691555128
1727,101941,Aberto,2026-07-16 09:08:00.000000000
9017,108744,Aberto,2026-07-16 11:20:00.000000000
8984,101214,Aberto,2026-07-16 12:03:00.000000000
1728,101941,Em Atendimento,2026-07-16 12:05:32.742825440
1729,101941,Fechado,2026-07-16 12:43:08.738016248
9018,108744,Em Atendimento,2026-07-16 12:45:05.526628768
8985,101214,Em Atendimento,2026-07-16 14:20:56.160757552
6668,103791,Aberto,2026-07-16 14:55:00.000000000
248,107009,Aberto,2026-07-16 16:00:00.000000000
2934,109524,Aberto,2026-07-16 16:25:00.000000000
249,107009,Em Atendimento,2026-07-16 17:01:21.854446887
8747,108486,Aberto,2026-07-16 18:02:00.000000000
2935,109524,Em Atendimento,2026-07-16 18:08:24.819287386
6669,103791,Em Atendimento,2026-07-16 18:21:43.127635467
2936,109524,Fechado,2026-07-16 18:53:54.681767184
8748,108486,Em Atendimento,2026-07-16 19:23:30.073840149
250,107009,Fechado,2026-07-16 21:27:56.621822763
8953,105736,Aberto,2026-07-17 07:34:00.000000000
7771,102567,Aberto,2026-07-17 08:16:00.000000000
5929,101870,Aberto,2026-07-17 08:28:00.000000000
8508,103790,Aberto,2026-07-17 08:54:00.000000000
8954,105736,Em Atendimento,2026-07-17 09:11:50.304301423
7772,102567,Em Atendimento,2026-07-17 10:02:59.458136545
8509,103790,Em Atendimento,2026-07-17 10:57:31.363087779
5930,101870,Em Atendimento,2026-07-17 11:50:59.256549651
8955,105736,Fechado,2026-07-17 12:02:38.410703047
8510,103790,Fechado,2026-07-17 13:01:26.192494516
7025,104689,Aberto,2026-07-17 13:27:00.000000000
5931,101870,Fechado,2026-07-17 13:39:25.536555639
5480,102600,Aberto,2026-07-17 14:42:00.000000000
7026,104689,Em Atendimento,2026-07-17 15:19:42.639451588
7027,104689,Fechado,2026-07-17 15:37:22.366504549
5481,102600,Em Atendimento,2026-07-17 17:18:17.691503136
7094,103188,Aberto,2026-07-17 18:17:00.000000000
7095,103188,Em Atendimento,2026-07-17 20:46:23.556228711
5482,102600,Fechado,2026-07-18 02:21:09.252705855
7096,103188,Fechado,2026-07-18 07:34:27.751839885
8537,101023,Aberto,2026-07-18 08:15:00.000000000
8538,101023,Em Atendimento,2026-07-18 10:12:03.716481375
8539,101023,Fechado,2026-07-18 14:54:24.376411166
740,106667,Aberto,2026-07-19 11:27:00.000000000
741,106667,Em Atendimento,2026-07-19 12:41:21.937346895
3190,102865,Aberto,2026-07-19 13:33:00.000000000
3192,102865,Fechado,2026-07-19 13:51:59.261025254
742,106667,Fechado,2026-07-19 13:59:43.138880239
3191,102865,Em Atendimento,2026-07-19 16:12:11.100764016
9408,100326,Aberto,2026-07-20 07:18:00.000000000
5537,104624,Aberto,2026-07-20 10:45:00.000000000
6933,108489,Aberto,2026-07-20 11:18:00.000000000
9409,100326,Em Atendimento,2026-07-20 11:50:09.879821234
5538,104624,Em Atendimento,2026-07-20 12:31:39.785718039
6934,108489,Em Atendimento,2026-07-20 12:57:11.563498281
5539,104624,Fechado,2026-07-20 14:22:14.236100468
6935,108489,Fechado,2026-07-20 14:33:44.716852051
9410,100326,Fechado,2026-07-20 16:38:42.484367979
2232,105450,Aberto,2026-07-21 08:48:00.000000000
2251,102206,Aberto,2026-07-21 10:47:00.000000000
7034,102743,Aberto,2026-07-21 11:50:00.000000000
7035,102743,Em Atendimento,2026-07-21 13:16:32.735559612
7036,102743,Fechado,2026-07-21 14:35:29.645417095
2252,102206,Em Atendimento,2026-07-21 15:22:27.474719112
118,104846,Aberto,2026-07-21 16:04:00.000000000
2253,102206,Pendente,2026-07-21 17:02:58.262056042
119,104846,Em Atendimento,2026-07-21 17:38:39.131757455
7921,108329,Aberto,2026-07-22 13:13:00.000000000
6809,105875,Aberto,2026-07-22 13:44:00.000000000
7922,108329,Em Atendimento,2026-07-22 13:55:03.848794569
3352,108258,Aberto,2026-07-22 15:07:00.000000000
604,104067,Aberto,2026-07-22 15:47:00.000000000
6810,105875,Em Atendimento,2026-07-22 16:14:24.398514547
3353,108258,Em Atendimento,2026-07-22 17:05:20.289456905
605,104067,Em Atendimento,2026-07-22 17:56:14.337770074
606,104067,Fechado,2026-07-22 23:54:20.734965048
7923,108329,Fechado,2026-07-23 00:57:41.527779223
8275,102087,Aberto,2026-07-23 07:00:00.000000000
2098,109858,Aberto,2026-07-23 07:30:00.000000000
2099,109858,Em Atendimento,2026-07-23 07:55:46.679113109
4657,100241,Aberto,2026-07-23 08:43:00.000000000
6087,108922,Aberto,2026-07-23 08:51:00.000000000
2100,109858,Fechado,2026-07-23 08:56:05.457499018
3465,103305,Aberto,2026-07-23 09:14:00.000000000
8276,102087,Em Atendimento,2026-07-23 09:28:24.338152824
4658,100241,Em Atendimento,2026-07-23 10:14:33.935891782
8277,102087,Fechado,2026-07-23 10:26:37.629399267
4659,100241,Fechado,2026-07-23 11:32:16.542355515
3466,103305,Em Atendimento,2026-07-23 12:17:12.688020270
6088,108922,Em Atendimento,2026-07-23 12:50:59.484975154
5205,108679,Aberto,2026-07-23 14:40:00.000000000
5206,108679,Em Atendimento,2026-07-23 14:54:30.211750409
5207,108679,Fechado,2026-07-23 15:03:18.305046420
6089,108922,Fechado,2026-07-23 15:20:57.477810026
3467,103305,Fechado,2026-07-23 20:52:16.645159921
6708,106610,Aberto,2026-07-24 07:50:00.000000000
8155,109495,Aberto,2026-07-24 09:01:00.000000000
8156,109495,Em Atendimento,2026-07-24 09:19:39.004105804
6709,106610,Em Atendimento,2026-07-24 11:16:24.862876149
1486,103313,Aberto,2026-07-24 12:19:00.000000000
1487,103313,Em Atendimento,2026-07-24 13:37:40.595875316
2901,100070,Aberto,2026-07-24 13:51:00.000000000
7776,104242,Aberto,2026-07-24 14:13:00.000000000
9438,107706,Aberto,2026-07-24 15:20:00.000000000
9439,107706,Em Atendimento,2026-07-24 15:58:54.854028662
2902,100070,Em Atendimento,2026-07-24 16:24:28.689499793
9440,107706,Fechado,2026-07-24 16:31:37.627028048
1488,103313,Fechado,2026-07-24 17:22:35.759647886
7777,104242,Em Atendimento,2026-07-24 18:57:34.722419706
6710,106610,Fechado,2026-07-24 20:48:26.627160334
2903,100070,Fechado,2026-07-24 20:51:31.044718620
8157,109495,Fechado,2026-07-24 21:58:24.627211556
7778,104242,Pendente,2026-07-24 23:42:19.500931803
6791,103805,Aberto,2026-07-25 12:54:00.000000000
6792,103805,Em Atendimento,2026-07-25 15:20:52.874489953
3640,109494,Aberto,2026-07-25 17:14:00.000000000
3641,109494,Em Atendimento,2026-07-25 19:49:26.851159940
3642,109494,Fechado,2026-07-25 20:45:11.220487449
1617,104306,Aberto,2026-07-26 07:25:00.000000000
9047,102253,Aberto,2026-07-26 07:35:00.000000000
1618,104306,Em Atendimento,2026-07-26 07:57:25.856446673
9049,102253,Fechado,2026-07-26 08:20:52.605568562
9048,102253,Em Atendimento,2026-07-26 09:14:09.782360965
6793,103805,Fechado,2026-07-26 10:31:57.584277177
2049,100108,Aberto,2026-07-26 11:27:00.000000000
9010,109931,Aberto,2026-07-26 13:58:00.000000000
2050,100108,Em Atendimento,2026-07-26 14:38:26.307245444
2051,100108,Fechado,2026-07-26 15:05:07.337120452
1619,104306,Pendente,2026-07-26 15:18:26.625806798
9466,105118,Aberto,2026-07-26 15:29:00.000000000
9012,109931,Fechado,2026-07-26 15:52:17.996064958
9467,105118,Em Atendimento,2026-07-26 16:13:17.322450087
9011,109931,Em Atendimento,2026-07-26 16:32:53.545719597
9468,105118,Fechado,2026-07-26 19:56:29.132943091
6574,107610,Aberto,2026-07-27 07:45:00.000000000
2221,102139,Aberto,2026-07-27 07:50:00.000000000
6575,107610,Em Atendimento,2026-07-27 08:26:47.975853805
2789,107465,Aberto,2026-07-27 08:32:00.000000000
846,102140,Aberto,2026-07-27 08:41:00.000000000
2222,102139,Em Atendimento,2026-07-27 09:16:07.118122997
847,102140,Em Atendimento,2026-07-27 09:25:59.355969143
2790,107465,Em Atendimento,2026-07-27 10:14:40.530820763
459,109518,Aberto,2026-07-27 10:19:00.000000000
1179,105895,Aberto,2026-07-27 11:02:00.000000000
359,100474,Aberto,2026-07-27 11:38:00.000000000
3468,103777,Aberto,2026-07-27 12:07:00.000000000
461,109518,Fechado,2026-07-27 12:43:15.423097726
1180,105895,Em Atendimento,2026-07-27 13:16:33.570384967
685,108374,Aberto,2026-07-27 13:44:00.000000000
9028,108401,Aberto,2026-07-27 13:50:00.000000000
460,109518,Em Atendimento,2026-07-27 14:59:13.678203787
3469,103777,Em Atendimento,2026-07-27 15:17:03.486082564
360,100474,Em Atendimento,2026-07-27 15:30:47.342782631
848,102140,Fechado,2026-07-27 15:48:34.629856464
7578,109764,Aberto,2026-07-27 16:36:00.000000000
686,108374,Em Atendimento,2026-07-27 17:59:23.894227957
7579,109764,Em Atendimento,2026-07-27 18:11:45.311902288
3470,103777,Fechado,2026-07-27 18:13:20.454058141
7580,109764,Fechado,2026-07-27 20:08:41.930765804
1181,105895,Fechado,2026-07-27 22:22:38.380668932
687,108374,Fechado,2026-07-28 05:11:28.034182821
5675,105491,Aberto,2026-07-28 08:20:00.000000000
5444,106589,Aberto,2026-07-28 09:14:00.000000000
9356,107689,Aberto,2026-07-28 09:33:00.000000000
5677,105491,Fechado,2026-07-28 10:22:46.179678548
3806,107246,Aberto,2026-07-28 11:29:00.000000000
9358,107689,Fechado,2026-07-28 12:16:48.109447099
5676,105491,Em Atendimento,2026-07-28 12:23:11.275605678
2223,102139,Fechado,2026-07-28 13:31:14.540795224
9357,107689,Em Atendimento,2026-07-28 13:43:29.169906745
5445,106589,Em Atendimento,2026-07-28 13:52:44.903843644
3807,107246,Em Atendimento,2026-07-28 14:40:05.794920724
6665,102981,Aberto,2026-07-28 15:33:00.000000000
775,109803,Aberto,2026-07-28 15:36:00.000000000
5446,106589,Fechado,2026-07-28 16:14:14.407028697
3160,106001,Aberto,2026-07-28 16:20:00.000000000
6666,102981,Em Atendimento,2026-07-28 18:45:56.068979737
777,109803,Fechado,2026-07-28 18:47:05.292157963
776,109803,Em Atendimento,2026-07-28 18:56:48.394345114
3161,106001,Em Atendimento,2026-07-28 21:10:10.195072614
3808,107246,Pendente,2026-07-28 22:27:49.985307867
6667,102981,Fechado,2026-07-29 00:10:32.031300115
3162,106001,Fechado,2026-07-29 02:05:40.388921935
3038,106068,Aberto,2026-07-29 13:01:00.000000000
3039,106068,Em Atendimento,2026-07-29 13:24:06.759313943
3040,106068,Fechado,2026-07-29 14:14:30.843095664
8108,105217,Aberto,2026-07-29 17:05:00.000000000
8109,105217,Em Atendimento,2026-07-29 21:27:51.633867844
8110,105217,Fechado,2026-07-29 22:56:36.786359037
1576,106646,Aberto,2026-07-30 10:15:00.000000000
3258,100866,Aberto,2026-07-30 10:29:00.000000000
1578,106646,Fechado,2026-07-30 10:37:56.072926149
3259,100866,Em Atendimento,2026-07-30 11:23:24.904147380
8053,102547,Aberto,2026-07-30 12:42:00.000000000
8054,102547,Em Atendimento,2026-07-30 13:50:23.789973366
8055,102547,Fechado,2026-07-30 13:54:41.990701996
1577,106646,Em Atendimento,2026-07-30 14:05:50.750131131
58,108341,Aberto,2026-07-31 07:13:00.000000000
7317,105835,Aberto,2026-07-31 08:13:00.000000000
60,108341,Fechado,2026-07-31 09:33:05.245731063
59,108341,Em Atendimento,2026-07-31 09:56:03.024097674
7318,105835,Em Atendimento,2026-07-31 11:20:51.430141888
4024,106528,Aberto,2026-07-31 14:37:00.000000000
2447,100999,Aberto,2026-07-31 16:26:00.000000000
4025,106528,Em Atendimento,2026-07-31 16:28:10.235610618
7319,105835,Fechado,2026-07-31 17:19:02.308434246
2448,100999,Em Atendimento,2026-07-31 17:58:01.966529709
4026,106528,Pendente,2026-07-31 19:53:15.092291613
2449,100999,Fechado,2026-07-31 20:24:56.287739222
4259,106457,Aberto,2026-08-01 10:28:00.000000000
8791,101338,Aberto,2026-08-01 12:26:00.000000000
4260,106457,Em Atendimento,2026-08-01 13:01:37.305523023
8793,101338,Fechado,2026-08-01 13:11:50.292874497
9233,104156,Aberto,2026-08-01 13:39:00.000000000
4261,106457,Fechado,2026-08-01 13:52:24.131319472
9234,104156,Em Atendimento,2026-08-01 14:05:05.590545755
8792,101338,Em Atendimento,2026-08-01 14:09:45.025327697
4571,108900,Aberto,2026-08-01 15:09:00.000000000
4295,108942,Aberto,2026-08-01 18:43:00.000000000
4572,108900,Em Atendimento,2026-08-01 19:27:04.561142649
4296,108942,Em Atendimento,2026-08-01 19:33:39.180627383
9235,104156,Fechado,2026-08-01 21:12:15.421683401
4297,108942,Pendente,2026-08-02 06:08:49.909496527
1652,106626,Aberto,2026-08-02 09:08:00.000000000
1653,106626,Em Atendimento,2026-08-02 10:03:14.521932804
7681,107284,Aberto,2026-08-02 10:46:00.000000000
5897,106186,Aberto,2026-08-02 12:45:00.000000000
7683,107284,Fechado,2026-08-02 12:47:07.949833363
9329,105461,Aberto,2026-08-02 13:50:00.000000000
5899,106186,Fechado,2026-08-02 13:54:57.035566688
9330,105461,Em Atendimento,2026-08-02 14:26:19.494142428
7682,107284,Em Atendimento,2026-08-02 14:33:16.593962995
5898,106186,Em Atendimento,2026-08-02 15:13:49.550763961
3435,109997,Aberto,2026-08-02 16:50:00.000000000
3436,109997,Em Atendimento,2026-08-02 17:24:58.256836397
3437,109997,Fechado,2026-08-02 20:28:37.429092250
1654,106626,Fechado,2026-08-03 02:25:38.404456458
5813,100014,Aberto,2026-08-03 08:20:00.000000000
5519,106492,Aberto,2026-08-03 08:38:00.000000000
5814,100014,Em Atendimento,2026-08-03 09:18:20.397212690
9536,101054,Aberto,2026-08-03 09:39:00.000000000
9537,101054,Em Atendimento,2026-08-03 10:09:11.522644044
8846,101580,Aberto,2026-08-03 11:25:00.000000000
5815,100014,Fechado,2026-08-03 11:49:02.086360666
5521,106492,Fechado,2026-08-03 11:52:38.704459488
4070,108102,Aberto,2026-08-03 12:04:00.000000000
5520,106492,Em Atendimento,2026-08-03 13:05:20.425577757
6864,106637,Aberto,2026-08-03 13:54:00.000000000
8847,101580,Em Atendimento,2026-08-03 14:28:28.832946335
4071,108102,Em Atendimento,2026-08-03 15:34:05.329681570
4072,108102,Fechado,2026-08-03 16:13:37.498404999
6865,106637,Em Atendimento,2026-08-03 16:56:15.966642946
5250,101614,Aberto,2026-08-03 17:06:00.000000000
8180,104092,Aberto,2026-08-03 17:17:00.000000000
8848,101580,Fechado,2026-08-03 19:44:19.801825806
5251,101614,Em Atendimento,2026-08-03 21:16:28.152006020
8181,104092,Em Atendimento,2026-08-03 21:31:50.610933123
8182,104092,Fechado,2026-08-03 22:09:03.474057230
9538,101054,Fechado,2026-08-03 22:43:22.082709000
6866,106637,Fechado,2026-08-03 23:41:29.533769786
4354,102073,Aberto,2026-08-04 11:30:00.000000000
1887,101589,Aberto,2026-08-04 11:56:00.000000000
5003,102124,Aberto,2026-08-04 12:05:00.000000000
4355,102073,Em Atendimento,2026-08-04 12:51:29.473833022
9472,106651,Aberto,2026-08-04 14:06:00.000000000
1888,101589,Em Atendimento,2026-08-04 14:44:48.347307309
5005,102124,Fechado,2026-08-04 15:17:52.856366612
8691,101844,Aberto,2026-08-04 15:25:00.000000000
4356,102073,Fechado,2026-08-04 15:56:19.656433046
9473,106651,Em Atendimento,2026-08-04 15:57:00.399476233
5004,102124,Em Atendimento,2026-08-04 16:29:12.370340903
7542,103135,Aberto,2026-08-04 16:58:00.000000000
7496,108586,Aberto,2026-08-04 17:18:00.000000000
7543,103135,Em Atendimento,2026-08-04 17:20:33.324561359
9474,106651,Fechado,2026-08-04 18:06:34.647709665
8692,101844,Em Atendimento,2026-08-04 18:41:20.750493069
7497,108586,Em Atendimento,2026-08-04 19:19:11.987661334
7544,103135,Fechado,2026-08-04 19:54:43.609287469
8693,101844,Fechado,2026-08-04 21:37:52.597195779
7498,108586,Fechado,2026-08-05 06:10:29.876239362
9124,102101,Aberto,2026-08-05 13:14:00.000000000
4438,105133,Aberto,2026-08-05 13:19:00.000000000
4616,107729,Aberto,2026-08-05 16:17:00.000000000
8843,103208,Aberto,2026-08-05 16:51:00.000000000
4439,105133,Em Atendimento,2026-08-05 17:23:13.283007909
4617,107729,Em Atendimento,2026-08-05 17:44:43.422955607
9125,102101,Em Atendimento,2026-08-05 17:47:10.748404752
1778,109374,Aberto,2026-08-05 17:48:00.000000000
8844,103208,Em Atendimento,2026-08-05 18:29:30.376275171
1780,109374,Fechado,2026-08-05 18:58:35.399123716
8845,103208,Fechado,2026-08-05 21:10:44.924002399
1779,109374,Em Atendimento,2026-08-05 22:22:10.504643234
4440,105133,Pendente,2026-08-06 00:31:47.795172379
7342,108013,Aberto,2026-08-06 07:34:00.000000000
4618,107729,Fechado,2026-08-06 07:55:38.702189378
7344,108013,Fechado,2026-08-06 10:10:25.092593222
7343,108013,Em Atendimento,2026-08-06 10:48:15.731303187
4717,108672,Aberto,2026-08-06 11:09:00.000000000
4718,108672,Em Atendimento,2026-08-06 11:42:47.450351435
5047,105465,Aberto,2026-08-06 11:44:00.000000000
7537,103666,Aberto,2026-08-06 12:57:00.000000000
7538,103666,Em Atendimento,2026-08-06 14:41:36.603560917
4719,108672,Fechado,2026-08-06 15:01:04.956505230
1955,109461,Aberto,2026-08-06 15:56:00.000000000
1956,109461,Em Atendimento,2026-08-06 19:16:20.292140370
1957,109461,Fechado,2026-08-06 20:41:09.844756074
5998,108177,Aberto,2026-08-07 07:07:00.000000000
5999,108177,Em Atendimento,2026-08-07 07:52:31.847954237
5171,109309,Aberto,2026-08-07 09:07:00.000000000
5173,109309,Fechado,2026-08-07 09:26:29.993788196
9101,106116,Aberto,2026-08-07 11:11:00.000000000
6000,108177,Fechado,2026-08-07 11:27:20.830497324
5172,109309,Em Atendimento,2026-08-07 11:53:49.114618792
6186,101575,Aberto,2026-08-07 12:05:00.000000000
9103,106116,Fechado,2026-08-07 14:17:42.266240866
6187,101575,Em Atendimento,2026-08-07 14:49:19.180125291
7826,106279,Aberto,2026-08-07 15:15:00.000000000
9102,106116,Em Atendimento,2026-08-07 15:34:52.779066171
2986,102402,Aberto,2026-08-07 15:58:00.000000000
7828,106279,Fechado,2026-08-07 15:58:00.060599323
7001,109590,Aberto,2026-08-07 16:33:00.000000000
7827,106279,Em Atendimento,2026-08-07 19:05:44.242679996
2988,102402,Fechado,2026-08-07 19:07:25.727183823
2987,102402,Em Atendimento,2026-08-07 20:10:29.312363411
7003,109590,Fechado,2026-08-07 20:47:31.935892254
7002,109590,Em Atendimento,2026-08-07 20:51:45.639450748
6188,101575,Fechado,2026-08-08 05:31:45.612978799
2643,107855,Aberto,2026-08-08 11:25:00.000000000
2644,107855,Em Atendimento,2026-08-08 13:06:55.076812937
2645,107855,Fechado,2026-08-08 14:15:41.498906510
9342,101008,Aberto,2026-08-08 14:16:00.000000000
7602,101474,Aberto,2026-08-08 16:21:00.000000000
9343,101008,Em Atendimento,2026-08-08 16:59:19.223834697
7603,101474,Em Atendimento,2026-08-08 19:17:40.161445310
7604,101474,Fechado,2026-08-08 22:10:03.947156983
9344,101008,Fechado,2026-08-09 04:19:32.271100394
7966,105749,Aberto,2026-08-09 11:54:00.000000000
4635,105411,Aberto,2026-08-09 12:08:00.000000000
7067,105880,Aberto,2026-08-09 12:46:00.000000000
7967,105749,Em Atendimento,2026-08-09 13:09:48.527009946
4636,105411,Em Atendimento,2026-08-09 13:46:01.926385301
8969,101551,Aberto,2026-08-09 13:48:00.000000000
4637,105411,Fechado,2026-08-09 15:43:18.834994273
7068,105880,Em Atendimento,2026-08-09 16:09:42.564305010
8595,106159,Aberto,2026-08-09 16:49:00.000000000
8596,106159,Em Atendimento,2026-08-09 17:04:34.774139806
8970,101551,Em Atendimento,2026-08-09 17:22:36.077376167
8597,106159,Fechado,2026-08-09 17:33:28.921980530
6171,102197,Aberto,2026-08-09 18:49:00.000000000
8971,101551,Fechado,2026-08-09 20:27:42.001028553
6172,102197,Em Atendimento,2026-08-09 22:50:48.049171126
7069,105880,Fechado,2026-08-10 06:33:11.199222290
8254,105136,Aberto,2026-08-10 09:41:00.000000000
1164,101996,Aberto,2026-08-10 11:02:00.000000000
444,108875,Aberto,2026-08-10 11:19:00.000000000
445,108875,Em Atendimento,2026-08-10 11:51:46.888534688
1165,101996,Em Atendimento,2026-08-10 12:18:14.980362213
446,108875,Fechado,2026-08-10 12:19:24.755167396
1166,101996,Fechado,2026-08-10 13:31:00.720364894
3369,107980,Aberto,2026-08-10 15:01:00.000000000
3370,107980,Em Atendimento,2026-08-10 15:37:50.492175614
5781,102648,Aberto,2026-08-10 17:27:00.000000000
5782,102648,Em Atendimento,2026-08-10 18:07:33.510417141
3371,107980,Fechado,2026-08-11 03:42:05.822714479
154,102261,Aberto,2026-08-11 11:32:00.000000000
155,102261,Em Atendimento,2026-08-11 12:32:07.847947890
3602,104118,Aberto,2026-08-11 12:40:00.000000000
156,102261,Fechado,2026-08-11 13:29:43.780077990
8652,100855,Aberto,2026-08-11 13:55:00.000000000
6601,100601,Aberto,2026-08-11 15:19:00.000000000
8653,100855,Em Atendimento,2026-08-11 16:44:15.881156276
3603,104118,Em Atendimento,2026-08-11 16:50:16.820792897
6602,100601,Em Atendimento,2026-08-11 17:36:12.105837650
3604,104118,Fechado,2026-08-11 20:44:01.654517956
8654,100855,Fechado,2026-08-11 21:52:00.210205854
5835,106221,Aberto,2026-08-12 11:32:00.000000000
7735,103433,Aberto,2026-08-12 12:41:00.000000000
5836,106221,Em Atendimento,2026-08-12 12:41:29.319502080
7736,103433,Em Atendimento,2026-08-12 13:45:08.229253750
3872,109164,Aberto,2026-08-12 14:15:00.000000000
7737,103433,Fechado,2026-08-12 14:15:28.472798823
3374,101543,Aberto,2026-08-12 14:37:00.000000000
3874,109164,Fechado,2026-08-12 15:21:52.507716174
3375,101543,Em Atendimento,2026-08-12 15:50:56.643389069
3873,109164,Em Atendimento,2026-08-12 16:20:15.692336512
4312,101120,Aberto,2026-08-12 18:29:00.000000000
5837,106221,Fechado,2026-08-12 20:06:33.734963913
4314,101120,Fechado,2026-08-12 20:30:30.327705051
4313,101120,Em Atendimento,2026-08-12 23:00:37.589558317
1356,109205,Aberto,2026-08-13 13:23:00.000000000
5361,105611,Aberto,2026-08-13 15:37:00.000000000
4318,102985,Aberto,2026-08-13 15:52:00.000000000
700,105868,Aberto,2026-08-13 16:10:00.000000000
1357,109205,Em Atendimento,2026-08-13 16:25:20.095190923
8724,107127,Aberto,2026-08-13 17:18:00.000000000
701,105868,Em Atendimento,2026-08-13 17:43:09.562434989
6989,108843,Aberto,2026-08-13 17:49:00.000000000
6990,108843,Em Atendimento,2026-08-13 18:23:45.769770305
5363,105611,Fechado,2026-08-13 18:37:22.953513920
6991,108843,Fechado,2026-08-13 18:47:03.231204744
1358,109205,Fechado,2026-08-13 18:47:50.362503933
5362,105611,Em Atendimento,2026-08-13 19:26:57.130758998
4319,102985,Em Atendimento,2026-08-13 20:39:28.392082175
8725,107127,Em Atendimento,2026-08-13 21:37:32.402907837
702,105868,Fechado,2026-08-14 05:28:09.459340761
2594,103294,Aberto,2026-08-14 10:19:00.000000000
4064,105248,Aberto,2026-08-14 12:38:00.000000000
8103,108202,Aberto,2026-08-14 13:11:00.000000000
6900,108513,Aberto,2026-08-14 13:51:00.000000000
4065,105248,Em Atendimento,2026-08-14 14:23:46.655338310
2595,103294,Em Atendimento,2026-08-14 14:40:38.482958668
6901,108513,Em Atendimento,2026-08-14 15:24:42.581278525
3565,104401,Aberto,2026-08-14 15:49:00.000000000
4066,105248,Pendente,2026-08-14 16:31:26.506248059
6902,108513,Fechado,2026-08-14 16:32:26.241431470
3566,104401,Em Atendimento,2026-08-14 18:07:40.086869236
8625,104978,Aberto,2026-08-15 08:57:00.000000000
3567,104401,Fechado,2026-08-15 10:02:36.391304366
7637,103245,Aberto,2026-08-15 12:33:00.000000000
8626,104978,Em Atendimento,2026-08-15 13:37:54.259588713
8627,104978,Fechado,2026-08-15 14:39:49.306049460
2983,109031,Aberto,2026-08-15 14:47:00.000000000
772,109608,Aberto,2026-08-15 14:59:00.000000000
7638,103245,Em Atendimento,2026-08-15 15:08:18.369867574
2984,109031,Em Atendimento,2026-08-15 18:08:29.053477062
773,109608,Em Atendimento,2026-08-15 18:34:15.671592844
2985,109031,Fechado,2026-08-15 18:34:27.685648964
1215,101256,Aberto,2026-08-15 18:40:00.000000000
1216,101256,Em Atendimento,2026-08-15 20:16:00.522892475
774,109608,Pendente,2026-08-16 01:48:56.026865475
7639,103245,Fechado,2026-08-16 04:42:33.272044891
8515,101078,Aberto,2026-08-16 09:58:00.000000000
8517,101078,Fechado,2026-08-16 13:51:11.150101780
8516,101078,Em Atendimento,2026-08-16 14:15:26.569451576
8706,103693,Aberto,2026-08-16 15:01:00.000000000
8708,103693,Fechado,2026-08-16 16:12:24.855500680
8707,103693,Em Atendimento,2026-08-16 18:08:30.569073442
2744,102467,Aberto,2026-08-17 07:14:00.000000000
7758,106129,Aberto,2026-08-17 07:28:00.000000000
7759,106129,Em Atendimento,2026-08-17 07:43:10.912654491
2745,102467,Em Atendimento,2026-08-17 07:56:50.483772590
7760,106129,Fechado,2026-08-17 08:44:45.941572884
8679,109542,Aberto,2026-08-17 09:09:00.000000000
8680,109542,Em Atendimento,2026-08-17 09:57:58.428172630
8681,109542,Fechado,2026-08-17 11:51:02.854018814
180,107595,Aberto,2026-08-17 14:56:00.000000000
9001,100350,Aberto,2026-08-17 16:09:00.000000000
2746,102467,Fechado,2026-08-17 17:19:44.231827257
181,107595,Em Atendimento,2026-08-17 17:55:32.360981762
9002,100350,Em Atendimento,2026-08-17 18:39:12.857406185
9003,100350,Fechado,2026-08-17 20:25:33.827461197
182,107595,Fechado,2026-08-18 04:25:04.340594590
1635,103261,Aberto,2026-08-18 12:46:00.000000000
5054,109251,Aberto,2026-08-18 12:57:00.000000000
3738,107111,Aberto,2026-08-18 13:16:00.000000000
1636,103261,Em Atendimento,2026-08-18 14:16:48.712311638
4974,105884,Aberto,2026-08-18 14:19:00.000000000
5056,109251,Fechado,2026-08-18 14:37:22.807565788
5055,109251,Em Atendimento,2026-08-18 15:37:06.592475051
1637,103261,Fechado,2026-08-18 16:25:47.081537953
3136,105164,Aberto,2026-08-18 16:44:00.000000000
4975,105884,Em Atendimento,2026-08-18 18:05:41.554278595
3739,107111,Em Atendimento,2026-08-18 18:15:35.566334468
4976,105884,Fechado,2026-08-18 18:38:49.192691782
5528,100586,Aberto,2026-08-19 09:07:00.000000000
8580,100216,Aberto,2026-08-19 10:46:00.000000000
8582,100216,Fechado,2026-08-19 11:57:22.918002050
8581,100216,Em Atendimento,2026-08-19 11:58:24.043064526
5529,100586,Em Atendimento,2026-08-19 12:36:05.843951040
572,105623,Aberto,2026-08-19 13:50:00.000000000
5530,100586,Fechado,2026-08-19 15:11:35.617686258
2772,107179,Aberto,2026-08-19 15:47:00.000000000
3709,103479,Aberto,2026-08-19 15:57:00.000000000
3394,102089,Aberto,2026-08-19 16:17:00.000000000
573,105623,Em Atendimento,2026-08-19 16:37:55.846051593
2774,107179,Fechado,2026-08-19 17:53:21.552394060
2697,106353,Aberto,2026-08-19 18:26:00.000000000
3710,103479,Em Atendimento,2026-08-19 19:06:46.591865793
3395,102089,Em Atendimento,2026-08-19 20:06:18.115984523
2773,107179,Em Atendimento,2026-08-19 20:09:35.131721572
2699,106353,Fechado,2026-08-19 20:16:20.312090332
3396,102089,Fechado,2026-08-19 20:43:57.941729523
2698,106353,Em Atendimento,2026-08-19 21:11:37.830648100
574,105623,Fechado,2026-08-20 07:55:04.001943548
5583,107713,Aberto,2026-08-20 07:57:00.000000000
6318,107741,Aberto,2026-08-20 10:29:00.000000000
6319,107741,Em Atendimento,2026-08-20 11:38:17.458313066
6320,107741,Fechado,2026-08-20 14:27:42.455131406
6858,103527,Aberto,2026-08-20 18:59:00.000000000
6859,103527,Em Atendimento,2026-08-20 19:20:04.944464985
6860,103527,Fechado,2026-08-20 23:06:53.256576370
2551,103759,Aberto,2026-08-21 11:11:00.000000000
2552,103759,Em Atendimento,2026-08-21 12:27:28.906403689
2140,102348,Aberto,2026-08-21 14:56:00.000000000
2142,102348,Fechado,2026-08-21 16:37:21.442721776
2141,102348,Em Atendimento,2026-08-21 16:40:30.389239140
5551,106985,Aberto,2026-08-22 10:26:00.000000000
5552,106985,Em Atendimento,2026-08-22 11:10:27.012434546
9285,104342,Aberto,2026-08-22 11:53:00.000000000
1570,109913,Aberto,2026-08-22 13:25:00.000000000
4842,103520,Aberto,2026-08-22 13:32:00.000000000
5553,106985,Fechado,2026-08-22 14:00:01.666678890
4589,101353,Aberto,2026-08-22 14:44:00.000000000
1571,109913,Em Atendimento,2026-08-22 14:55:11.460715932
1970,108584,Aberto,2026-08-22 15:20:00.000000000
4843,103520,Em Atendimento,2026-08-22 15:43:12.369194426
9286,104342,Em Atendimento,2026-08-22 16:11:09.751693084
4732,106449,Aberto,2026-08-22 16:46:00.000000000
1971,108584,Em Atendimento,2026-08-22 16:57:39.646275298
1972,108584,Fechado,2026-08-22 17:13:08.268202215
4590,101353,Em Atendimento,2026-08-22 18:32:37.534365008
4591,101353,Fechado,2026-08-22 19:54:53.488568424
4734,106449,Fechado,2026-08-22 20:28:36.750026257
4733,106449,Em Atendimento,2026-08-22 20:54:49.025874978
9336,107597,Aberto,2026-08-23 09:32:00.000000000
9337,107597,Em Atendimento,2026-08-23 11:51:59.451990244
4844,103520,Fechado,2026-08-23 20:53:54.460145059
9338,107597,Fechado,2026-08-24 00:45:06.357912337
5984,104694,Aberto,2026-08-24 08:32:00.000000000
5986,104694,Fechado,2026-08-24 09:27:13.447360686
2134,109548,Aberto,2026-08-24 09:33:00.000000000
2136,109548,Fechado,2026-08-24 09:51:00.000000000
5985,104694,Em Atendimento,2026-08-24 10:50:15.812838693
1613,106734,Aberto,2026-08-24 11:27:00.000000000
3216,100130,Aberto,2026-08-24 12:09:00.000000000
2135,109548,Em Atendimento,2026-08-24 13:14:17.946409608
1614,106734,Em Atendimento,2026-08-24 13:42:47.069578636
3218,100130,Fechado,2026-08-24 14:02:59.729002461
3217,100130,Em Atendimento,2026-08-24 14:31:55.103775185
1535,107494,Aberto,2026-08-24 18:14:00.000000000
6119,100618,Aberto,2026-08-24 18:16:00.000000000
1615,106734,Fechado,2026-08-24 19:39:48.720959042
1537,107494,Fechado,2026-08-24 22:16:00.422022868
6120,100618,Em Atendimento,2026-08-24 22:36:17.363642733
1536,107494,Em Atendimento,2026-08-24 22:56:09.099372534
1775,101986,Aberto,2026-08-25 07:33:00.000000000
4150,102926,Aberto,2026-08-25 08:11:00.000000000
7535,106550,Aberto,2026-08-25 08:22:00.000000000
6633,101074,Aberto,2026-08-25 09:59:00.000000000
4151,102926,Em Atendimento,2026-08-25 10:07:39.319304491
6634,101074,Em Atendimento,2026-08-25 10:26:12.895714556
1777,101986,Fechado,2026-08-25 10:29:12.226539163
7536,106550,Em Atendimento,2026-08-25 10:57:37.286131875
1776,101986,Em Atendimento,2026-08-25 11:12:44.425960251
6635,101074,Fechado,2026-08-25 11:56:50.180196312
6882,104200,Aberto,2026-08-25 12:22:00.000000000
6884,104200,Fechado,2026-08-25 12:57:54.221553297
6883,104200,Em Atendimento,2026-08-25 13:02:37.640395561
9232,102061,Aberto,2026-08-25 13:41:00.000000000
4152,102926,Fechado,2026-08-25 13:59:58.884753049
6717,108886,Aberto,2026-08-25 16:28:00.000000000
3056,101468,Aberto,2026-08-25 17:35:00.000000000
1538,109673,Aberto,2026-08-25 18:29:00.000000000
6718,108886,Em Atendimento,2026-08-25 18:41:39.145812111
6719,108886,Fechado,2026-08-25 18:46:46.775746231
1540,109673,Fechado,2026-08-25 20:49:33.662762667
3057,101468,Em Atendimento,2026-08-25 21:01:49.515227861
3058,101468,Fechado,2026-08-25 21:31:44.507827827
1539,109673,Em Atendimento,2026-08-25 22:55:42.928773238
6121,100618,Fechado,2026-08-26 04:29:26.579239734
49,103436,Aberto,2026-08-26 07:14:00.000000000
50,103436,Em Atendimento,2026-08-26 10:19:31.326768841
51,103436,Fechado,2026-08-26 10:48:36.685457385
6212,107293,Aberto,2026-08-26 13:30:00.000000000
6966,106435,Aberto,2026-08-26 15:00:00.000000000
6213,107293,Em Atendimento,2026-08-26 16:59:09.078876178
6967,106435,Em Atendimento,2026-08-26 17:16:03.734329182
8732,106342,Aberto,2026-08-26 18:38:00.000000000
8733,106342,Em Atendimento,2026-08-26 20:50:12.051821012
6968,106435,Fechado,2026-08-27 00:23:04.914719304
6214,107293,Fechado,2026-08-27 00:38:52.491595477
1136,100118,Aberto,2026-08-27 09:15:00.000000000
8755,102610,Aberto,2026-08-27 09:45:00.000000000
9485,108212,Aberto,2026-08-27 10:10:00.000000000
8756,102610,Em Atendimento,2026-08-27 10:46:27.887310195
4037,100691,Aberto,2026-08-27 11:13:00.000000000
9296,109822,Aberto,2026-08-27 11:22:00.000000000
8757,102610,Fechado,2026-08-27 11:27:41.716766858
1137,100118,Em Atendimento,2026-08-27 12:00:12.520471397
9297,109822,Em Atendimento,2026-08-27 13:11:04.153445614
1138,100118,Fechado,2026-08-27 13:31:44.041492765
4038,100691,Em Atendimento,2026-08-27 14:00:21.384804290
4893,106762,Aberto,2026-08-27 15:28:00.000000000
4894,106762,Em Atendimento,2026-08-27 15:43:44.539363987
9298,109822,Fechado,2026-08-27 16:09:24.738453942
1454,106944,Aberto,2026-08-27 16:49:00.000000000
64,105023,Aberto,2026-08-27 17:00:00.000000000
5585,107589,Aberto,2026-08-27 18:14:00.000000000
8343,105993,Aberto,2026-08-27 18:40:00.000000000
5586,107589,Em Atendimento,2026-08-27 19:18:21.612571332
4895,106762,Fechado,2026-08-27 20:14:33.444808957
1455,106944,Em Atendimento,2026-08-27 20:25:26.518309853
65,105023,Em Atendimento,2026-08-27 21:19:21.786130153
66,105023,Fechado,2026-08-27 21:59:08.794909845
8344,105993,Em Atendimento,2026-08-27 22:48:36.345721991
8767,101385,Aberto,2026-08-28 07:45:00.000000000
40,109463,Aberto,2026-08-28 09:19:00.000000000
4583,109743,Aberto,2026-08-28 10:24:00.000000000
4584,109743,Em Atendimento,2026-08-28 10:45:07.436602436
8583,107073,Aberto,2026-08-28 11:21:00.000000000
8768,101385,Em Atendimento,2026-08-28 11:44:21.352100969
42,109463,Fechado,2026-08-28 11:53:34.617739443
8584,107073,Em Atendimento,2026-08-28 12:10:30.029117009
4585,109743,Fechado,2026-08-28 12:22:41.719778508
41,109463,Em Atendimento,2026-08-28 12:42:35.908330426
8585,107073,Fechado,2026-08-28 13:16:00.111683643
8769,101385,Fechado,2026-08-28 14:07:12.926770276
4766,105092,Aberto,2026-08-28 16:04:00.000000000
7458,107484,Aberto,2026-08-28 16:49:00.000000000
4189,103067,Aberto,2026-08-28 17:04:00.000000000
4767,105092,Em Atendimento,2026-08-28 17:28:13.619484516
1456,106944,Fechado,2026-08-28 18:01:56.030863168
7459,107484,Em Atendimento,2026-08-28 18:59:07.999399272
4190,103067,Em Atendimento,2026-08-28 21:35:34.203992864
7460,107484,Fechado,2026-08-28 22:03:41.306835134
4191,103067,Fechado,2026-08-29 06:36:03.765957889
3338,100592,Aberto,2026-08-29 07:27:00.000000000
8486,106414,Aberto,2026-08-29 12:02:00.000000000
5048,108051,Aberto,2026-08-29 14:01:00.000000000
8487,106414,Em Atendimento,2026-08-29 14:45:51.154813222
7764,106856,Aberto,2026-08-29 16:15:00.000000000
5050,108051,Fechado,2026-08-29 16:38:54.317543955
2316,100556,Aberto,2026-08-29 17:10:00.000000000
2703,106825,Aberto,2026-08-29 18:02:00.000000000
7766,106856,Fechado,2026-08-29 18:31:37.745703278
7765,106856,Em Atendimento,2026-08-29 18:34:09.178514407
1387,103070,Aberto,2026-08-29 18:39:00.000000000
5049,108051,Em Atendimento,2026-08-29 18:55:12.041516970
2704,106825,Em Atendimento,2026-08-29 18:57:11.923176025
1389,103070,Fechado,2026-08-29 19:53:06.178819632
2317,100556,Em Atendimento,2026-08-29 20:16:04.924945974
2318,100556,Pendente,2026-08-29 20:51:34.927255831
1388,103070,Em Atendimento,2026-08-29 22:44:36.447753707
8488,106414,Fechado,2026-08-29 23:32:34.548496045
2705,106825,Pendente,2026-08-30 02:34:54.037567101
1526,104462,Aberto,2026-08-30 09:41:00.000000000
2850,100184,Aberto,2026-08-30 10:56:00.000000000
1988,101241,Aberto,2026-08-30 10:59:00.000000000
5006,104617,Aberto,2026-08-30 11:21:00.000000000
1527,104462,Em Atendimento,2026-08-30 11:55:27.085963303
5008,104617,Fechado,2026-08-30 14:01:45.291861501
5007,104617,Em Atendimento,2026-08-30 14:06:53.594485585
1528,104462,Fechado,2026-08-30 16:43:47.154614276
2700,104026,Aberto,2026-08-31 08:31:00.000000000
2701,104026,Em Atendimento,2026-08-31 13:19:00.992560119
2263,103725,Aberto,2026-08-31 13:24:00.000000000
2702,104026,Fechado,2026-08-31 13:37:55.814665064
8281,102929,Aberto,2026-08-31 15:16:00.000000000
2265,103725,Fechado,2026-08-31 15:53:23.076980836
4829,100985,Aberto,2026-08-31 16:50:00.000000000
8282,102929,Em Atendimento,2026-08-31 17:33:13.013172308
4830,100985,Em Atendimento,2026-08-31 17:40:15.769353162
2264,103725,Em Atendimento,2026-08-31 18:21:44.746462009
8283,102929,Fechado,2026-09-01 01:20:13.155049361
4831,100985,Fechado,2026-09-01 01:55:36.011290880
